transaction_id,card_number,card_type,expiration_date,cvv,card_holder_name,billing_address,billing_city,billing_state,billing_postal_code,billing_country,transaction_amount,transaction_date,merchant_name,merchant_category,transaction_description,transaction_type,currency_code,exchange_rate,conversion_amount,conversion_date,transaction_status,authorization_code,payment_gateway,transaction_reference_number,customer_name,customer_email,customer_phone,customer_address,customer_city,customer_state,customer_postal_code
1,3539570348699873,Visa,10/20/2027,155,Hakim Basler,95740 Village Place,San Antonio de los Cobres,,4411,Argentina,5518.55,8/29/2022,Trupe,Travel,ligula sit amet eleifend pede libero quis orci nullam molestie nibh in lectus pellentesque at,Cash Advance,ARS,1.7687,5472.69,6/16/2024,Approved,etiam pretium iaculis justo in hac habitasse platea dictumst etiam faucibus cursus urna ut tellus nulla ut erat id mauris,Reallinks,suspendisse accumsan tortor quis turpis sed ante vivamus tortor duis mattis egestas metus aenean fermentum donec,Brose McAdam,bmcadam0@apple.com,126-529-6142,24472 Dennis Crossing,Säffle,S,661 42
2,3544590951119905,American Express,12/17/2022,258,Orion Orlton,882 Rowland Way,Natarleba,,,Indonesia,6201.87,9/14/2023,Myworks,Dining,rutrum nulla nunc purus phasellus in felis donec semper sapien a libero nam dui,Refund,IDR,1.8194,9106.69,8/26/2025,Pending,in libero ut massa volutpat convallis morbi odio odio elementum eu interdum eu tincidunt,Thoughtbeat,mattis odio donec vitae nisi nam ultrices libero non mattis,Wendie Tossell,wtossell1@imageshack.us,737-374-5445,9247 Sutherland Plaza,Hengelo,15,7554
3,5602218758212794795,Mastercard,8/28/2025,745,Lauryn Oakenford,12 Artisan Hill,Fonteleite,13,4745-530,Portugal,1389.79,1/13/2022,Browsezoom,Entertainment,posuere cubilia curae nulla dapibus dolor vel est donec odio justo sollicitudin ut suscipit a,Refund,EUR,1.5303,9392.63,10/6/2027,Approved,orci nullam molestie nibh in lectus pellentesque at nulla suspendisse potenti cras in purus eu magna vulputate luctus cum sociis,Meemm,sit amet erat nulla tempus vivamus in felis eu sapien cursus,Florie Latey,flatey2@guardian.co.uk,239-383-8718,2075 Prairie Rose Drive,Gaurnadi,,8242
4,4175006898558265,Mastercard,5/2/2028,779,Brier Oswal,4715 Scoville Center,Mandeman Daya,,,Indonesia,4585.84,8/25/2026,Voomm,Travel,ut odio cras mi pede malesuada in imperdiet et commodo vulputate justo in blandit ultrices enim,Purchase,IDR,1.9334,4952.2,2/1/2023,Declined,nullam molestie nibh in lectus pellentesque at nulla suspendisse potenti cras in purus eu magna vulputate luctus,Youspan,in congue etiam justo etiam pretium iaculis justo in hac habitasse platea,Augy Bidewel,abidewel3@utexas.edu,387-503-0151,42 Valley Edge Junction,Waterloo,ON,N2L
5,3568330225380475,American Express,2/12/2024,866,Almeta McFade,4304 Crowley Trail,Stubno,,37-723,Poland,757.85,2/18/2022,Quinu,Travel,auctor sed tristique in tempus sit amet sem fusce consequat nulla nisl nunc,Cash Advance,PLN,0.6907,2357.06,6/16/2030,Approved,nibh in lectus pellentesque at nulla suspendisse potenti cras in purus eu magna vulputate luctus cum sociis natoque penatibus,Kare,a odio in hac habitasse platea dictumst maecenas ut massa quis augue luctus tincidunt nulla,Zea Brinkler,zbrinkler4@patch.com,840-858-9615,7550 Eggendart Drive,Boavista,18,4690-696
6,561078435039799941,Visa,8/23/2029,505,Misti Swiffen,8747 Raven Place,Sukasari,,,Indonesia,1945.54,6/30/2024,Blogtags,Travel,pede ac diam cras pellentesque volutpat dui maecenas tristique est et tempus semper est quam pharetra magna ac consequat,Purchase,IDR,0.9141,2380.31,12/18/2027,Pending,tortor sollicitudin mi sit amet lobortis sapien sapien non mi integer ac neque duis bibendum morbi non,Topiczoom,faucibus accumsan odio curabitur convallis duis consequat dui nec nisi volutpat eleifend donec ut,Nady Coupe,ncoupe5@oakley.com,329-759-1694,09459 Schmedeman Alley,Pregrada,,49218
7,3536034598372825,American Express,5/21/2026,118,Moritz Miquelet,54212 Clemons Center,Casa Nova,11,2655-425,Portugal,8148.34,5/24/2025,Dynabox,Dining,ultricies eu nibh quisque id justo sit amet sapien dignissim vestibulum,Purchase,EUR,1.7512,844.44,1/16/2029,Approved,mattis pulvinar nulla pede ullamcorper augue a suscipit nulla elit ac nulla sed vel enim sit amet nunc viverra,Trilith,aliquet pulvinar sed nisl nunc rhoncus dui vel sem sed,Ethan Hauger,ehauger6@g.co,595-161-9282,1104 Lerdahl Center,Daegu,,
8,3582816423966893,Mastercard,9/16/2024,836,Kata Center,312 Sundown Alley,Yên Lạc,,,Vietnam,6803.74,10/14/2024,Divavu,Retail,pharetra magna vestibulum aliquet ultrices erat tortor sollicitudin mi sit amet lobortis sapien sapien non,Cash Advance,VND,1.3328,9729.19,10/23/2028,Approved,quis turpis sed ante vivamus tortor duis mattis egestas metus aenean fermentum donec ut mauris eget,Livepath,in faucibus orci luctus et ultrices posuere cubilia curae donec pharetra magna vestibulum aliquet ultrices erat tortor sollicitudin,Devinne Van Halle,dvan7@photobucket.com,837-961-2017,0 Grover Hill,Padangtikar,,
9,5108755136922852,Mastercard,1/27/2022,684,Mavra Arne,043 Schlimgen Point,Birowo,,,Indonesia,7871.13,12/7/2030,Skipfire,Entertainment,libero non mattis pulvinar nulla pede ullamcorper augue a suscipit nulla,Purchase,IDR,0.8848,51.61,11/8/2024,Pending,aliquam quis turpis eget elit sodales scelerisque mauris sit amet eros suspendisse accumsan tortor quis turpis sed ante vivamus tortor,Trilia,natoque penatibus et magnis dis parturient montes nascetur ridiculus mus vivamus vestibulum sagittis sapien cum sociis natoque penatibus,Valene Foulger,vfoulger8@lulu.com,526-674-6659,288 Bultman Hill,Kayakent,,368562
10,5641827733917405,American Express,11/28/2026,595,Chen Blyden,0 Porter Pass,Corpus Christi,TX,78410,United States,4773.44,5/3/2026,Photobug,Entertainment,sagittis dui vel nisl duis ac nibh fusce lacus purus aliquet at feugiat non pretium quis lectus,Cash Advance,USD,1.2449,4557.89,5/3/2027,Declined,dui proin leo odio porttitor id consequat in consequat ut nulla sed accumsan felis ut at dolor quis odio consequat,Innotype,ultrices enim lorem ipsum dolor sit amet consectetuer adipiscing elit proin interdum mauris non ligula pellentesque,Bird Gay,bgay9@theguardian.com,361-828-6854,9 Marquette Place,Daoqiao,,
11,3573116917502499,American Express,10/23/2026,399,Fernanda Bowler,06 Crest Line Junction,El Paso,TX,88530,United States,3883.21,9/13/2026,Shuffletag,Travel,nisl venenatis lacinia aenean sit amet justo morbi ut odio cras,Refund,USD,1.6275,6097.87,2/8/2026,Pending,quam sollicitudin vitae consectetuer eget rutrum at lorem integer tincidunt ante vel ipsum praesent blandit,Youopia,sapien quis libero nullam sit amet turpis elementum ligula vehicula consequat,Man Kynforth,mkynfortha@shareasale.com,915-802-6004,47 Annamark Circle,Jinxiang,,
12,3569153062469329,American Express,10/1/2022,749,Der Voysey,45 Iowa Road,Shushi,,,Azerbaijan,7106.55,5/11/2025,Dabshots,Travel,molestie hendrerit at vulputate vitae nisl aenean lectus pellentesque eget nunc donec quis orci eget,Refund,AZN,0.5582,1625.77,11/29/2025,Declined,luctus et ultrices posuere cubilia curae donec pharetra magna vestibulum aliquet ultrices erat tortor sollicitudin,Livepath,vestibulum sagittis sapien cum sociis natoque penatibus et magnis dis parturient montes nascetur ridiculus mus etiam,Andrea Brightwell,abrightwellb@sitemeter.com,944-579-9676,6576 Vidon Court,Hluhluwe,,3960
13,3544571004581648,American Express,12/8/2027,240,Jewell Packwood,6731 Shoshone Park,Toledo,,6038,Philippines,3058.12,10/2/2024,Photolist,Retail,ut tellus nulla ut erat id mauris vulputate elementum nullam,Refund,PHP,0.7883,7099.96,1/2/2022,Pending,lacinia nisi venenatis tristique fusce congue diam id ornare imperdiet sapien urna,Gabcube,massa donec dapibus duis at velit eu est congue elementum in hac habitasse platea dictumst morbi vestibulum velit id,Juli Faraday,jfaradayc@unc.edu,415-857-6999,369 Lakeland Drive,Jinhaihu,,
14,3529283902180197,American Express,5/18/2023,967,Rollo Disbrow,44 Fallview Plaza,Huangxikou,,,China,6964.13,12/29/2027,Leexo,Retail,tempor convallis nulla neque libero convallis eget eleifend luctus ultricies eu nibh,Purchase,CNY,0.7256,6372.43,5/17/2025,Declined,eros suspendisse accumsan tortor quis turpis sed ante vivamus tortor duis mattis egestas metus aenean,Oyoba,non quam nec dui luctus rutrum nulla tellus in sagittis dui vel nisl,Melicent Glasscoe,mglasscoed@livejournal.com,638-682-9092,203 Garrison Crossing,Juazeiro do Norte,,63000-000
15,3565383293746690,Visa,12/6/2025,679,Nefen Spurman,9 Continental Terrace,Ribeira Grande,,,Cape Verde,9938.84,5/4/2024,Omba,Entertainment,et ultrices posuere cubilia curae donec pharetra magna vestibulum aliquet ultrices,Cash Advance,CVE,1.7794,4294.58,11/28/2023,Pending,integer pede justo lacinia eget tincidunt eget tempus vel pede morbi porttitor lorem id ligula,Abata,at turpis a pede posuere nonummy integer non velit donec diam neque,Lynne Shillabeare,lshillabearee@gmpg.org,434-218-9950,9 Birchwood Trail,Bamban,,
16,3561340809240711,Mastercard,2/11/2029,719,Mufi Pilbeam,1068 Lotheville Center,Vyškov,,683 21,Czech Republic,5376.9,5/22/2023,Zazio,Dining,odio cras mi pede malesuada in imperdiet et commodo vulputate justo,Cash Advance,CZK,1.4055,1883.41,1/7/2023,Approved,ultrices libero non mattis pulvinar nulla pede ullamcorper augue a,Quamba,lectus pellentesque at nulla suspendisse potenti cras in purus eu magna vulputate luctus cum,Roseann Dusey,rduseyf@sohu.com,693-801-9499,86 Steensland Alley,Argasari,,
17,374288055012594,Visa,6/3/2023,732,Janeczka Blunsen,8555 South Plaza,Giawang,,6310,Philippines,8255.66,8/30/2026,Viva,Travel,sem fusce consequat nulla nisl nunc nisl duis bibendum felis sed interdum venenatis turpis enim blandit mi,Cash Advance,PHP,1.2051,6338.32,4/17/2030,Pending,ut erat curabitur gravida nisi at nibh in hac habitasse platea dictumst aliquam augue quam sollicitudin vitae,Kazu,rutrum neque aenean auctor gravida sem praesent id massa id nisl venenatis lacinia aenean sit amet,Neale Fredson,nfredsong@bloglovin.com,811-350-4321,3 Nova Hill,Nong Saeng,,41340
18,374283471259911,Visa,10/6/2027,511,Amandie Dewbury,04 Orin Avenue,Karanggedang,,,Indonesia,775.57,5/16/2027,Blogtags,Travel,dapibus nulla suscipit ligula in lacus curabitur at ipsum ac tellus semper,Purchase,IDR,1.0999,3188.84,7/16/2028,Approved,tellus in sagittis dui vel nisl duis ac nibh fusce lacus purus aliquet at feugiat,Quimba,nisi eu orci mauris lacinia sapien quis libero nullam sit amet turpis elementum ligula vehicula consequat morbi a ipsum,Essy Hitter,ehitterh@twitpic.com,606-143-3928,121 Forest Place,Besançon,A6,25086 CEDEX 9
19,3570429261602556,Visa,7/15/2029,261,Adda Jenno,01345 Summit Court,Okinawa,,904-2244,Japan,7962.21,8/7/2030,Quatz,Dining,cubilia curae duis faucibus accumsan odio curabitur convallis duis consequat dui,Purchase,JPY,1.7359,8706.87,7/30/2022,Approved,aliquet ultrices erat tortor sollicitudin mi sit amet lobortis sapien sapien non mi integer ac,Flashpoint,parturient montes nascetur ridiculus mus vivamus vestibulum sagittis sapien cum sociis natoque penatibus et magnis,Leisha Winslade,lwinsladei@economist.com,696-387-6432,0401 Mcbride Point,Vrakháti,,
20,630454598035839677,American Express,7/21/2024,122,Domini Fashion,8 Buena Vista Pass,Iguape,,11920-000,Brazil,5510.77,2/26/2025,Feedspan,Entertainment,donec vitae nisi nam ultrices libero non mattis pulvinar nulla pede ullamcorper augue a,Refund,BRL,1.3252,6593.06,6/13/2028,Approved,tortor quis turpis sed ante vivamus tortor duis mattis egestas,Ntag,magna ac consequat metus sapien ut nunc vestibulum ante ipsum primis,Bridget Morris,bmorrisj@purevolume.com,751-799-4741,0 Springs Avenue,Rosice,,588 33
21,3574495856115433,Visa,11/1/2025,296,Freda Quartermain,61890 Alpine Park,Antanifotsy,,,Madagascar,5023.57,11/10/2027,Feednation,Dining,tempor convallis nulla neque libero convallis eget eleifend luctus ultricies eu nibh quisque id justo sit,Cash Advance,MGA,1.458,4110.88,11/30/2024,Approved,duis consequat dui nec nisi volutpat eleifend donec ut dolor,Yombu,natoque penatibus et magnis dis parturient montes nascetur ridiculus mus vivamus vestibulum sagittis sapien,Rossie Maddyson,rmaddysonk@lulu.com,775-796-3711,53 Ludington Lane,København,1084,1211
22,5587311990125792,Mastercard,1/20/2029,508,Brian Podd,01 Huxley Parkway,Chongxing,,,China,2419.19,6/21/2030,Oyoloo,Travel,ultrices posuere cubilia curae donec pharetra magna vestibulum aliquet ultrices erat tortor,Refund,CNY,1.9914,9994.46,12/19/2028,Declined,vel pede morbi porttitor lorem id ligula suspendisse ornare consequat,Fanoodle,integer pede justo lacinia eget tincidunt eget tempus vel pede morbi porttitor lorem id ligula suspendisse ornare,Zerk Alkin,zalkinl@odnoklassniki.ru,415-145-4492,493 Kings Avenue,Khotsimsk,,
23,561045958935365186,Visa,11/29/2026,428,Astrid Dunphy,04 Dorton Road,Sayaxché,,12008,Guatemala,5625.29,12/28/2030,Oyoyo,Retail,eget elit sodales scelerisque mauris sit amet eros suspendisse accumsan tortor quis turpis sed ante vivamus,Cash Advance,GTQ,0.9916,7155.13,5/16/2025,Declined,nullam varius nulla facilisi cras non velit nec nisi vulputate nonummy maecenas tincidunt lacus at velit vivamus,Trilia,velit nec nisi vulputate nonummy maecenas tincidunt lacus at velit vivamus vel nulla eget eros,Flss Ventam,fventamm@oakley.com,124-116-1611,0 Valley Edge Avenue,Itatiba,,13250-000
24,3567900010722650,Visa,7/7/2023,169,Thorsten Bickerdike,28075 Boyd Crossing,Gaotai,,,China,1104.95,5/4/2030,Shuffletag,Dining,eget nunc donec quis orci eget orci vehicula condimentum curabitur in,Cash Advance,CNY,1.0283,1538.82,4/29/2025,Pending,dui proin leo odio porttitor id consequat in consequat ut nulla sed accumsan felis,Skalith,convallis eget eleifend luctus ultricies eu nibh quisque id justo sit,Waldon Corse,wcorsen@360.cn,321-283-5323,33 Fairview Junction,Tofa,,
25,3583097321013786,American Express,3/14/2027,161,Reider Bandy,177 Springview Place,Daqiao,,,China,1056.12,6/5/2028,Camido,Retail,aliquam convallis nunc proin at turpis a pede posuere nonummy integer non velit donec diam neque vestibulum,Cash Advance,CNY,1.5476,703.17,6/4/2026,Declined,morbi porttitor lorem id ligula suspendisse ornare consequat lectus in est risus,Leenti,nibh quisque id justo sit amet sapien dignissim vestibulum vestibulum ante ipsum primis in,Cathie Edgeson,cedgesono@mozilla.org,410-784-4662,6481 Darwin Court,Samboan,,6027
26,3588425774146404,Visa,2/24/2026,186,Isak Rutter,4816 Spenser Court,Liangting,,,China,5669.38,5/22/2028,Skimia,Dining,praesent lectus vestibulum quam sapien varius ut blandit non interdum in ante vestibulum ante ipsum primis in faucibus orci luctus,Cash Advance,CNY,1.2274,7242.86,1/30/2025,Declined,rhoncus dui vel sem sed sagittis nam congue risus semper,Skipstorm,erat nulla tempus vivamus in felis eu sapien cursus vestibulum proin,Maurise Skeleton,mskeletonp@chicagotribune.com,673-467-4963,4 Kim Hill,‘Arad,,
27,5602214311556045145,American Express,10/29/2027,863,Briana Kiraly,3907 Kropf Hill,Sabanagrande,,,Honduras,9960.98,7/21/2025,Mydeo,Dining,augue a suscipit nulla elit ac nulla sed vel enim sit amet nunc viverra dapibus nulla suscipit ligula in lacus,Refund,HNL,0.7358,9188.99,11/8/2023,Declined,ligula vehicula consequat morbi a ipsum integer a nibh in quis justo maecenas rhoncus aliquam lacus,Skilith,nulla mollis molestie lorem quisque ut erat curabitur gravida nisi at nibh in hac habitasse,Kevan Tugman,ktugmanq@yolasite.com,104-220-7055,3 Fallview Point,Ban Phai,,40110
28,589399725598157462,Mastercard,10/20/2030,927,Callie Cosgreave,00272 Cordelia Alley,Jiuguan,,,China,1412.29,8/28/2029,Pixonyx,Travel,blandit nam nulla integer pede justo lacinia eget tincidunt eget tempus vel pede morbi porttitor lorem id ligula,Purchase,CNY,0.7891,3813.94,7/23/2026,Pending,erat id mauris vulputate elementum nullam varius nulla facilisi cras non velit nec nisi vulputate nonummy,Thoughtbeat,interdum eu tincidunt in leo maecenas pulvinar lobortis est phasellus,Kathi Goodridge,kgoodridger@upenn.edu,770-309-4713,8622 Bunker Hill Drive,Áno Sýros,,
29,3574354293125960,American Express,3/11/2025,267,Dene Plaster,6 Westerfield Circle,Chadian,,,China,5760.54,10/19/2026,Izio,Dining,mi integer ac neque duis bibendum morbi non quam nec dui luctus rutrum nulla tellus in sagittis dui,Refund,CNY,1.9284,2665.26,1/30/2027,Pending,posuere nonummy integer non velit donec diam neque vestibulum eget vulputate ut,Avamm,leo rhoncus sed vestibulum sit amet cursus id turpis integer aliquet massa id lobortis convallis tortor risus dapibus augue vel,Humfried Nevill,hnevills@theguardian.com,927-754-4104,286 Straubel Terrace,Vicuña,,
30,201719298169444,American Express,9/10/2029,316,Milt Dyche,54208 Bayside Trail,Xingbin,,,China,2243.63,5/19/2025,Vinder,Retail,est congue elementum in hac habitasse platea dictumst morbi vestibulum velit,Purchase,CNY,0.6744,7396.29,6/26/2028,Pending,magna ac consequat metus sapien ut nunc vestibulum ante ipsum primis,Zoomlounge,enim sit amet nunc viverra dapibus nulla suscipit ligula in lacus,Oralla Middleweek,omiddleweekt@moonfruit.com,248-785-4171,926 Hoffman Point,Bugojno,,
31,3549425887500883,Visa,11/18/2025,523,Garrot Blazynski,8261 Annamark Junction,Fonadhoo,,,Maldives,585.21,2/22/2030,Voonix,Dining,scelerisque quam turpis adipiscing lorem vitae mattis nibh ligula nec sem duis aliquam convallis nunc proin at,Purchase,MVR,1.9334,7323.15,7/14/2029,Approved,nam nulla integer pede justo lacinia eget tincidunt eget tempus vel pede morbi porttitor,Browsebug,nulla integer pede justo lacinia eget tincidunt eget tempus vel pede morbi,Auberon Woolstenholmes,awoolstenholmesu@house.gov,251-339-8979,1889 Garrison Pass,São Miguel do Rio Torto,14,2205-554
32,374288008444365,American Express,12/2/2024,879,Rory Lapley,31173 Susan Alley,Akureyri,,603,Iceland,7294.35,10/7/2030,Bubblemix,Travel,nunc vestibulum ante ipsum primis in faucibus orci luctus et,Cash Advance,ISK,1.3779,7599.92,7/1/2026,Declined,et ultrices posuere cubilia curae duis faucibus accumsan odio curabitur convallis duis consequat dui nec,Snaptags,nisl duis ac nibh fusce lacus purus aliquet at feugiat non pretium quis lectus suspendisse,Trip McParlin,tmcparlinv@phoca.cz,786-890-8363,06498 Pepper Wood Point,Lazo,,692980
33,3556969072331141,American Express,5/12/2025,700,Sanson Rosenfeld,96448 Bellgrove Center,Nagaoka,,999-2222,Japan,2291.72,11/2/2028,Layo,Dining,tincidunt eu felis fusce posuere felis sed lacus morbi sem mauris laoreet ut rhoncus aliquet pulvinar sed nisl nunc,Cash Advance,JPY,1.056,9101.83,5/4/2025,Approved,ut volutpat sapien arcu sed augue aliquam erat volutpat in congue etiam justo etiam pretium iaculis,Jazzy,urna pretium nisl ut volutpat sapien arcu sed augue aliquam erat volutpat in congue etiam justo,Jerrie Lawrenceson,jlawrencesonw@youku.com,207-161-6294,2 Porter Crossing,Turanj,,23207
34,3541067416009412,Visa,5/23/2030,113,Nathalia Leader,6542 Donald Lane,Bāqim as Sūq,,,Yemen,1393.37,1/30/2025,Yabox,Entertainment,morbi ut odio cras mi pede malesuada in imperdiet et commodo vulputate justo in blandit ultrices enim lorem ipsum,Refund,YER,0.5617,7018.06,4/22/2030,Declined,lectus aliquam sit amet diam in magna bibendum imperdiet nullam orci pede venenatis non sodales sed,Livepath,blandit lacinia erat vestibulum sed magna at nunc commodo placerat praesent blandit nam nulla integer pede,Marwin Bracknell,mbracknellx@nyu.edu,464-958-8167,06 Sloan Junction,Alenquer,,68200-000
35,5020138256173447,American Express,12/15/2028,249,Mar Macvain,752 Prairie Rose Junction,Zhaike,,,China,765.36,6/8/2022,Zoombox,Entertainment,id justo sit amet sapien dignissim vestibulum vestibulum ante ipsum primis,Purchase,CNY,1.6206,9654.06,1/15/2028,Pending,tempor convallis nulla neque libero convallis eget eleifend luctus ultricies eu nibh quisque id justo sit amet sapien dignissim,Skyba,amet lobortis sapien sapien non mi integer ac neque duis bibendum morbi non quam nec dui,Aron Eary,aearyy@ftc.gov,241-465-2264,0 Golf View Way,Eg-Uur,,
36,5602223714666913,Visa,11/18/2024,271,Sydelle Czadla,9 Pierstorff Way,Caparrapí,,253468,Colombia,1082.83,7/11/2024,Feedbug,Travel,congue etiam justo etiam pretium iaculis justo in hac habitasse platea dictumst etiam faucibus cursus urna ut tellus,Refund,COP,1.9803,1801.9,12/14/2027,Declined,in blandit ultrices enim lorem ipsum dolor sit amet consectetuer adipiscing elit proin interdum mauris non ligula pellentesque ultrices phasellus,Topdrive,orci luctus et ultrices posuere cubilia curae duis faucibus accumsan odio curabitur convallis,Ilysa Walaron,iwalaronz@chronoengine.com,710-646-6480,2894 Logan Pass,Tlumach,,
37,560224780912742582,Visa,5/13/2025,519,Concordia Torns,2 Florence Avenue,Luzern,LU,6015,Switzerland,1444.81,6/10/2030,Ooba,Dining,ullamcorper purus sit amet nulla quisque arcu libero rutrum ac lobortis,Refund,CHF,1.8457,3864.64,9/9/2029,Pending,in magna bibendum imperdiet nullam orci pede venenatis non sodales sed tincidunt eu felis fusce posuere felis,Brainlounge,molestie lorem quisque ut erat curabitur gravida nisi at nibh in hac habitasse platea dictumst aliquam augue quam sollicitudin vitae,Oralie Cockerham,ocockerham10@vkontakte.ru,830-870-8667,788 Montana Avenue,Gaojian,,
38,4405628301331121,Visa,5/30/2022,395,Calley Camilli,09196 4th Avenue,Nariño,,252837,Colombia,8649.79,1/25/2026,Rhybox,Entertainment,dapibus duis at velit eu est congue elementum in hac habitasse,Refund,COP,1.8261,6884.78,12/10/2023,Declined,quisque erat eros viverra eget congue eget semper rutrum nulla nunc,Riffpedia,convallis nunc proin at turpis a pede posuere nonummy integer non,George Verrill,gverrill11@ed.gov,890-675-4383,588 Bunting Junction,Usulután,,
39,3530016121998776,Mastercard,10/11/2030,506,Marsiella Hekkert,74 Texas Park,Sokoto,,,Nigeria,4797.42,9/3/2025,Eabox,Retail,amet consectetuer adipiscing elit proin risus praesent lectus vestibulum quam sapien varius ut blandit non interdum in,Cash Advance,NGN,1.2712,2709.05,11/15/2029,Declined,orci luctus et ultrices posuere cubilia curae nulla dapibus dolor vel,Skaboo,ante ipsum primis in faucibus orci luctus et ultrices posuere cubilia curae donec pharetra magna vestibulum aliquet ultrices erat,Barth McKnockiter,bmcknockiter12@icio.us,193-622-4659,8 Vahlen Road,Rawa,,
40,50205493385650358,American Express,1/11/2023,147,Olivette Montacute,6830 Clarendon Trail,Garango,,,Burkina Faso,5676.72,9/27/2030,Skidoo,Entertainment,in imperdiet et commodo vulputate justo in blandit ultrices enim lorem ipsum dolor sit,Cash Advance,XOF,1.377,2494.41,9/5/2029,Declined,enim lorem ipsum dolor sit amet consectetuer adipiscing elit proin interdum mauris non,Thoughtstorm,imperdiet sapien urna pretium nisl ut volutpat sapien arcu sed augue aliquam erat volutpat in congue etiam justo,Allen Burke,aburke13@prnewswire.com,493-396-1243,28 Sachs Lane,Jovellanos,,
41,3583139828849187,Mastercard,1/31/2025,878,Merrili Ruben,85733 Mallory Court,Paris 04,A8,75188 CEDEX 04,France,4204.19,1/17/2022,Skajo,Entertainment,luctus cum sociis natoque penatibus et magnis dis parturient montes nascetur ridiculus,Purchase,EUR,1.5696,2299.08,12/16/2028,Pending,felis fusce posuere felis sed lacus morbi sem mauris laoreet ut rhoncus aliquet pulvinar sed nisl nunc rhoncus dui,Edgewire,nibh quisque id justo sit amet sapien dignissim vestibulum vestibulum ante ipsum primis in,Isac Symes,isymes14@google.com.br,398-964-9803,34 Loomis Court,Savannah,GA,31410
42,374622200861689,Mastercard,1/15/2026,882,Flossy O' Shea,188 Kinsman Alley,Maniowy,,34-436,Poland,2553.89,5/20/2025,Avavee,Entertainment,non velit donec diam neque vestibulum eget vulputate ut ultrices vel,Refund,PLN,1.5014,2261.73,2/16/2030,Approved,est phasellus sit amet erat nulla tempus vivamus in felis eu sapien cursus vestibulum proin eu mi,Zoovu,pulvinar nulla pede ullamcorper augue a suscipit nulla elit ac nulla sed vel,Lurleen Borley,lborley15@amazon.co.jp,856-687-7305,709 Southridge Center,Longtang,,
43,3576767643792437,Visa,8/27/2022,332,Nikoletta Deinhardt,088 Village Junction,Kalvola,,12640,Finland,1573.24,8/23/2029,Ailane,Dining,augue a suscipit nulla elit ac nulla sed vel enim sit amet nunc viverra dapibus nulla,Cash Advance,EUR,1.0767,1572.38,8/22/2026,Pending,proin interdum mauris non ligula pellentesque ultrices phasellus id sapien in sapien iaculis congue vivamus metus arcu adipiscing molestie,Brainbox,viverra diam vitae quam suspendisse potenti nullam porttitor lacus at,Brittany Gulleford,bgulleford16@vinaora.com,733-344-0571,468 Muir Terrace,Budayuan,,
44,3578757551302558,Mastercard,8/24/2022,187,Thorn Heynel,6 Nobel Lane,Yongfeng,,,China,9017.51,10/27/2025,Flipstorm,Retail,mauris vulputate elementum nullam varius nulla facilisi cras non velit nec nisi vulputate nonummy maecenas tincidunt lacus at,Cash Advance,CNY,1.2321,1903.64,3/13/2025,Pending,id lobortis convallis tortor risus dapibus augue vel accumsan tellus,Tavu,quisque erat eros viverra eget congue eget semper rutrum nulla,Chuck Estoile,cestoile17@ftc.gov,211-895-3267,133 Sachtjen Alley,Pingshui,,
45,201402184024946,Visa,8/1/2028,565,Davon Forlong,7 Lake View Road,Yunping,,,China,7808.98,5/5/2025,Blogspan,Travel,faucibus orci luctus et ultrices posuere cubilia curae nulla dapibus dolor vel,Cash Advance,CNY,0.8245,9499.88,9/16/2023,Approved,tristique in tempus sit amet sem fusce consequat nulla nisl nunc nisl duis,Yozio,nunc purus phasellus in felis donec semper sapien a libero,Nollie Bafford,nbafford18@npr.org,408-421-6689,77138 Sherman Parkway,Julun,,
46,630461445963710226,Visa,12/24/2030,230,Kin Leghorn,15 Service Center,Berlin,BE,13347,Germany,5807.93,4/26/2023,Skidoo,Retail,consectetuer adipiscing elit proin interdum mauris non ligula pellentesque ultrices phasellus,Cash Advance,EUR,0.9938,2806.97,7/7/2026,Declined,est congue elementum in hac habitasse platea dictumst morbi vestibulum velit id pretium iaculis,Brainsphere,ipsum primis in faucibus orci luctus et ultrices posuere cubilia curae nulla dapibus,Edi Izkovicz,eizkovicz19@ftc.gov,297-595-9943,9 Ridgeway Court,Smoky Lake,AB,N8V
47,374283483957569,American Express,6/6/2027,768,Darius McWhorter,8490 Marquette Park,Santo Niño,,6711,Philippines,5166.13,3/3/2029,Thoughtmix,Retail,dolor quis odio consequat varius integer ac leo pellentesque ultrices,Cash Advance,PHP,1.617,9226.09,1/7/2030,Declined,ut volutpat sapien arcu sed augue aliquam erat volutpat in congue,Kazio,eu tincidunt in leo maecenas pulvinar lobortis est phasellus sit amet,Cindra Cousen,ccousen1a@mozilla.org,892-685-1652,252 Darwin Crossing,Thị Trấn Tân Yên,,
48,5602243510252674414,Mastercard,8/9/2024,815,Elmer Portt,82 Jenifer Alley,Novomykolayivka,,,Ukraine,7770.67,9/25/2030,Eadel,Retail,bibendum morbi non quam nec dui luctus rutrum nulla tellus in,Cash Advance,UAH,1.9533,663.61,1/23/2023,Approved,ipsum dolor sit amet consectetuer adipiscing elit proin interdum mauris non ligula pellentesque ultrices phasellus,Photolist,non ligula pellentesque ultrices phasellus id sapien in sapien iaculis congue vivamus metus,Marge Lanyon,mlanyon1b@wordpress.com,974-744-5394,26 Fuller Court,Muritiba,,44340-000
49,6706536936137329,Visa,10/31/2028,438,Cecilla Nockolds,4 Clove Trail,Panao,,,Peru,6222.12,3/25/2027,Skinix,Entertainment,placerat ante nulla justo aliquam quis turpis eget elit sodales scelerisque mauris,Refund,PEN,0.7876,3340.57,6/23/2028,Declined,ac est lacinia nisi venenatis tristique fusce congue diam id ornare imperdiet sapien urna,Janyx,aliquam convallis nunc proin at turpis a pede posuere nonummy integer non velit donec diam neque vestibulum eget,Perrine Sidwell,psidwell1c@newsvine.com,481-714-7122,3 Riverside Pass,Ashgabat,,
50,374288850911636,American Express,4/25/2030,271,Gennifer Evequot,155 Westend Center,Qianshan,,,China,1797.17,5/13/2025,Oyoloo,Travel,leo odio porttitor id consequat in consequat ut nulla sed accumsan felis,Refund,CNY,1.9704,1176.3,7/23/2022,Declined,ultrices vel augue vestibulum ante ipsum primis in faucibus orci luctus et,Divape,urna ut tellus nulla ut erat id mauris vulputate elementum nullam,Hardy Butfield,hbutfield1d@about.com,744-832-6407,02405 Meadow Vale Crossing,Yanfolila,,
51,3586764119891684,American Express,1/21/2022,780,Jordon Ivan,72 Summit Terrace,Tampocon,,6210,Philippines,4051.11,2/18/2028,Dabshots,Retail,magnis dis parturient montes nascetur ridiculus mus vivamus vestibulum sagittis sapien cum sociis natoque penatibus et,Purchase,PHP,1.807,4012.76,10/8/2023,Declined,id mauris vulputate elementum nullam varius nulla facilisi cras non velit nec nisi vulputate nonummy maecenas tincidunt,Miboo,natoque penatibus et magnis dis parturient montes nascetur ridiculus mus vivamus vestibulum sagittis sapien cum sociis natoque penatibus et magnis,Raphael Poolman,rpoolman1e@unblog.fr,497-501-6386,3738 Pawling Point,Brumadinho,,35460-000
52,3573729807522235,American Express,8/14/2026,444,Adaline Pickin,2938 Fair Oaks Center,Kaiyun,,,China,8309.95,11/19/2023,Mynte,Dining,non quam nec dui luctus rutrum nulla tellus in sagittis dui vel nisl duis ac nibh fusce lacus,Refund,CNY,1.6323,8675.81,6/24/2026,Approved,eros suspendisse accumsan tortor quis turpis sed ante vivamus tortor duis mattis egestas metus aenean fermentum donec ut mauris,Riffpedia,interdum eu tincidunt in leo maecenas pulvinar lobortis est phasellus sit amet erat nulla,Dorthea Kubatsch,dkubatsch1f@china.com.cn,529-148-0434,2262 Texas Way,Fushan,,
53,06044458331146600,American Express,12/16/2028,464,Rancell Mathews,6 Brickson Park Drive,Bulacan,,3017,Philippines,8509.98,1/29/2027,Jayo,Entertainment,nulla suspendisse potenti cras in purus eu magna vulputate luctus cum,Cash Advance,PHP,0.6074,4659.85,11/18/2029,Declined,quam a odio in hac habitasse platea dictumst maecenas ut massa quis augue luctus tincidunt nulla mollis molestie lorem quisque,Brightbean,ipsum primis in faucibus orci luctus et ultrices posuere cubilia curae duis faucibus accumsan odio curabitur convallis,Nikoletta Rosewarne,nrosewarne1g@discovery.com,717-974-6979,0 Washington Parkway,Ngorongoro,,
54,5610698947930406517,American Express,9/5/2023,575,Ripley Marty,88318 Crest Line Pass,Likhovskoy,,347820,Russia,8454.23,2/20/2030,Abata,Dining,tellus semper interdum mauris ullamcorper purus sit amet nulla quisque arcu libero rutrum ac,Purchase,RUB,0.7436,6938.19,1/14/2023,Approved,felis ut at dolor quis odio consequat varius integer ac leo pellentesque ultrices mattis odio,Edgewire,maecenas pulvinar lobortis est phasellus sit amet erat nulla tempus vivamus in felis eu sapien cursus,Evy Longcake,elongcake1h@eepurl.com,323-321-6642,07 Sullivan Junction,Chengmen,,
55,372301953275791,Visa,1/10/2030,832,Marice Howes,10 Pleasure Alley,Yong’an,,,China,8814.07,10/5/2022,Realcube,Travel,ante nulla justo aliquam quis turpis eget elit sodales scelerisque mauris sit amet eros,Purchase,CNY,1.7223,2434.9,7/8/2030,Pending,lectus in est risus auctor sed tristique in tempus sit amet sem fusce,Midel,quam turpis adipiscing lorem vitae mattis nibh ligula nec sem duis aliquam convallis,Roosevelt Axston,raxston1i@tiny.cc,266-749-7929,7 Meadow Valley Street,Saint John,NB,E2L
56,5602212671494666,American Express,3/22/2029,233,Mozelle Couves,733 Loftsgordon Park,Panggungwinong,,,Indonesia,487.38,3/30/2023,Npath,Travel,nulla sed vel enim sit amet nunc viverra dapibus nulla suscipit ligula,Purchase,IDR,0.6608,7626.73,12/14/2022,Approved,tempor convallis nulla neque libero convallis eget eleifend luctus ultricies eu nibh quisque id justo sit amet,Oyoba,eget tincidunt eget tempus vel pede morbi porttitor lorem id ligula suspendisse,Tabb Elliston,telliston1j@deliciousdays.com,215-157-5992,79 Manufacturers Drive,Naples,FL,34102
57,30557130727236,Mastercard,2/18/2025,620,Godart Cranton,3 Gina Court,Bryukhovetskaya,,352762,Russia,2066.88,8/1/2023,Meejo,Entertainment,sapien placerat ante nulla justo aliquam quis turpis eget elit,Purchase,RUB,1.4451,5139.77,6/23/2028,Pending,mauris morbi non lectus aliquam sit amet diam in magna bibendum imperdiet,Rhyzio,congue etiam justo etiam pretium iaculis justo in hac habitasse platea,Somerset Anderer,sanderer1k@economist.com,483-324-5414,6 Eastlawn Alley,Bogandinskiy,,625520
58,379599458066747,Visa,10/27/2030,891,Robina Bence,0 Thackeray Point,Fiães,01,4505-224,Portugal,8092.94,3/27/2022,Digitube,Retail,felis ut at dolor quis odio consequat varius integer ac leo pellentesque,Cash Advance,EUR,1.6889,1380.9,11/14/2024,Approved,fusce posuere felis sed lacus morbi sem mauris laoreet ut,Realblab,pulvinar nulla pede ullamcorper augue a suscipit nulla elit ac nulla sed vel enim sit,Frasco Copin,fcopin1l@google.co.uk,845-456-5241,9 Lakewood Avenue,Masjid,,
59,3542106589551963,Visa,3/22/2029,386,Peggie Janew,538 Bashford Center,Igunga,,,Tanzania,7055.13,10/1/2029,Gabspot,Travel,tortor quis turpis sed ante vivamus tortor duis mattis egestas metus aenean fermentum donec ut mauris eget massa,Refund,TZS,1.4249,2839.0,12/23/2025,Approved,sit amet diam in magna bibendum imperdiet nullam orci pede venenatis non,Skalith,aliquet at feugiat non pretium quis lectus suspendisse potenti in eleifend quam a odio in hac habitasse platea,Arie Lillecrop,alillecrop1m@symantec.com,999-756-7470,609 Arizona Park,Gaoqiao,,
60,3536215034913369,Visa,1/1/2023,453,Reynard McCullock,8 Springs Parkway,Tuusniemi,,71201,Finland,5445.17,2/11/2029,Digitube,Dining,adipiscing lorem vitae mattis nibh ligula nec sem duis aliquam convallis nunc proin at,Cash Advance,EUR,0.6373,2327.21,12/26/2024,Pending,elementum in hac habitasse platea dictumst morbi vestibulum velit id pretium iaculis diam,Feedfire,vel augue vestibulum rutrum rutrum neque aenean auctor gravida sem praesent id massa id nisl venenatis lacinia aenean sit,Herta Fison,hfison1n@prlog.org,387-104-6511,0 Continental Pass,Shigongqiao,,
61,3532538430294488,Visa,7/12/2023,881,Marwin Ackers,99 New Castle Parkway,Cisoka,,,Indonesia,3067.06,9/5/2028,Twitterworks,Dining,nonummy integer non velit donec diam neque vestibulum eget vulputate,Purchase,IDR,1.9915,5360.27,1/21/2028,Declined,donec ut mauris eget massa tempor convallis nulla neque libero convallis,Rhybox,turpis elementum ligula vehicula consequat morbi a ipsum integer a nibh in quis justo maecenas rhoncus aliquam lacus morbi quis,Wallache Ciani,wciani1o@twitpic.com,558-894-3405,50043 Washington Drive,Ar Riqāmā,,
62,3567863676528490,Mastercard,7/4/2024,173,Freeman Illston,281 Milwaukee Place,Lages,13,4620-279,Portugal,6578.3,11/6/2029,Flashspan,Entertainment,platea dictumst morbi vestibulum velit id pretium iaculis diam erat fermentum justo nec condimentum neque sapien,Refund,EUR,0.6016,5306.44,3/21/2027,Approved,in consequat ut nulla sed accumsan felis ut at dolor quis odio consequat varius,Kare,sed magna at nunc commodo placerat praesent blandit nam nulla integer,Gayla Layus,glayus1p@shutterfly.com,696-983-9255,6 Namekagon Terrace,Naebugis,,
63,3536477220444951,American Express,10/7/2029,984,Edeline Snodden,0 Manitowish Center,Sumberpandan,,,Indonesia,3938.58,2/4/2023,Mynte,Retail,viverra diam vitae quam suspendisse potenti nullam porttitor lacus at turpis,Refund,IDR,1.56,7493.87,5/22/2024,Pending,faucibus orci luctus et ultrices posuere cubilia curae duis faucibus accumsan,Yambee,suspendisse accumsan tortor quis turpis sed ante vivamus tortor duis mattis egestas metus aenean fermentum donec ut mauris,Estele Asbury,easbury1q@google.co.jp,763-865-6018,1862 Prairie Rose Court,Goascorán,,
64,5602256437610248,Mastercard,1/30/2029,333,Birch Heales,6 Merchant Hill,Sukmoilang,,,Indonesia,8766.86,7/2/2030,Browsedrive,Travel,nulla nunc purus phasellus in felis donec semper sapien a libero,Cash Advance,IDR,1.7448,6403.07,3/17/2029,Approved,duis at velit eu est congue elementum in hac habitasse platea dictumst morbi vestibulum velit id pretium iaculis diam erat,Wordify,lorem integer tincidunt ante vel ipsum praesent blandit lacinia erat vestibulum sed magna at nunc commodo placerat praesent blandit nam,Merl Brislawn,mbrislawn1r@indiegogo.com,663-605-8091,81960 8th Court,Vales,18,3550-053
65,3534887621528040,Visa,5/20/2029,384,Sharleen Tuffell,8433 Prairie Rose Trail,Cañada de Gómez,,2500,Argentina,7048.21,1/7/2022,Dabtype,Retail,massa id lobortis convallis tortor risus dapibus augue vel accumsan,Purchase,ARS,0.7896,7719.07,12/18/2029,Pending,penatibus et magnis dis parturient montes nascetur ridiculus mus etiam vel augue vestibulum rutrum,Flipopia,consequat varius integer ac leo pellentesque ultrices mattis odio donec vitae nisi nam ultrices libero non,Bettye Caplin,bcaplin1s@businessweek.com,681-929-8042,76 Forest Dale Center,Áyioi Apóstoloi,,
66,3531891023248101,Visa,1/31/2027,230,Filia Sulley,07 Veith Center,Yabrūd,,,Syria,2551.5,10/9/2028,Skinder,Dining,vestibulum vestibulum ante ipsum primis in faucibus orci luctus et ultrices posuere cubilia curae,Purchase,SYP,0.6235,775.73,8/13/2030,Approved,suscipit ligula in lacus curabitur at ipsum ac tellus semper interdum mauris ullamcorper purus sit,Leexo,quam pede lobortis ligula sit amet eleifend pede libero quis orci nullam molestie nibh in lectus,Hamel Dufoure,hdufoure1t@github.com,539-607-0202,240 Merry Avenue,Thap Khlo,,71000
67,630482248810381851,Mastercard,5/5/2022,539,Deirdre Tuffell,48402 Calypso Crossing,Palaran,,,Indonesia,8377.97,12/21/2029,Realbridge,Dining,lorem quisque ut erat curabitur gravida nisi at nibh in hac habitasse platea dictumst aliquam,Purchase,IDR,0.5504,4720.53,10/8/2025,Declined,in porttitor pede justo eu massa donec dapibus duis at velit eu est congue elementum in hac habitasse platea dictumst,Dynava,volutpat dui maecenas tristique est et tempus semper est quam pharetra magna ac consequat metus sapien,Dalis Orbine,dorbine1u@chronoengine.com,907-843-0098,6 Gulseth Lane,Shuanghekou,,
68,3528571096495764,Mastercard,9/27/2029,109,Marylin Scolts,76246 Menomonie Way,Kabare,,,Democratic Republic of the Congo,5146.98,5/28/2030,Babbleset,Entertainment,ac leo pellentesque ultrices mattis odio donec vitae nisi nam ultrices libero non,Refund,CDF,1.0311,705.12,2/6/2030,Declined,leo pellentesque ultrices mattis odio donec vitae nisi nam ultrices libero non mattis pulvinar nulla pede ullamcorper augue a suscipit,Lajo,donec ut dolor morbi vel lectus in quam fringilla rhoncus mauris enim leo,Nanette Waycot,nwaycot1v@berkeley.edu,852-361-8049,07882 Nevada Avenue,Dajasongai,,
69,3557778524810837,Mastercard,12/14/2027,228,Ely Janus,0 Prairie Rose Way,Mogilany,,32-031,Poland,4505.61,4/7/2026,Twitterbridge,Retail,nulla pede ullamcorper augue a suscipit nulla elit ac nulla sed vel enim sit amet,Purchase,PLN,1.0847,5860.7,11/28/2024,Approved,dictumst etiam faucibus cursus urna ut tellus nulla ut erat id mauris vulputate elementum nullam,Ntags,semper est quam pharetra magna ac consequat metus sapien ut nunc vestibulum ante ipsum,Hogan Meese,hmeese1w@tinyurl.com,571-739-9539,91 Red Cloud Hill,Uddevalla,O,451 19
70,5602221149143912,American Express,6/29/2027,416,Wyatan Boothebie,486 Jackson Lane,Cláudio,,35530-000,Brazil,8837.94,4/24/2030,Mudo,Entertainment,est quam pharetra magna ac consequat metus sapien ut nunc vestibulum ante ipsum primis in faucibus orci luctus et,Cash Advance,BRL,1.7033,9496.93,8/7/2022,Pending,purus phasellus in felis donec semper sapien a libero nam dui proin leo odio porttitor id consequat in,Quimba,nullam molestie nibh in lectus pellentesque at nulla suspendisse potenti cras in purus eu magna vulputate luctus cum,Noland Wade,nwade1x@gov.uk,506-188-0343,92 Center Plaza,Kuala Terengganu,TRG,20576
71,3536910846892450,Visa,12/18/2025,249,Devon Cokly,79223 Sunnyside Crossing,Huangchen,,,China,2765.5,2/20/2022,Janyx,Dining,donec ut dolor morbi vel lectus in quam fringilla rhoncus mauris,Cash Advance,CNY,1.1352,2330.07,6/8/2030,Approved,nulla eget eros elementum pellentesque quisque porta volutpat erat quisque erat eros viverra eget congue eget semper rutrum nulla nunc,Thoughtworks,a odio in hac habitasse platea dictumst maecenas ut massa quis,Samaria Batman,sbatman1y@com.com,636-547-8563,54525 Schmedeman Court,Changxing,,
72,3554874439263775,Visa,11/23/2028,544,Elysee O'Mailey,43 Warner Crossing,Huyuan,,,China,6954.59,12/7/2027,Jabbersphere,Travel,mauris morbi non lectus aliquam sit amet diam in magna bibendum,Purchase,CNY,1.9943,233.16,10/11/2028,Pending,vestibulum aliquet ultrices erat tortor sollicitudin mi sit amet lobortis sapien sapien non mi integer,Jazzy,proin leo odio porttitor id consequat in consequat ut nulla sed accumsan felis ut at dolor quis odio consequat varius,Linet Fyndon,lfyndon1z@t.co,958-747-8150,87860 Ryan Terrace,Aksakovo,,9155
73,3569831773255984,Visa,3/24/2030,335,John Bowton,4 Iowa Pass,Gao’an,,,China,6802.07,7/21/2030,Livefish,Retail,augue vestibulum rutrum rutrum neque aenean auctor gravida sem praesent id,Refund,CNY,1.9593,5521.58,8/15/2024,Pending,eu orci mauris lacinia sapien quis libero nullam sit amet turpis elementum ligula vehicula,Minyx,aenean sit amet justo morbi ut odio cras mi pede malesuada in imperdiet et commodo vulputate,Valaria Birden,vbirden20@about.com,954-660-3095,457 Jana Lane,Fushun,,
74,3547489462455717,Visa,3/14/2027,899,Felice Dawidowitz,19843 Crest Line Pass,Detusoko,,,Indonesia,1259.08,10/18/2027,Thoughtworks,Retail,nulla ac enim in tempor turpis nec euismod scelerisque quam turpis,Cash Advance,IDR,0.6685,850.04,9/8/2026,Pending,metus sapien ut nunc vestibulum ante ipsum primis in faucibus orci luctus et,Viva,convallis nulla neque libero convallis eget eleifend luctus ultricies eu,Kerri Thridgould,kthridgould21@pbs.org,216-563-0964,349 School Trail,Al Fayyūm,,
75,4041594622922990,Visa,1/9/2023,876,Barrie Harberer,315 Toban Lane,Jiangna,,,China,7275.75,3/28/2022,Voomm,Retail,amet diam in magna bibendum imperdiet nullam orci pede venenatis non sodales sed tincidunt eu,Refund,CNY,1.6551,7377.71,1/31/2024,Approved,eget massa tempor convallis nulla neque libero convallis eget eleifend luctus ultricies eu,Yabox,malesuada in imperdiet et commodo vulputate justo in blandit ultrices enim,Conant Collingwood,ccollingwood22@huffingtonpost.com,883-833-6246,0 Surrey Avenue,Shengmi,,
76,3570516065340837,American Express,5/16/2024,432,Averyl Matchell,4 South Circle,Muurla,,25130,Finland,8043.98,8/26/2022,Jabberstorm,Dining,donec vitae nisi nam ultrices libero non mattis pulvinar nulla pede ullamcorper augue a,Purchase,EUR,0.5132,9094.95,10/22/2026,Approved,eget tincidunt eget tempus vel pede morbi porttitor lorem id ligula suspendisse ornare consequat lectus in,Browsedrive,sollicitudin vitae consectetuer eget rutrum at lorem integer tincidunt ante,Galvan Rotter,grotter23@cisco.com,491-452-5786,51 Cody Avenue,Suizhong,,
77,3554582566792819,Visa,11/18/2029,941,Josh Sturrock,755 4th Plaza,Ostankinskiy,,901993,Russia,3989.83,8/11/2025,Katz,Retail,placerat ante nulla justo aliquam quis turpis eget elit sodales scelerisque mauris sit amet eros,Cash Advance,RUB,1.2599,3292.19,10/2/2026,Declined,congue diam id ornare imperdiet sapien urna pretium nisl ut volutpat sapien arcu sed augue,Gabcube,bibendum morbi non quam nec dui luctus rutrum nulla tellus in sagittis dui vel nisl,Hillyer Jirick,hjirick24@drupal.org,269-140-7774,5 Oak Valley Point,Biskamzha,,655735
78,5108751322272830,Visa,9/12/2030,568,Winnifred Schruyers,419 Loomis Hill,Youzha,,,China,5116.15,8/26/2023,Thoughtblab,Entertainment,in porttitor pede justo eu massa donec dapibus duis at velit eu est congue elementum in hac,Refund,CNY,1.9931,1370.99,2/26/2027,Declined,dui luctus rutrum nulla tellus in sagittis dui vel nisl,Kwimbee,magna vestibulum aliquet ultrices erat tortor sollicitudin mi sit amet lobortis sapien sapien non mi integer,Thane Benbrick,tbenbrick25@sciencedirect.com,906-434-2428,5919 Huxley Terrace,Capitán Solari,,3515
79,5602237107263088,Mastercard,12/22/2028,437,Lindsy Ailward,2349 Lukken Place,Baoquan,,,China,8959.57,2/3/2028,Brightdog,Dining,interdum eu tincidunt in leo maecenas pulvinar lobortis est phasellus sit amet erat nulla tempus vivamus in felis eu,Cash Advance,CNY,1.13,6977.53,3/25/2029,Approved,odio elementum eu interdum eu tincidunt in leo maecenas pulvinar,Blognation,eget elit sodales scelerisque mauris sit amet eros suspendisse accumsan tortor quis turpis sed ante vivamus tortor duis,Elroy Morillas,emorillas26@usda.gov,691-211-8518,641 Browning Street,Suita,,956-0123
80,4492500519009,Visa,9/28/2022,168,Ermanno Byneth,1925 Arapahoe Trail,Trostyanets’,,,Ukraine,8903.77,5/3/2024,Jaxworks,Retail,nec sem duis aliquam convallis nunc proin at turpis a pede posuere nonummy integer non velit donec diam neque,Cash Advance,UAH,0.9527,9284.99,8/13/2024,Approved,odio porttitor id consequat in consequat ut nulla sed accumsan felis ut at dolor quis odio consequat varius integer,Gigaclub,in hac habitasse platea dictumst aliquam augue quam sollicitudin vitae consectetuer eget rutrum at lorem integer tincidunt ante vel,Jere Beer,jbeer27@nasa.gov,671-104-0823,9094 Toban Pass,Próchoma,,
81,3554568743779662,Visa,10/11/2026,742,Zach Sygrove,76132 Merry Parkway,Tiébo,,,Senegal,3798.26,6/27/2028,Twinte,Entertainment,justo aliquam quis turpis eget elit sodales scelerisque mauris sit amet eros suspendisse,Refund,XOF,1.4375,4668.98,12/15/2022,Declined,fermentum justo nec condimentum neque sapien placerat ante nulla justo aliquam quis turpis eget elit,Flipopia,luctus cum sociis natoque penatibus et magnis dis parturient montes nascetur ridiculus mus vivamus vestibulum,Nanci Passe,npasse28@printfriendly.com,847-427-1782,6 Montana Terrace,Mugala,,
82,5641826597480823,American Express,6/24/2028,846,Imojean Newbigging,6773 Buhler Trail,Bolanon,,2208,Philippines,8970.97,9/27/2026,Skalith,Travel,eu felis fusce posuere felis sed lacus morbi sem mauris,Purchase,PHP,1.1335,222.48,3/24/2030,Pending,dapibus dolor vel est donec odio justo sollicitudin ut suscipit a feugiat et eros vestibulum ac est lacinia,Dabfeed,nonummy maecenas tincidunt lacus at velit vivamus vel nulla eget eros elementum pellentesque quisque porta volutpat,Allison Bladge,abladge29@phpbb.com,609-361-2584,5 Roth Trail,Otradnaya,,352292
83,5610260687558610,Mastercard,8/25/2028,560,Simonne Hake,05423 Dahle Center,Shabqadar,,45401,Pakistan,7526.41,7/29/2027,Thoughtsphere,Travel,donec ut mauris eget massa tempor convallis nulla neque libero,Refund,PKR,1.5076,5373.55,7/6/2023,Approved,risus semper porta volutpat quam pede lobortis ligula sit amet eleifend pede libero quis orci,Brainverse,proin leo odio porttitor id consequat in consequat ut nulla sed accumsan felis,Irv Woodyeare,iwoodyeare2a@ehow.com,426-473-6007,01240 Shasta Crossing,Fosses,A8,95479 CEDEX
84,30572842065031,American Express,9/20/2028,285,Lesya Burress,99 Waywood Pass,Oleksandriya,,,Ukraine,5162.94,12/17/2025,Feedfire,Dining,eu orci mauris lacinia sapien quis libero nullam sit amet,Refund,UAH,0.8017,52.32,3/31/2029,Pending,vehicula consequat morbi a ipsum integer a nibh in quis justo,Buzzshare,aliquet massa id lobortis convallis tortor risus dapibus augue vel accumsan tellus nisi eu orci mauris,Hallsy Hearty,hhearty2b@feedburner.com,516-479-2502,65269 Novick Plaza,Lai Lai Bisi Kopan,,
85,5602241016266513,American Express,7/4/2029,341,Elissa Elwyn,1 Dryden Plaza,Berestechko,,,Ukraine,1806.92,9/26/2023,Flipopia,Travel,mauris non ligula pellentesque ultrices phasellus id sapien in sapien iaculis congue vivamus metus arcu adipiscing,Purchase,UAH,1.62,4420.72,8/2/2030,Pending,lacus at turpis donec posuere metus vitae ipsum aliquam non mauris morbi non,Twitterbeat,fermentum justo nec condimentum neque sapien placerat ante nulla justo aliquam quis turpis,Bald Emerine,bemerine2c@uiuc.edu,260-505-4109,37 Mitchell Center,San Ramon,,6710
86,3583592015223287,American Express,3/9/2024,806,Angie Vian,96093 4th Avenue,Shi’ao,,,China,3851.33,2/17/2024,Wikizz,Dining,et ultrices posuere cubilia curae mauris viverra diam vitae quam suspendisse potenti,Refund,CNY,1.1605,516.75,11/11/2022,Pending,mattis odio donec vitae nisi nam ultrices libero non mattis pulvinar nulla pede,JumpXS,sociis natoque penatibus et magnis dis parturient montes nascetur ridiculus mus etiam vel augue vestibulum rutrum rutrum neque,Estella Geyton,egeyton2d@youtu.be,218-315-8094,9583 Sachtjen Crossing,Bida,,
87,3565533228949567,Mastercard,6/28/2024,152,Norri Fishenden,6248 Dwight Trail,Banjarbaru,,,Indonesia,7862.7,10/18/2025,Twimm,Retail,congue vivamus metus arcu adipiscing molestie hendrerit at vulputate vitae nisl aenean lectus pellentesque eget nunc donec,Cash Advance,IDR,1.7907,1494.77,5/6/2023,Approved,habitasse platea dictumst aliquam augue quam sollicitudin vitae consectetuer eget,Skibox,vel ipsum praesent blandit lacinia erat vestibulum sed magna at nunc commodo placerat praesent blandit nam nulla integer pede justo,Tonia Rubinsztein,trubinsztein2e@canalblog.com,311-999-2092,66 Straubel Way,Napel,,
88,3576043027179421,American Express,4/15/2024,956,Carleen Brownfield,1 Maywood Plaza,Perugia,UM,06124,Italy,4244.86,3/26/2029,Buzzbean,Retail,aliquam non mauris morbi non lectus aliquam sit amet diam in magna bibendum,Refund,EUR,0.7706,5889.69,2/6/2022,Approved,lacinia eget tincidunt eget tempus vel pede morbi porttitor lorem id ligula suspendisse ornare,Devpoint,sem duis aliquam convallis nunc proin at turpis a pede posuere nonummy integer non velit donec diam neque,Abagael Coulton,acoulton2f@globo.com,599-692-4744,88385 Spohn Circle,Milove,,
89,3540434798952752,Mastercard,2/24/2027,400,Finn Brachell,460 Debs Lane,Uarini,,69485-000,Brazil,4327.12,8/11/2025,Linklinks,Dining,sapien in sapien iaculis congue vivamus metus arcu adipiscing molestie hendrerit at vulputate,Purchase,BRL,1.7028,6192.78,10/2/2025,Approved,leo maecenas pulvinar lobortis est phasellus sit amet erat nulla tempus vivamus in felis eu,Dabshots,ridiculus mus vivamus vestibulum sagittis sapien cum sociis natoque penatibus et magnis dis parturient montes nascetur ridiculus mus etiam,Clarissa Brewins,cbrewins2g@usgs.gov,343-306-6484,28 Mallory Hill,Chixi,,
90,3581975656563313,Mastercard,6/11/2030,133,Pippa Chessell,7 Little Fleur Court,Moravská Nová Ves,,691 55,Czech Republic,8619.57,3/5/2026,Brainbox,Entertainment,sollicitudin ut suscipit a feugiat et eros vestibulum ac est lacinia nisi venenatis,Purchase,CZK,1.631,1118.57,7/1/2027,Approved,fusce consequat nulla nisl nunc nisl duis bibendum felis sed interdum venenatis turpis enim blandit mi in porttitor pede justo,Janyx,consequat dui nec nisi volutpat eleifend donec ut dolor morbi vel lectus,Yoko Pappin,ypappin2h@howstuffworks.com,778-153-9736,5863 Heffernan Way,Tyshkivka,,
91,6388188542894417,Mastercard,10/10/2030,325,Laurene Klemmt,55909 Cardinal Way,Sundsvall,Y,851 78,Sweden,4218.22,6/22/2026,Blogpad,Retail,amet erat nulla tempus vivamus in felis eu sapien cursus vestibulum proin eu mi nulla ac enim in tempor,Refund,SEK,1.6924,9832.19,4/1/2022,Declined,tortor sollicitudin mi sit amet lobortis sapien sapien non mi integer ac neque duis bibendum morbi non,Ntags,ipsum ac tellus semper interdum mauris ullamcorper purus sit amet nulla quisque arcu libero rutrum ac lobortis vel dapibus at,Euphemia Hawsby,ehawsby2i@foxnews.com,586-182-6355,6647 Roxbury Trail,Fukushima-shi,,969-1661
92,3531940596368000,Mastercard,7/3/2029,466,Dacia Quinet,7114 Shoshone Junction,Baton Rouge,LA,70826,United States,6433.77,10/22/2029,Meezzy,Travel,odio curabitur convallis duis consequat dui nec nisi volutpat eleifend donec ut dolor,Refund,USD,0.6172,2172.31,2/10/2025,Declined,consectetuer adipiscing elit proin interdum mauris non ligula pellentesque ultrices phasellus id,Blognation,sit amet lobortis sapien sapien non mi integer ac neque duis bibendum morbi non quam nec dui luctus rutrum,Dur Prowse,dprowse2j@ucla.edu,225-782-0298,14 Rusk Center,Belalcazar,,177007
93,3549336563643733,Mastercard,5/23/2029,476,Jessica Maystone,62772 Meadow Vale Alley,Chulabhorn,,58120,Thailand,8188.59,12/9/2028,Lazz,Retail,in ante vestibulum ante ipsum primis in faucibus orci luctus et ultrices posuere,Refund,THB,0.8178,4849.41,11/8/2030,Declined,sapien placerat ante nulla justo aliquam quis turpis eget elit sodales scelerisque,Aibox,posuere cubilia curae duis faucibus accumsan odio curabitur convallis duis consequat dui nec nisi,Oswell Angelo,oangelo2k@123-reg.co.uk,181-969-7422,0 Troy Point,Bendilwungu Lor,,
94,6767989053773408,Visa,5/22/2024,886,Amandy Westwood,7770 Summerview Point,Belčišta,,6344,Macedonia,3059.06,5/18/2028,Jaxspan,Retail,luctus et ultrices posuere cubilia curae donec pharetra magna vestibulum aliquet,Refund,MKD,0.8902,5218.94,10/30/2025,Declined,tincidunt eget tempus vel pede morbi porttitor lorem id ligula suspendisse ornare consequat lectus in est,Cogilith,amet diam in magna bibendum imperdiet nullam orci pede venenatis non sodales sed tincidunt eu felis fusce posuere felis,Barbee Botwright,bbotwright2l@elpais.com,827-490-1103,80208 Saint Paul Pass,Songkeng,,
95,4041590224192,Visa,4/8/2030,537,Cly Hackworth,69665 Stang Court,Sukaharja,,,Indonesia,6228.55,6/3/2028,Zava,Dining,orci mauris lacinia sapien quis libero nullam sit amet turpis,Refund,IDR,1.7163,3399.72,2/20/2029,Declined,molestie nibh in lectus pellentesque at nulla suspendisse potenti cras in purus eu magna vulputate luctus cum sociis natoque,Dablist,vestibulum ante ipsum primis in faucibus orci luctus et ultrices posuere cubilia curae nulla dapibus dolor,Kelci Jasper,kjasper2m@google.co.uk,365-456-5224,665 Tennyson Circle,Jiangdianzi,,
96,3576568819320148,American Express,6/14/2029,531,Aime Gorrissen,824 Oxford Alley,Janes,11,2755-123,Portugal,255.01,11/16/2026,Zoomdog,Retail,eros suspendisse accumsan tortor quis turpis sed ante vivamus tortor duis mattis egestas metus aenean,Purchase,EUR,0.936,2721.7,10/3/2030,Approved,maecenas tincidunt lacus at velit vivamus vel nulla eget eros elementum pellentesque quisque porta volutpat erat quisque erat,Mudo,volutpat quam pede lobortis ligula sit amet eleifend pede libero quis orci,Briny Favel,bfavel2n@rakuten.co.jp,683-622-2773,722 Harper Avenue,Shuangfeng,,
97,6399872075991867,Mastercard,4/16/2030,306,Zebulen Mishaw,848 Nova Alley,Mao,,10903,Dominican Republic,5827.97,3/25/2028,Linkbuzz,Retail,turpis nec euismod scelerisque quam turpis adipiscing lorem vitae mattis nibh ligula nec sem duis aliquam convallis nunc proin,Cash Advance,DOP,1.6483,3887.97,12/25/2029,Pending,vivamus vestibulum sagittis sapien cum sociis natoque penatibus et magnis dis parturient montes nascetur ridiculus mus etiam,Mynte,blandit ultrices enim lorem ipsum dolor sit amet consectetuer adipiscing elit proin interdum mauris non ligula pellentesque ultrices phasellus,Timi Baytrop,tbaytrop2o@bloglovin.com,207-826-5084,78763 Iowa Center,Marseille,B8,13369 CEDEX 11
98,3569818284773530,Mastercard,12/31/2029,891,Madlin Derye-Barrett,4976 Superior Hill,Yangong,,,China,1171.08,7/23/2026,Avaveo,Dining,sollicitudin ut suscipit a feugiat et eros vestibulum ac est lacinia nisi venenatis tristique fusce congue,Refund,CNY,1.3408,7680.66,1/3/2029,Pending,quam turpis adipiscing lorem vitae mattis nibh ligula nec sem duis aliquam convallis,Mymm,quam suspendisse potenti nullam porttitor lacus at turpis donec posuere,Janine Minero,jminero2p@nasa.gov,901-643-4092,52493 7th Place,Panggunguni,,
99,560223913320602269,American Express,3/9/2027,150,Dulciana Goulden,1 Oak Way,Mayanhe,,,China,6188.51,1/29/2029,Gigashots,Dining,curae donec pharetra magna vestibulum aliquet ultrices erat tortor sollicitudin mi sit amet lobortis sapien,Cash Advance,CNY,0.7332,9378.99,6/3/2024,Pending,magna vulputate luctus cum sociis natoque penatibus et magnis dis parturient montes nascetur ridiculus mus vivamus,Snaptags,aliquam lacus morbi quis tortor id nulla ultrices aliquet maecenas leo odio condimentum id luctus nec molestie sed justo,Thayne Warfield,twarfield2q@etsy.com,313-429-4769,6706 Northridge Center,Strasbourg,C1,67039 CEDEX 2
100,4844034478976922,Visa,4/4/2022,826,Christabella Pepler,1 Tennyson Place,Balaka,,,Malawi,5138.82,12/19/2026,Voonte,Dining,luctus tincidunt nulla mollis molestie lorem quisque ut erat curabitur gravida,Refund,MWK,0.8603,9492.32,9/13/2024,Approved,nunc rhoncus dui vel sem sed sagittis nam congue risus semper porta,Ailane,semper est quam pharetra magna ac consequat metus sapien ut nunc vestibulum,Leo Cabrara,lcabrara2r@springer.com,691-695-9500,95 Mockingbird Hill,Mahaddayweyne,,
101,3550584449987826,Visa,11/28/2028,263,Johnathon Gunby,38090 Comanche Avenue,Oekero,,,Indonesia,8081.96,5/18/2027,Youfeed,Dining,sem sed sagittis nam congue risus semper porta volutpat quam pede lobortis ligula sit amet eleifend pede libero,Cash Advance,IDR,0.8514,36.8,5/5/2027,Declined,curabitur gravida nisi at nibh in hac habitasse platea dictumst aliquam,Edgetag,tempus vivamus in felis eu sapien cursus vestibulum proin eu,Hildegarde O'Cannon,hocannon2s@sbwire.com,288-149-2095,301 Sachs Drive,Fenggang,,
102,3567458584417678,Mastercard,12/8/2027,458,Emalia Mines,09243 Packers Pass,Sanhe,,,China,2052.1,12/25/2023,Meedoo,Entertainment,phasellus id sapien in sapien iaculis congue vivamus metus arcu adipiscing molestie hendrerit at vulputate vitae nisl aenean,Refund,CNY,1.7685,7690.68,11/10/2028,Approved,iaculis justo in hac habitasse platea dictumst etiam faucibus cursus urna ut tellus nulla ut erat,Mynte,cubilia curae mauris viverra diam vitae quam suspendisse potenti nullam porttitor lacus at,Delila Ricciardello,dricciardello2t@usnews.com,960-919-2707,7281 Norway Maple Road,Zhangbei,,
103,3535975051121110,American Express,2/15/2029,260,Laraine Astell,5 Welch Park,Tangxi,,,China,2855.81,4/27/2028,Zooveo,Retail,nam dui proin leo odio porttitor id consequat in consequat ut nulla sed accumsan felis ut,Purchase,CNY,0.6939,4686.87,3/18/2030,Declined,sit amet consectetuer adipiscing elit proin interdum mauris non ligula pellentesque ultrices phasellus id sapien in sapien iaculis,Quimm,dolor morbi vel lectus in quam fringilla rhoncus mauris enim leo rhoncus sed vestibulum sit amet cursus id turpis,Elane Huddleston,ehuddleston2u@imdb.com,722-904-3219,53308 Susan Alley,Téra,,
104,491191735334244309,Mastercard,8/18/2024,480,Karmen Joanic,5536 Harbort Drive,Sarapul,,427985,Russia,2684.58,12/20/2027,Brightbean,Retail,tortor id nulla ultrices aliquet maecenas leo odio condimentum id luctus nec molestie sed justo pellentesque viverra pede ac diam,Cash Advance,RUB,1.7918,1792.58,1/22/2028,Declined,in est risus auctor sed tristique in tempus sit amet sem,Rhybox,pretium nisl ut volutpat sapien arcu sed augue aliquam erat volutpat in congue,Jeremie Tomasoni,jtomasoni2v@bing.com,134-362-8289,068 Warbler Avenue,Delray Beach,FL,33448
105,3589623484563541,Mastercard,12/25/2029,155,Sile Salleir,693 Warner Trail,Bagumbayan,,9810,Philippines,8080.22,7/19/2026,Mydeo,Dining,euismod scelerisque quam turpis adipiscing lorem vitae mattis nibh ligula nec sem duis aliquam convallis nunc proin at turpis a,Refund,PHP,1.4644,5096.67,8/2/2028,Declined,duis ac nibh fusce lacus purus aliquet at feugiat non pretium quis lectus suspendisse,Vinder,rutrum nulla tellus in sagittis dui vel nisl duis ac nibh fusce lacus purus aliquet at feugiat non,Chico Chittie,cchittie2w@mysql.com,655-545-1152,7290 Buhler Alley,Norfolk,VA,23509
106,4704116856348,Visa,5/8/2023,466,Eyde Corbin,899 Sheridan Place,Chengguan,,,China,20.75,3/3/2026,Twitterworks,Entertainment,in consequat ut nulla sed accumsan felis ut at dolor quis odio consequat varius integer ac leo,Cash Advance,CNY,1.5679,3796.51,5/10/2024,Approved,vulputate ut ultrices vel augue vestibulum ante ipsum primis in faucibus orci luctus et ultrices posuere cubilia,Katz,erat volutpat in congue etiam justo etiam pretium iaculis justo in hac habitasse,Humbert Parnby,hparnby2x@theglobeandmail.com,542-457-5902,308 Welch Avenue,Selouane,,
107,3564507660880846,Mastercard,12/12/2022,131,Von Collar,6585 Dorton Street,Marteleira,11,2530-342,Portugal,6394.05,10/24/2026,Latz,Entertainment,cubilia curae duis faucibus accumsan odio curabitur convallis duis consequat dui nec nisi volutpat eleifend,Purchase,EUR,1.4897,7797.25,5/17/2026,Approved,at nunc commodo placerat praesent blandit nam nulla integer pede justo lacinia eget tincidunt,Aivee,et ultrices posuere cubilia curae duis faucibus accumsan odio curabitur convallis duis consequat dui,Nap Toulson,ntoulson2y@google.com.au,339-942-6779,27969 Michigan Terrace,Élancourt,A8,78990
108,6759346551581561,Visa,5/16/2030,731,Karol Clemintoni,721 Acker Junction,Concepción,,,Paraguay,3832.64,11/15/2029,Mudo,Retail,convallis nunc proin at turpis a pede posuere nonummy integer non,Purchase,PYG,0.6377,2729.47,5/20/2023,Declined,ultrices phasellus id sapien in sapien iaculis congue vivamus metus arcu adipiscing molestie hendrerit at vulputate vitae nisl aenean lectus,Muxo,integer a nibh in quis justo maecenas rhoncus aliquam lacus morbi quis tortor id,Nataniel Toffaloni,ntoffaloni2z@hexun.com,255-601-9498,2 Knutson Alley,Landskrona,M,261 91
109,3546891773955304,American Express,1/13/2027,412,Vivianne Alvarado,3 Linden Lane,Baiyang,,,China,5460.67,4/12/2028,Kazio,Dining,est lacinia nisi venenatis tristique fusce congue diam id ornare imperdiet sapien urna pretium,Cash Advance,CNY,1.0004,184.02,12/30/2028,Approved,viverra dapibus nulla suscipit ligula in lacus curabitur at ipsum ac tellus semper interdum mauris ullamcorper purus sit,DabZ,condimentum curabitur in libero ut massa volutpat convallis morbi odio odio elementum eu interdum eu,Romona Ive,rive30@sciencedirect.com,253-240-2041,84 Crownhardt Lane,Reisdorf,,L-9391
110,6372435268492662,American Express,10/2/2025,808,Nadiya Dik,651 Roth Crossing,Dieppe,A7,76883 CEDEX,France,689.51,8/6/2023,Shuffletag,Entertainment,donec quis orci eget orci vehicula condimentum curabitur in libero ut,Refund,EUR,1.8132,3624.58,5/2/2026,Pending,amet eleifend pede libero quis orci nullam molestie nibh in lectus pellentesque at nulla suspendisse potenti cras,Meejo,aliquet ultrices erat tortor sollicitudin mi sit amet lobortis sapien sapien,Darrell De Malchar,dde31@house.gov,194-196-7877,45 Brickson Park Road,San Antonio,,735538
111,5327315568585373,Mastercard,9/23/2023,470,Fredericka Scamel,0149 Blue Bill Park Circle,Águia Branca,,29795-000,Brazil,8102.32,2/20/2027,Rhynyx,Retail,tincidunt in leo maecenas pulvinar lobortis est phasellus sit amet erat nulla,Cash Advance,BRL,1.5386,7672.45,1/16/2030,Approved,quis justo maecenas rhoncus aliquam lacus morbi quis tortor id nulla ultrices aliquet maecenas leo,Flashspan,mi sit amet lobortis sapien sapien non mi integer ac neque duis bibendum morbi non quam nec dui,Kip Fussie,kfussie32@deviantart.com,679-626-6257,549 Johnson Road,Mudon,,
112,675919034137086300,Mastercard,7/10/2027,553,Normand Gerling,50 Bay Park,Kayapa,,3708,Philippines,6350.57,11/16/2025,Centidel,Entertainment,ac leo pellentesque ultrices mattis odio donec vitae nisi nam ultrices libero non mattis pulvinar nulla,Purchase,PHP,0.6271,1247.61,8/19/2027,Pending,mattis odio donec vitae nisi nam ultrices libero non mattis pulvinar nulla pede ullamcorper,Centidel,ante nulla justo aliquam quis turpis eget elit sodales scelerisque mauris sit amet eros suspendisse accumsan tortor quis turpis sed,Farlie Farlane,ffarlane33@aol.com,852-756-0676,3 Moulton Road,Mbouda,,
113,3530389785294646,American Express,12/20/2029,523,Rubi Secombe,61779 Loeprich Park,Taupo,,3352,New Zealand,3961.95,5/28/2022,Demimbu,Dining,dolor sit amet consectetuer adipiscing elit proin risus praesent lectus vestibulum quam sapien varius ut blandit non interdum,Purchase,NZD,0.9722,5043.86,9/20/2029,Declined,lacinia erat vestibulum sed magna at nunc commodo placerat praesent blandit nam nulla integer pede justo lacinia eget,Youfeed,fringilla rhoncus mauris enim leo rhoncus sed vestibulum sit amet cursus id turpis integer aliquet massa id lobortis convallis tortor,Mindy Auston,mauston34@purevolume.com,996-692-3627,65634 Surrey Lane,Energeticheskiy,,
114,374283798572129,Mastercard,4/24/2030,369,Clementia Tomasian,3941 Heffernan Avenue,Sembon,,,Indonesia,2270.07,12/23/2028,Devcast,Dining,dolor sit amet consectetuer adipiscing elit proin interdum mauris non ligula pellentesque ultrices phasellus id,Purchase,IDR,0.7626,4833.0,1/13/2029,Pending,eget eleifend luctus ultricies eu nibh quisque id justo sit amet sapien dignissim vestibulum vestibulum ante ipsum,Kayveo,odio odio elementum eu interdum eu tincidunt in leo maecenas pulvinar lobortis est,Levin Gabbott,lgabbott35@imgur.com,154-892-8122,892 Carioca Point,Yaozhou,,
115,3549849608078749,American Express,8/20/2030,455,Aretha Cavnor,59 Summit Parkway,Bonthe,,,Sierra Leone,3410.8,2/8/2028,Vinte,Retail,amet cursus id turpis integer aliquet massa id lobortis convallis tortor risus dapibus augue vel accumsan tellus,Refund,SLL,0.5372,3601.16,4/26/2030,Approved,morbi a ipsum integer a nibh in quis justo maecenas rhoncus,Cogidoo,orci mauris lacinia sapien quis libero nullam sit amet turpis elementum,Meghan Dener,mdener36@globo.com,693-557-6040,5 Talisman Street,Bendo,,
116,30175063854131,American Express,2/7/2022,849,Iona Markwelley,7895 Spaight Center,Beaumont,TX,77705,United States,1138.01,9/21/2024,Edgeclub,Entertainment,vulputate nonummy maecenas tincidunt lacus at velit vivamus vel nulla,Refund,USD,1.0899,3838.11,8/23/2025,Pending,ac nulla sed vel enim sit amet nunc viverra dapibus nulla suscipit ligula in lacus curabitur at,Voomm,felis ut at dolor quis odio consequat varius integer ac leo pellentesque ultrices mattis odio donec vitae,Clementina Beevor,cbeevor37@prweb.com,936-594-4701,2395 Roth Street,Brody,,68-343
117,201747894589343,Visa,11/30/2024,448,Theresita Aldersey,179 Boyd Lane,Panacan,,5032,Philippines,4556.23,12/20/2023,Yodo,Retail,nunc proin at turpis a pede posuere nonummy integer non velit donec diam neque vestibulum eget vulputate,Purchase,PHP,1.4317,6057.43,6/18/2025,Declined,erat id mauris vulputate elementum nullam varius nulla facilisi cras non velit nec nisi vulputate nonummy maecenas tincidunt,Brightbean,sem duis aliquam convallis nunc proin at turpis a pede posuere nonummy integer,Cornela Rockey,crockey38@jugem.jp,317-235-3263,8324 Artisan Park,Lefkímmi,,
118,5893563062562706384,Visa,3/13/2025,859,Stacey Noice,19919 Cody Avenue,Saint-André-Avellin,QC,T5Y,Canada,7875.07,11/5/2030,Cogidoo,Travel,ut mauris eget massa tempor convallis nulla neque libero convallis eget eleifend luctus ultricies eu nibh,Refund,CAD,1.8008,7660.33,5/25/2024,Pending,dui maecenas tristique est et tempus semper est quam pharetra magna ac consequat metus sapien ut nunc vestibulum ante ipsum,Voolia,erat nulla tempus vivamus in felis eu sapien cursus vestibulum proin eu mi nulla ac enim,Huey Mayling,hmayling39@vk.com,410-722-6202,37059 North Crossing,Nahuo,,
119,3537362553826462,American Express,4/24/2026,856,Veronika Keely,17 Mendota Park,Jinping,,,China,4996.18,11/28/2029,Skivee,Entertainment,quam suspendisse potenti nullam porttitor lacus at turpis donec posuere metus vitae ipsum aliquam non mauris morbi non lectus aliquam,Refund,CNY,1.2677,5575.73,1/1/2027,Pending,nam ultrices libero non mattis pulvinar nulla pede ullamcorper augue a suscipit nulla elit ac nulla,Tagfeed,pede venenatis non sodales sed tincidunt eu felis fusce posuere felis sed lacus morbi sem mauris laoreet ut rhoncus,Bruce Domenico,bdomenico3a@cdbaby.com,957-291-6214,066 Veith Park,Budagovo,,665236
120,6331100915169181568,Mastercard,3/5/2030,469,Electra Kevlin,44 Lerdahl Avenue,Villa Nueva,,5903,Argentina,1031.83,2/17/2023,Demivee,Travel,eu sapien cursus vestibulum proin eu mi nulla ac enim in tempor turpis nec,Cash Advance,ARS,0.6993,5021.42,1/15/2029,Declined,dui maecenas tristique est et tempus semper est quam pharetra magna ac consequat,Jayo,laoreet ut rhoncus aliquet pulvinar sed nisl nunc rhoncus dui vel sem sed sagittis nam congue risus semper porta volutpat,Hillary Woolner,hwoolner3b@globo.com,976-762-7645,6340 Pennsylvania Trail,Reno,NV,89519
121,5020660788201920661,Mastercard,12/11/2030,683,Dario Mathias,51073 Paget Street,Dobri Dol,,1236,Macedonia,3823.65,12/28/2025,Rooxo,Entertainment,rhoncus mauris enim leo rhoncus sed vestibulum sit amet cursus id turpis,Refund,MKD,1.6081,1796.86,11/7/2029,Approved,nibh ligula nec sem duis aliquam convallis nunc proin at turpis a pede posuere nonummy integer non,Twitternation,eget tincidunt eget tempus vel pede morbi porttitor lorem id ligula suspendisse ornare consequat lectus,Marnia Maple,mmaple3c@google.cn,212-332-6667,9888 Annamark Crossing,Gavarr,,
122,490349985789969503,American Express,7/26/2022,521,Rorke Courtman,680 Esch Street,Xiushi,,,China,6460.91,8/4/2022,Photobug,Travel,felis fusce posuere felis sed lacus morbi sem mauris laoreet ut rhoncus aliquet pulvinar sed nisl nunc,Refund,CNY,0.7858,1518.33,3/21/2030,Declined,amet nunc viverra dapibus nulla suscipit ligula in lacus curabitur at ipsum ac tellus semper interdum mauris ullamcorper purus,Youbridge,orci vehicula condimentum curabitur in libero ut massa volutpat convallis,Dodi Prestney,dprestney3d@yale.edu,175-763-7499,37 Merchant Lane,Noyemberyan,,
123,3559410690030481,Mastercard,11/13/2027,150,Jonell Christoffersen,74 Di Loreto Street,Vidyayevo,,184389,Russia,1890.4,4/24/2026,Blogspan,Retail,ligula pellentesque ultrices phasellus id sapien in sapien iaculis congue vivamus metus arcu adipiscing molestie,Cash Advance,RUB,1.1986,9330.52,10/12/2029,Pending,turpis sed ante vivamus tortor duis mattis egestas metus aenean fermentum donec ut mauris eget,Flashpoint,quam nec dui luctus rutrum nulla tellus in sagittis dui vel nisl duis ac nibh fusce lacus purus aliquet at,Lee Doucette,ldoucette3e@ucla.edu,896-408-8792,2795 Crest Line Court,San Jose,GRO,39266
124,5010121616476876,American Express,11/14/2028,717,Heriberto Pakeman,6708 Porter Trail,Xinqiao,,,China,4607.44,11/19/2027,Dabvine,Travel,vel enim sit amet nunc viverra dapibus nulla suscipit ligula in lacus curabitur at ipsum ac tellus,Refund,CNY,1.5177,1204.49,3/21/2028,Approved,etiam faucibus cursus urna ut tellus nulla ut erat id mauris vulputate elementum nullam varius nulla,Riffpath,nec sem duis aliquam convallis nunc proin at turpis a pede posuere nonummy integer,Kacey GiacobbiniJacob,kgiacobbinijacob3f@mozilla.com,971-471-4900,83991 Rockefeller Plaza,Yunfeng,,
125,3551738714119882,Visa,9/24/2030,741,Reade Meier,671 Little Fleur Point,Quintas,03,4730-410,Portugal,8560.0,2/3/2030,Miboo,Dining,et ultrices posuere cubilia curae duis faucibus accumsan odio curabitur convallis duis consequat dui nec nisi volutpat eleifend,Cash Advance,EUR,1.3887,1552.32,5/14/2022,Declined,et ultrices posuere cubilia curae donec pharetra magna vestibulum aliquet ultrices erat tortor sollicitudin mi sit amet lobortis,Devcast,nullam sit amet turpis elementum ligula vehicula consequat morbi a ipsum integer,Siouxie Bazoge,sbazoge3g@abc.net.au,111-233-9463,6 Buena Vista Plaza,Tamansari,,
126,6387293703390295,Mastercard,8/14/2025,958,Erinna Anneslie,04329 Emmet Place,Arendal,09,4808,Norway,4999.67,10/8/2026,Blognation,Retail,integer aliquet massa id lobortis convallis tortor risus dapibus augue vel accumsan tellus nisi,Purchase,NOK,1.1966,364.92,11/30/2025,Approved,pede lobortis ligula sit amet eleifend pede libero quis orci nullam molestie nibh in lectus pellentesque at nulla suspendisse,Abatz,sit amet eleifend pede libero quis orci nullam molestie nibh in lectus pellentesque at nulla suspendisse potenti cras,Zacharias Mazey,zmazey3h@shareasale.com,811-963-2488,70811 Summer Ridge Terrace,Chornoliztsi,,
127,3528651032810902,American Express,1/2/2024,613,Libbi Tondeur,4 Memorial Park,Donomulyo,,,Indonesia,1233.67,9/27/2030,Linktype,Travel,et magnis dis parturient montes nascetur ridiculus mus etiam vel augue vestibulum rutrum rutrum neque aenean auctor gravida,Purchase,IDR,0.5982,4117.29,8/19/2030,Declined,fringilla rhoncus mauris enim leo rhoncus sed vestibulum sit amet cursus id,Shuffletag,nunc proin at turpis a pede posuere nonummy integer non velit donec,Lucas Roark,lroark3i@bandcamp.com,397-694-0356,86229 Cascade Parkway,Lyon,B9,69464 CEDEX 06
128,6759811465234636073,American Express,4/30/2026,714,Irwin Charley,48819 Susan Point,Samayac,,10009,Guatemala,7419.32,2/11/2022,Npath,Entertainment,vulputate vitae nisl aenean lectus pellentesque eget nunc donec quis orci,Purchase,GTQ,1.3436,7758.49,5/1/2026,Declined,cubilia curae nulla dapibus dolor vel est donec odio justo sollicitudin ut suscipit a feugiat,Skynoodle,eu mi nulla ac enim in tempor turpis nec euismod scelerisque quam,Finn Massot,fmassot3j@apache.org,934-368-2224,36577 Lien Avenue,Hadayang,,
129,4913583625988251,American Express,7/7/2024,509,Rodd Moralee,2 Carioca Drive,Cayur,,,Indonesia,2778.62,4/4/2022,Bubblebox,Retail,duis bibendum felis sed interdum venenatis turpis enim blandit mi in,Purchase,IDR,0.7644,5492.76,10/7/2028,Declined,nam ultrices libero non mattis pulvinar nulla pede ullamcorper augue,Myworks,elit proin risus praesent lectus vestibulum quam sapien varius ut,Adham Wallbanks,awallbanks3k@ucoz.com,352-871-4995,92 Annamark Way,Suining,,
130,3582805807063682,Visa,7/21/2030,171,Rosalyn Lermouth,0451 Burrows Hill,Iquipi,,,Peru,7242.93,5/12/2028,Tagchat,Travel,iaculis congue vivamus metus arcu adipiscing molestie hendrerit at vulputate vitae nisl aenean lectus pellentesque eget,Cash Advance,PEN,1.1402,3167.43,8/18/2026,Declined,sed vel enim sit amet nunc viverra dapibus nulla suscipit ligula in lacus curabitur,Avamba,sapien a libero nam dui proin leo odio porttitor id consequat in consequat ut nulla sed accumsan,Elsworth Matthensen,ematthensen3l@yandex.ru,176-386-2235,0466 Colorado Way,Xia Zanggor,,
131,676268921536669683,Mastercard,8/31/2022,762,Cort Hanmore,9 Green Ridge Hill,Skoura,,,Morocco,4049.62,4/2/2026,Realcube,Dining,maecenas leo odio condimentum id luctus nec molestie sed justo pellentesque viverra pede ac,Refund,MAD,0.7196,687.61,10/20/2030,Declined,nunc donec quis orci eget orci vehicula condimentum curabitur in libero ut,Fanoodle,erat fermentum justo nec condimentum neque sapien placerat ante nulla justo aliquam quis turpis eget elit sodales scelerisque mauris,Cirillo Perigoe,cperigoe3m@free.fr,593-359-6479,6796 Vidon Circle,Lloqan,,
132,5311458316120040,Visa,10/17/2024,151,Kristen Willans,2544 Donald Circle,Dajin,,,China,2542.58,9/11/2028,Eamia,Travel,adipiscing lorem vitae mattis nibh ligula nec sem duis aliquam convallis,Refund,CNY,1.1391,3302.44,11/28/2026,Approved,nulla integer pede justo lacinia eget tincidunt eget tempus vel pede morbi porttitor lorem id ligula suspendisse,Meembee,augue a suscipit nulla elit ac nulla sed vel enim,Rochelle Glinde,rglinde3n@newsvine.com,691-911-5046,4493 Kenwood Place,Peuteuy,,
133,5002350346164680,American Express,11/14/2023,706,Laughton Spyvye,4 Beilfuss Junction,Jinping,,,China,4950.52,8/10/2030,Browsebug,Retail,cubilia curae nulla dapibus dolor vel est donec odio justo sollicitudin ut,Cash Advance,CNY,1.6435,1148.85,9/12/2024,Pending,ante ipsum primis in faucibus orci luctus et ultrices posuere cubilia curae mauris viverra diam vitae quam,Topicstorm,lacinia erat vestibulum sed magna at nunc commodo placerat praesent blandit nam nulla integer pede justo lacinia eget tincidunt,Cyrill Garrie,cgarrie3o@indiatimes.com,166-459-1993,39 Pine View Crossing,Bagdadi,,
134,5602256750733510,Visa,1/18/2027,188,Jarrid Huband,43 Hooker Center,Lyudinovo,,249406,Russia,7677.69,11/10/2025,Realpoint,Entertainment,ut volutpat sapien arcu sed augue aliquam erat volutpat in congue etiam justo,Cash Advance,RUB,0.7624,6120.13,5/5/2026,Pending,augue vestibulum rutrum rutrum neque aenean auctor gravida sem praesent id massa id nisl venenatis lacinia aenean sit amet justo,Vitz,sociis natoque penatibus et magnis dis parturient montes nascetur ridiculus mus etiam vel augue vestibulum rutrum,Rosa Hollingdale,rhollingdale3p@spiegel.de,790-509-1437,92646 Parkside Crossing,Mizur,,363220
135,5010129118134398,American Express,1/12/2030,886,Jocko Ovendon,45 Crowley Parkway,Wulongshan,,,China,3425.23,3/5/2026,Trudoo,Travel,amet justo morbi ut odio cras mi pede malesuada in imperdiet et commodo vulputate justo in blandit ultrices enim,Refund,CNY,1.7242,8757.2,5/31/2023,Approved,donec semper sapien a libero nam dui proin leo odio porttitor id consequat in consequat ut nulla,Tagcat,tempus vivamus in felis eu sapien cursus vestibulum proin eu mi nulla ac enim in tempor turpis nec,Kasper Fletcher,kfletcher3q@hhs.gov,813-903-5649,68 Harbort Avenue,Lengkongjaya,,
136,3580059249096122,Visa,12/9/2026,729,Jennica Piggot,7 Rowland Terrace,Malanów,,62-709,Poland,1059.35,3/22/2029,Minyx,Entertainment,in hac habitasse platea dictumst aliquam augue quam sollicitudin vitae consectetuer eget rutrum at lorem integer tincidunt ante vel ipsum,Purchase,PLN,0.7227,2547.47,2/23/2025,Declined,odio consequat varius integer ac leo pellentesque ultrices mattis odio donec vitae nisi nam ultrices libero,Skyvu,dui vel sem sed sagittis nam congue risus semper porta volutpat quam pede lobortis,Artus Blount,ablount3r@ameblo.jp,174-466-7427,18 Lawn Trail,Chengnan,,
137,561057146372204291,Visa,2/11/2027,489,Laurie Philipp,262 Dawn Center,Yuyang,,,China,8041.06,10/13/2028,Cogidoo,Travel,ut at dolor quis odio consequat varius integer ac leo pellentesque ultrices mattis odio,Purchase,CNY,1.3696,8522.29,6/19/2028,Approved,vestibulum ante ipsum primis in faucibus orci luctus et ultrices posuere cubilia curae duis faucibus accumsan odio curabitur,Minyx,aliquam lacus morbi quis tortor id nulla ultrices aliquet maecenas leo odio condimentum id,Marylin Franzel,mfranzel3s@adobe.com,648-856-5702,8 Mayer Park,Krasnyy Klyuch,,676058
138,4903473834693516,American Express,5/22/2024,349,Rudyard Austen,3 Manley Parkway,Garanhuns,,55290-000,Brazil,3064.86,7/4/2026,Browseblab,Entertainment,natoque penatibus et magnis dis parturient montes nascetur ridiculus mus etiam vel augue vestibulum rutrum rutrum neque aenean auctor,Purchase,BRL,0.8485,2213.6,12/19/2030,Pending,vulputate justo in blandit ultrices enim lorem ipsum dolor sit amet consectetuer adipiscing elit proin interdum mauris non,Voolith,est phasellus sit amet erat nulla tempus vivamus in felis eu sapien cursus vestibulum proin eu,Melvyn Hurford,mhurford3t@stanford.edu,932-893-0277,40 Bellgrove Drive,Diego de Almagro,,
139,3549964750853714,Mastercard,8/4/2024,125,Almeria Marr,0020 Fordem Junction,Daqian,,,China,8023.15,2/3/2030,Blogtag,Dining,sit amet justo morbi ut odio cras mi pede malesuada in imperdiet et commodo vulputate justo in blandit ultrices enim,Refund,CNY,1.8885,1694.05,9/29/2024,Pending,ut dolor morbi vel lectus in quam fringilla rhoncus mauris enim,Aimbo,maecenas tincidunt lacus at velit vivamus vel nulla eget eros,Welch Schole,wschole3u@omniture.com,695-693-2909,89 Monica Avenue,Koźmin Wielkopolski,,63-720
140,6383007634338775,Mastercard,4/30/2030,607,Penn Hairon,23255 Petterle Pass,Khemarat,,34170,Thailand,2163.4,9/16/2028,Miboo,Dining,curabitur convallis duis consequat dui nec nisi volutpat eleifend donec ut dolor morbi vel lectus in quam fringilla rhoncus mauris,Cash Advance,THB,1.9882,9272.05,10/30/2030,Pending,nisl duis bibendum felis sed interdum venenatis turpis enim blandit mi in porttitor pede,Lazzy,curabitur at ipsum ac tellus semper interdum mauris ullamcorper purus sit amet nulla quisque arcu libero rutrum ac,Lorry Dalbey,ldalbey3v@harvard.edu,745-156-9716,7 Sugar Way,Baghdad,,
141,3564030782150105,Mastercard,9/12/2030,767,Wyatt Kirkland,01 Grasskamp Hill,Mbale,,,Kenya,3199.05,8/19/2028,Thoughtworks,Travel,sit amet consectetuer adipiscing elit proin risus praesent lectus vestibulum quam sapien varius ut blandit non interdum in ante,Refund,KES,1.8029,274.63,12/16/2026,Declined,tincidunt ante vel ipsum praesent blandit lacinia erat vestibulum sed magna at nunc commodo placerat praesent blandit nam nulla,Fanoodle,in magna bibendum imperdiet nullam orci pede venenatis non sodales sed tincidunt eu felis,Timmy Daynter,tdaynter3w@ed.gov,664-300-7169,30979 Delaware Center,Shuiyuan,,
142,30285534813796,Mastercard,8/22/2028,263,Parsifal Burvill,9125 Petterle Plaza,Ta’ Xbiex,,ZTN,Malta,953.97,2/25/2025,Kaymbo,Entertainment,eleifend luctus ultricies eu nibh quisque id justo sit amet sapien dignissim vestibulum vestibulum ante ipsum,Cash Advance,EUR,1.7244,5024.19,11/16/2025,Declined,a suscipit nulla elit ac nulla sed vel enim sit amet nunc viverra dapibus nulla,Meemm,vestibulum sit amet cursus id turpis integer aliquet massa id,Raimundo Toolin,rtoolin3x@unblog.fr,215-329-1179,6145 Meadow Ridge Center,Jomda,,
143,5100145807195418,American Express,4/26/2029,589,Juli Acres,97055 Dryden Avenue,Santulhão,04,5230-204,Portugal,3366.29,12/14/2029,Agimba,Retail,volutpat erat quisque erat eros viverra eget congue eget semper,Refund,EUR,1.1798,2305.2,6/13/2024,Approved,vestibulum sagittis sapien cum sociis natoque penatibus et magnis dis parturient,Gigaclub,maecenas leo odio condimentum id luctus nec molestie sed justo pellentesque viverra,Missy Toy,mtoy3y@un.org,970-171-2786,0462 Lotheville Junction,Lykóvrysi,,
144,3531499000551321,American Express,9/25/2026,817,Gene Whife,7382 Lukken Road,Grujugan,,,Indonesia,8044.14,4/12/2027,Fliptune,Retail,varius ut blandit non interdum in ante vestibulum ante ipsum primis in faucibus,Purchase,IDR,1.8682,4330.51,5/22/2028,Approved,ac enim in tempor turpis nec euismod scelerisque quam turpis adipiscing lorem vitae mattis nibh ligula nec,Mymm,leo odio porttitor id consequat in consequat ut nulla sed accumsan felis ut at dolor quis odio consequat varius,Nappy Luxon,nluxon3z@opera.com,401-472-0547,6 Everett Lane,Bakaran Kulon,,
145,5602217104621082,Mastercard,12/27/2027,433,Anabal Aleavy,02 Fair Oaks Terrace,Batan,,5615,Philippines,4667.14,5/20/2025,Cogilith,Retail,posuere metus vitae ipsum aliquam non mauris morbi non lectus aliquam sit amet diam,Cash Advance,PHP,1.0808,8333.49,6/4/2030,Pending,parturient montes nascetur ridiculus mus vivamus vestibulum sagittis sapien cum sociis natoque,Kimia,amet sapien dignissim vestibulum vestibulum ante ipsum primis in faucibus orci luctus et ultrices posuere cubilia curae nulla dapibus dolor,Tabb Knoble,tknoble40@pinterest.com,337-698-8429,56210 Mcguire Road,Kisarazu,,299-0271
146,5564257703225303,Visa,5/11/2025,121,Georg Oakden,12463 Cottonwood Terrace,Añatuya,,3760,Argentina,7911.76,1/6/2028,Flipopia,Retail,et commodo vulputate justo in blandit ultrices enim lorem ipsum dolor sit amet consectetuer adipiscing elit proin interdum mauris non,Cash Advance,ARS,0.5113,4736.53,4/23/2024,Declined,tempor turpis nec euismod scelerisque quam turpis adipiscing lorem vitae mattis nibh ligula nec sem duis aliquam convallis,Gabtype,lacinia sapien quis libero nullam sit amet turpis elementum ligula vehicula consequat morbi a ipsum integer a nibh,Quill Soans,qsoans41@mapquest.com,976-794-6826,30061 Russell Trail,Don Tan,,49120
147,3542661363240696,American Express,8/19/2029,268,Sheena Veryard,58471 Longview Plaza,Hemudu,,,China,2853.73,9/11/2024,Brightdog,Retail,eleifend donec ut dolor morbi vel lectus in quam fringilla rhoncus mauris enim,Purchase,CNY,0.9173,7805.17,8/27/2029,Approved,rutrum nulla tellus in sagittis dui vel nisl duis ac nibh fusce lacus,Feedfire,posuere cubilia curae donec pharetra magna vestibulum aliquet ultrices erat tortor,Krista Rickets,krickets42@fema.gov,944-796-3090,18 Jackson Court,Maganha,13,4785-650
148,3530724449174620,Visa,5/2/2023,839,Boycey Reolfi,808 Crest Line Alley,Chybie,,43-520,Poland,9214.07,7/2/2026,Centimia,Entertainment,eleifend donec ut dolor morbi vel lectus in quam fringilla rhoncus mauris,Refund,PLN,0.8695,8418.01,1/3/2028,Declined,magnis dis parturient montes nascetur ridiculus mus vivamus vestibulum sagittis sapien cum sociis natoque penatibus,Eadel,ligula nec sem duis aliquam convallis nunc proin at turpis a pede posuere nonummy integer non velit donec diam neque,Jordain Philipsson,jphilipsson43@odnoklassniki.ru,844-617-4214,21233 Gateway Pass,Kifrī,,
149,201601119294009,Mastercard,10/2/2027,404,Nerita Megarry,889 Westerfield Circle,El Capulin,MEX,56568,Mexico,2268.2,4/23/2023,Realpoint,Entertainment,ut blandit non interdum in ante vestibulum ante ipsum primis in faucibus orci luctus et ultrices posuere cubilia curae duis,Purchase,MXN,1.8742,8060.84,5/27/2028,Pending,libero quis orci nullam molestie nibh in lectus pellentesque at nulla suspendisse potenti cras in purus eu,Dynabox,vivamus metus arcu adipiscing molestie hendrerit at vulputate vitae nisl aenean lectus pellentesque,Trix Thurlborn,tthurlborn44@last.fm,550-638-0792,235 4th Avenue,Longfengba,,
150,3586589787814746,Mastercard,9/5/2025,946,Francine Admans,30467 Ryan Plaza,Shezë,,,Albania,3533.41,8/1/2026,Zoomzone,Travel,viverra diam vitae quam suspendisse potenti nullam porttitor lacus at turpis donec posuere metus vitae ipsum aliquam non,Purchase,ALL,1.7043,1896.45,3/24/2027,Declined,amet justo morbi ut odio cras mi pede malesuada in imperdiet et commodo,Cogidoo,sed lacus morbi sem mauris laoreet ut rhoncus aliquet pulvinar,Berenice Duffet,bduffet45@github.io,748-527-4268,4 Dorton Circle,Askaniya Nova,,
151,5602255179045480,Visa,9/11/2023,284,Harold Trippitt,72467 Sherman Trail,Yuanhou,,,China,1957.67,10/30/2030,Quinu,Travel,ultricies eu nibh quisque id justo sit amet sapien dignissim vestibulum vestibulum ante ipsum primis in faucibus orci,Cash Advance,CNY,1.6748,7534.08,10/14/2024,Approved,varius ut blandit non interdum in ante vestibulum ante ipsum,Photojam,sapien varius ut blandit non interdum in ante vestibulum ante ipsum primis in faucibus,Allyn McKellen,amckellen46@canalblog.com,886-352-6737,98 Laurel Parkway,Maraã,,69490-000
152,3563997809190861,Mastercard,12/2/2022,219,Crosby Olechnowicz,1 Aberg Junction,Ōmiya,,319-3117,Japan,5617.66,1/23/2023,Aivee,Retail,a pede posuere nonummy integer non velit donec diam neque vestibulum eget vulputate ut ultrices,Refund,JPY,1.5518,3017.35,6/30/2024,Approved,elementum ligula vehicula consequat morbi a ipsum integer a nibh,Topiclounge,odio odio elementum eu interdum eu tincidunt in leo maecenas pulvinar lobortis est phasellus sit amet,Thedrick Tinniswood,ttinniswood47@weather.com,174-334-5224,4471 Upham Pass,Nazaré da Mata,,55800-000
153,3558127544522676,Mastercard,9/9/2029,983,Gilly Callis,1708 Delladonna Terrace,Giyon,,,Ethiopia,1886.37,1/26/2026,Skyndu,Dining,felis ut at dolor quis odio consequat varius integer ac leo pellentesque ultrices mattis odio donec vitae nisi nam,Purchase,ETB,1.5234,3267.85,4/27/2027,Pending,amet eleifend pede libero quis orci nullam molestie nibh in lectus,Kwilith,donec dapibus duis at velit eu est congue elementum in,Therine Malek,tmalek48@aol.com,727-691-4242,59665 Starling Road,Usicayos,,
154,201432739271627,American Express,6/26/2022,108,Gloriane Farries,660 Blackbird Avenue,Nanxindian,,,China,8045.45,4/21/2027,Skynoodle,Retail,natoque penatibus et magnis dis parturient montes nascetur ridiculus mus etiam vel augue vestibulum rutrum rutrum neque,Refund,CNY,1.3405,4654.29,2/21/2025,Approved,donec diam neque vestibulum eget vulputate ut ultrices vel augue vestibulum ante ipsum primis,Tazz,nulla sed accumsan felis ut at dolor quis odio consequat varius integer,Carlene Outibridge,coutibridge49@tripadvisor.com,248-266-2221,8 Gateway Center,Bosaso,,
155,5048375048656168,Visa,12/20/2022,733,Iris Castilla,89 Gerald Place,Muro,13,4620-620,Portugal,525.5,10/12/2029,Tagchat,Travel,porta volutpat quam pede lobortis ligula sit amet eleifend pede,Cash Advance,EUR,1.0218,4883.25,1/25/2028,Declined,praesent blandit lacinia erat vestibulum sed magna at nunc commodo placerat,Feednation,nascetur ridiculus mus etiam vel augue vestibulum rutrum rutrum neque aenean auctor,Moyra Dargavel,mdargavel4a@yahoo.com,131-273-6504,28 Coleman Avenue,Palaiochóri,,
156,201599066705912,American Express,5/10/2028,602,Ianthe Waterworth,93940 Moose Road,Svoge,,2287,Bulgaria,4380.7,7/9/2024,Avaveo,Retail,ante vivamus tortor duis mattis egestas metus aenean fermentum donec ut mauris eget massa tempor,Cash Advance,BGN,0.9475,5438.29,1/17/2027,Pending,porttitor lorem id ligula suspendisse ornare consequat lectus in est risus auctor sed tristique,Youtags,nec nisi vulputate nonummy maecenas tincidunt lacus at velit vivamus vel nulla eget,Dionisio Ratnage,dratnage4b@twitter.com,734-562-0934,59 Fuller Parkway,Le Teil,B9,07404 CEDEX
157,5602246884365328771,Visa,4/9/2023,874,Lurlene Devine,88 Holmberg Trail,Manakara,,,Madagascar,3698.82,10/25/2028,Quatz,Travel,eu mi nulla ac enim in tempor turpis nec euismod scelerisque quam turpis,Cash Advance,MGA,1.8817,9419.09,7/11/2028,Declined,rhoncus dui vel sem sed sagittis nam congue risus semper porta volutpat quam pede lobortis,Rhyloo,ut ultrices vel augue vestibulum ante ipsum primis in faucibus orci luctus et ultrices posuere cubilia curae donec,Jasmine Doley,jdoley4c@dmoz.org,857-635-7906,5988 Ridgeview Pass,Tanagara,,
158,6397588617140282,Mastercard,4/30/2030,573,Pattie D'Hooge,49113 Myrtle Street,Poříčany,,289 14,Czech Republic,8511.13,2/16/2027,Skaboo,Entertainment,iaculis congue vivamus metus arcu adipiscing molestie hendrerit at vulputate vitae nisl aenean lectus,Purchase,CZK,1.0218,1435.92,11/17/2029,Declined,hendrerit at vulputate vitae nisl aenean lectus pellentesque eget nunc donec quis orci eget orci vehicula condimentum curabitur,Edgeblab,nisl nunc rhoncus dui vel sem sed sagittis nam congue risus,Constancia Hemerijk,chemerijk4d@uol.com.br,736-747-0255,9 Loftsgordon Court,Eshowe,,3850
159,6759204818818640397,Visa,6/29/2029,589,Elianora Tiffin,401 Rusk Way,Cambuí,,37600-000,Brazil,5970.58,7/2/2028,Jabberstorm,Retail,felis eu sapien cursus vestibulum proin eu mi nulla ac enim in tempor turpis nec,Refund,BRL,0.5533,8727.84,1/20/2024,Declined,a odio in hac habitasse platea dictumst maecenas ut massa,Centimia,quis turpis sed ante vivamus tortor duis mattis egestas metus aenean fermentum donec ut mauris eget massa tempor convallis,Lucy Winram,lwinram4e@reuters.com,190-661-3941,65152 Jana Circle,Armentières,B4,59425 CEDEX
160,3582191816974338,Visa,3/2/2029,587,Araldo Brainsby,63630 Brentwood Center,Sarykemer,,,Kazakhstan,1560.34,3/22/2024,Kamba,Retail,quis orci eget orci vehicula condimentum curabitur in libero ut massa,Cash Advance,KZT,1.8657,9588.97,10/17/2026,Approved,nisl aenean lectus pellentesque eget nunc donec quis orci eget orci vehicula condimentum curabitur,Zoomcast,pulvinar nulla pede ullamcorper augue a suscipit nulla elit ac,Jeane Simnett,jsimnett4f@technorati.com,321-709-8501,5 Lakewood Gardens Trail,Artsvaberd,,
161,6333151674759278037,American Express,6/12/2028,450,Pat Plewright,5380 Prairie Rose Road,Kamionka Wielka,,33-334,Poland,7450.47,11/25/2022,Wikizz,Travel,primis in faucibus orci luctus et ultrices posuere cubilia curae donec pharetra magna vestibulum,Refund,PLN,1.5936,1569.76,2/13/2026,Declined,luctus et ultrices posuere cubilia curae duis faucibus accumsan odio curabitur convallis duis consequat dui nec nisi,Centizu,vestibulum rutrum rutrum neque aenean auctor gravida sem praesent id massa id nisl,Kristofor Rosenthal,krosenthal4g@fema.gov,688-240-5421,7 Troy Court,Da’an,,
162,3531597352306895,Visa,4/15/2023,480,Elke Burgan,280 Merrick Court,Sharga,,,Mongolia,9882.46,5/25/2030,Meeveo,Travel,platea dictumst maecenas ut massa quis augue luctus tincidunt nulla mollis molestie lorem quisque ut erat curabitur gravida nisi at,Purchase,MNT,1.9235,3283.19,1/1/2027,Pending,justo in blandit ultrices enim lorem ipsum dolor sit amet consectetuer adipiscing elit,Rhyzio,suscipit ligula in lacus curabitur at ipsum ac tellus semper interdum mauris ullamcorper purus,Ynes Hunnable,yhunnable4h@php.net,619-998-6246,0 Hovde Plaza,Shapaja,,
163,5602238451587497451,Mastercard,11/12/2027,635,Smitty Warton,98235 Golf View Trail,Katima Mulilo,,,Namibia,9659.53,1/11/2029,Tagopia,Travel,lorem integer tincidunt ante vel ipsum praesent blandit lacinia erat vestibulum sed magna at nunc commodo placerat praesent blandit nam,Refund,NAD,1.2159,1727.93,1/31/2029,Approved,ultrices posuere cubilia curae duis faucibus accumsan odio curabitur convallis duis consequat dui nec nisi volutpat eleifend donec ut,Trilith,pede morbi porttitor lorem id ligula suspendisse ornare consequat lectus in est risus auctor sed,Kirstin Kayser,kkayser4i@themeforest.net,612-457-7405,92573 Sugar Pass,Västerås,U,721 00
164,493614674174760873,Visa,12/8/2024,559,Tab Jolliman,57 Dawn Place,Tudela,,7202,Philippines,7245.87,11/20/2028,Devpulse,Retail,odio justo sollicitudin ut suscipit a feugiat et eros vestibulum ac est,Cash Advance,PHP,1.024,4144.04,1/20/2029,Pending,vivamus vestibulum sagittis sapien cum sociis natoque penatibus et magnis dis parturient montes nascetur ridiculus mus etiam,Talane,nulla integer pede justo lacinia eget tincidunt eget tempus vel pede morbi porttitor lorem id,Aindrea Stirrup,astirrup4j@webmd.com,979-416-6585,56763 Fuller Trail,Srunikrajan,,
165,5002357291588771,Mastercard,2/25/2025,969,Nate Blunt,351 Iowa Crossing,Tyumen,,625999,Russia,4388.63,1/9/2028,Gabvine,Travel,in quam fringilla rhoncus mauris enim leo rhoncus sed vestibulum,Purchase,RUB,1.3886,9188.68,7/30/2026,Pending,ut nunc vestibulum ante ipsum primis in faucibus orci luctus et ultrices posuere cubilia curae mauris viverra diam vitae,Yombu,ut massa quis augue luctus tincidunt nulla mollis molestie lorem quisque ut erat curabitur,Adan Delgadillo,adelgadillo4k@github.com,384-891-0825,48588 Eastwood Alley,Akademija (Kaunas),,53088
166,4508729533050228,Visa,12/17/2030,475,Shelli Albiston,5187 American Place,Habartov,,357 09,Czech Republic,5263.75,8/31/2024,Innojam,Travel,varius nulla facilisi cras non velit nec nisi vulputate nonummy maecenas tincidunt,Cash Advance,CZK,0.6608,7140.23,3/19/2030,Pending,ac consequat metus sapien ut nunc vestibulum ante ipsum primis in faucibus orci luctus et ultrices posuere,Jetpulse,quis augue luctus tincidunt nulla mollis molestie lorem quisque ut erat,Haily Crunden,hcrunden4l@fastcompany.com,346-427-3936,4 Pleasure Avenue,Zlatar,,49250
167,677100830340000474,Mastercard,10/13/2022,573,Karilynn Luff,92592 Cody Alley,Puszczykowo,,62-040,Poland,2591.11,10/30/2024,Photolist,Travel,porttitor pede justo eu massa donec dapibus duis at velit eu est congue,Cash Advance,PLN,1.1649,7822.6,7/1/2029,Pending,augue vestibulum ante ipsum primis in faucibus orci luctus et ultrices posuere cubilia curae donec,Gabtype,sed lacus morbi sem mauris laoreet ut rhoncus aliquet pulvinar sed nisl nunc rhoncus dui,Juana McGrane,jmcgrane4m@51.la,592-408-2963,251 Autumn Leaf Park,Bayan Bulag,,
168,5100173079415199,Visa,8/17/2023,443,Hodge Rivilis,4185 Holy Cross Hill,Cortez,,8313,Philippines,7116.92,12/21/2023,Wordtune,Dining,curabitur convallis duis consequat dui nec nisi volutpat eleifend donec ut dolor morbi vel lectus in,Refund,PHP,1.4826,9836.13,7/2/2023,Approved,commodo placerat praesent blandit nam nulla integer pede justo lacinia,Jabbersphere,luctus et ultrices posuere cubilia curae mauris viverra diam vitae,Godfree Jagg,gjagg4n@123-reg.co.uk,666-915-7037,25 Grasskamp Place,Redcliff,,
169,3556360536258163,Visa,11/26/2027,506,Katya McEvay,843 Mandrake Place,San Jose,,8427,Philippines,3928.91,9/27/2030,Yata,Entertainment,mattis egestas metus aenean fermentum donec ut mauris eget massa tempor convallis nulla neque libero convallis eget eleifend luctus ultricies,Cash Advance,PHP,0.8323,2034.64,8/2/2023,Approved,quis turpis sed ante vivamus tortor duis mattis egestas metus aenean fermentum donec ut mauris eget massa tempor,Thoughtworks,nisl venenatis lacinia aenean sit amet justo morbi ut odio cras mi pede malesuada in imperdiet et commodo vulputate justo,Giffer Wagerfield,gwagerfield4o@shinystat.com,761-987-0000,7 Susan Terrace,Petrovskoye,,152130
170,5108759824526348,Mastercard,9/17/2024,901,Ignace Negal,0290 Graedel Junction,Siaya,,,Kenya,4875.03,11/16/2027,Skipstorm,Retail,congue etiam justo etiam pretium iaculis justo in hac habitasse platea dictumst etiam faucibus,Refund,KES,0.7643,5447.31,9/6/2028,Approved,laoreet ut rhoncus aliquet pulvinar sed nisl nunc rhoncus dui vel sem sed sagittis nam,Zoomcast,in faucibus orci luctus et ultrices posuere cubilia curae duis faucibus accumsan,Corrie Heninghem,cheninghem4p@irs.gov,257-424-0456,31430 Beilfuss Terrace,Gävle,X,801 33
171,3531603062887768,Visa,3/22/2028,456,Moina Andreasson,46 Green Street,Vale de São Cosme,03,4770-565,Portugal,2978.79,2/27/2030,Skimia,Retail,maecenas pulvinar lobortis est phasellus sit amet erat nulla tempus,Purchase,EUR,1.3693,8509.29,2/3/2024,Pending,iaculis diam erat fermentum justo nec condimentum neque sapien placerat ante nulla justo aliquam quis turpis eget elit sodales,Thoughtworks,viverra dapibus nulla suscipit ligula in lacus curabitur at ipsum ac tellus,Sarah Proudler,sproudler4q@tuttocitta.it,950-706-6827,90 Elgar Lane,Luzhai,,
172,30091807918332,Mastercard,11/15/2028,807,Elwyn Corballis,483 Shelley Place,Stockholm,AB,112 75,Sweden,1076.18,5/20/2026,Browseblab,Travel,porttitor lacus at turpis donec posuere metus vitae ipsum aliquam non mauris morbi non lectus aliquam sit amet diam,Cash Advance,SEK,1.9455,1478.31,12/29/2023,Declined,nibh in lectus pellentesque at nulla suspendisse potenti cras in,Youbridge,ultrices erat tortor sollicitudin mi sit amet lobortis sapien sapien non mi integer,Grover Allibone,gallibone4r@dropbox.com,802-469-3813,4329 Schmedeman Circle,Xinglong,,
173,201525303683455,Visa,11/25/2026,114,Karlene Steinhammer,0 Glendale Terrace,Taekas,,,Indonesia,1921.38,3/31/2028,Zoomlounge,Retail,quis lectus suspendisse potenti in eleifend quam a odio in hac habitasse platea dictumst maecenas ut massa,Cash Advance,IDR,0.9713,950.22,11/11/2026,Pending,proin interdum mauris non ligula pellentesque ultrices phasellus id sapien in sapien iaculis congue vivamus,Yadel,pede venenatis non sodales sed tincidunt eu felis fusce posuere,Fancy Sibbson,fsibbson4s@sourceforge.net,468-306-0218,6333 Oakridge Court,Ngulung Wetan,,
174,67618627065787106,Mastercard,2/5/2025,324,Filberte Sans,4 Park Meadow Alley,Pingfeng,,,China,9352.54,4/26/2028,Kazu,Retail,vel nisl duis ac nibh fusce lacus purus aliquet at feugiat non pretium quis lectus suspendisse potenti in eleifend,Purchase,CNY,0.876,9660.84,7/11/2026,Declined,turpis nec euismod scelerisque quam turpis adipiscing lorem vitae mattis nibh,Skipstorm,sit amet nulla quisque arcu libero rutrum ac lobortis vel dapibus at diam nam,Yetta Kuhl,ykuhl4t@blog.com,285-976-1823,8410 Pine View Pass,Santiago do Cacém,15,7540-104
175,3541348527790185,Mastercard,1/30/2023,377,Arthur Westmerland,6 Pleasure Circle,Ad Dabbah,,,Sudan,8005.14,1/15/2028,Edgeify,Retail,nisi at nibh in hac habitasse platea dictumst aliquam augue quam sollicitudin vitae consectetuer eget rutrum,Cash Advance,SDG,1.1305,8369.62,10/3/2029,Declined,aliquet at feugiat non pretium quis lectus suspendisse potenti in eleifend quam,Oloo,vulputate elementum nullam varius nulla facilisi cras non velit nec nisi vulputate nonummy maecenas tincidunt,Lanny Sainsbury,lsainsbury4u@nhs.uk,491-115-7426,62 Haas Pass,Cumba,,
176,3580890686754751,American Express,11/23/2023,743,Dniren Morl,6912 Park Meadow Crossing,Santo Tomás,,083067,Colombia,6180.56,6/9/2026,Jatri,Retail,aenean auctor gravida sem praesent id massa id nisl venenatis lacinia aenean sit amet justo morbi,Cash Advance,COP,1.0372,1370.86,10/11/2029,Pending,mi sit amet lobortis sapien sapien non mi integer ac neque duis bibendum morbi non quam nec dui,Photospace,nam nulla integer pede justo lacinia eget tincidunt eget tempus vel pede morbi porttitor,Gerrilee Clouston,gclouston4v@baidu.com,591-794-3635,96 Cody Trail,Dasht-e Lati,,
177,3543717944731360,American Express,3/2/2029,536,Janey Ellis,3 Pine View Court,Kaliprak,,,Indonesia,9309.16,7/20/2028,Tagchat,Dining,odio curabitur convallis duis consequat dui nec nisi volutpat eleifend donec ut dolor morbi vel lectus in quam,Refund,IDR,0.5443,6070.13,9/22/2024,Pending,non interdum in ante vestibulum ante ipsum primis in faucibus orci luctus et ultrices,Skaboo,morbi porttitor lorem id ligula suspendisse ornare consequat lectus in est risus,Webster MacAlroy,wmacalroy4w@microsoft.com,573-282-6982,0945 Kedzie Lane,Bastia,A5,20403 CEDEX
178,3546026553649153,Visa,9/7/2030,793,Enrico Agates,80 Rockefeller Drive,Kaeng Khoi,,18110,Thailand,401.14,8/6/2027,Agivu,Retail,magnis dis parturient montes nascetur ridiculus mus etiam vel augue vestibulum rutrum rutrum neque aenean,Refund,THB,1.2302,8031.8,10/29/2028,Approved,ante ipsum primis in faucibus orci luctus et ultrices posuere cubilia curae duis faucibus accumsan odio curabitur convallis,Feedspan,auctor gravida sem praesent id massa id nisl venenatis lacinia aenean sit amet,Lita Chipping,lchipping4x@ucla.edu,501-573-2290,07877 Marcy Alley,Markópoulo,,
179,67091524497634350,American Express,10/17/2027,782,Gav Kasher,21320 Sauthoff Park,Dadamtu,,,China,1964.26,4/30/2028,Buzzshare,Travel,urna ut tellus nulla ut erat id mauris vulputate elementum nullam varius nulla,Purchase,CNY,0.8264,9442.93,2/19/2026,Declined,fermentum justo nec condimentum neque sapien placerat ante nulla justo aliquam quis turpis eget elit sodales scelerisque mauris sit,Eabox,quam pharetra magna ac consequat metus sapien ut nunc vestibulum ante ipsum primis in,Biron Uphill,buphill4y@google.de,472-126-7085,344 Reindahl Street,Évreux,A7,27009 CEDEX
180,201639285693901,American Express,6/25/2027,791,Harland Ramelot,0 Warner Trail,Penambangan,,,Indonesia,3295.77,6/27/2022,Leenti,Dining,eu felis fusce posuere felis sed lacus morbi sem mauris laoreet ut rhoncus aliquet pulvinar sed nisl,Cash Advance,IDR,1.7039,4743.71,6/22/2025,Declined,est phasellus sit amet erat nulla tempus vivamus in felis eu sapien cursus vestibulum,Tagcat,ac nulla sed vel enim sit amet nunc viverra dapibus nulla suscipit ligula in lacus curabitur at,Gaspard Tonkes,gtonkes4z@google.com.hk,104-485-3766,04 Russell Court,Krasnyy Yar,,613645
181,491138246204602929,Mastercard,2/27/2025,723,Baxter Bethell,014 Nova Place,Iowa City,IA,52245,United States,1187.11,6/15/2022,Oozz,Dining,massa quis augue luctus tincidunt nulla mollis molestie lorem quisque ut erat curabitur gravida nisi,Cash Advance,USD,0.7489,6218.64,6/29/2025,Approved,nisi nam ultrices libero non mattis pulvinar nulla pede ullamcorper augue a suscipit nulla elit ac nulla,Dynava,nunc rhoncus dui vel sem sed sagittis nam congue risus semper porta volutpat,Bondy Atheis,batheis50@odnoklassniki.ru,319-619-2467,986 Nelson Center,Praszka,,46-320
182,30451607372298,American Express,5/13/2027,188,Micki McDoual,5 Hintze Center,Vyritsa,,188382,Russia,9291.86,10/8/2024,Thoughtstorm,Dining,et magnis dis parturient montes nascetur ridiculus mus etiam vel augue vestibulum rutrum rutrum,Purchase,RUB,1.0803,1255.19,9/2/2026,Pending,ut erat id mauris vulputate elementum nullam varius nulla facilisi cras non velit nec nisi vulputate,Topiclounge,augue a suscipit nulla elit ac nulla sed vel enim sit amet,Andreas McArdle,amcardle51@cmu.edu,883-909-2593,2783 Del Mar Court,Bayantal,,
183,4905115898790855824,Visa,5/7/2023,593,Ethelind Sharrard,6 Cody Crossing,Stockholm,AB,131 88,Sweden,1723.88,6/10/2023,Meevee,Entertainment,integer aliquet massa id lobortis convallis tortor risus dapibus augue vel accumsan tellus nisi,Purchase,SEK,1.7932,8061.4,1/17/2023,Approved,convallis eget eleifend luctus ultricies eu nibh quisque id justo sit amet,Zoomlounge,etiam justo etiam pretium iaculis justo in hac habitasse platea dictumst etiam faucibus cursus urna ut tellus nulla ut erat,Korney Udey,kudey52@samsung.com,830-281-4024,277 Derek Avenue,Tanamiting,,
184,5100140120380268,Visa,2/26/2027,313,Antonietta Antonognoli,30735 Fremont Court,Ntoke,,,Indonesia,9535.7,4/3/2023,Jetpulse,Retail,nisi at nibh in hac habitasse platea dictumst aliquam augue quam sollicitudin vitae consectetuer eget rutrum,Purchase,IDR,1.7564,6250.91,4/6/2026,Declined,tincidunt ante vel ipsum praesent blandit lacinia erat vestibulum sed magna at nunc commodo placerat praesent blandit nam,Divavu,consequat lectus in est risus auctor sed tristique in tempus sit amet sem fusce consequat nulla nisl nunc,Melamie Yukhnevich,myukhnevich53@goodreads.com,222-304-5068,3 Dayton Park,Cervantes,,2718
185,4175000573969194,American Express,9/25/2027,276,Connor Mateos,4160 Anhalt Place,Dadaha,,,Indonesia,9349.28,5/5/2026,Centizu,Dining,platea dictumst morbi vestibulum velit id pretium iaculis diam erat fermentum justo nec condimentum neque sapien,Purchase,IDR,1.7294,4854.4,11/18/2024,Approved,varius nulla facilisi cras non velit nec nisi vulputate nonummy maecenas tincidunt lacus at velit vivamus vel nulla eget eros,Innojam,nisl aenean lectus pellentesque eget nunc donec quis orci eget orci vehicula condimentum curabitur,Petey Stilliard,pstilliard54@earthlink.net,260-429-3899,7343 Sheridan Street,Cisompet,,
186,3587808489559378,American Express,9/30/2026,357,Terrie Brightey,9789 Beilfuss Plaza,Berģi,,,Latvia,3806.64,9/18/2025,Buzzster,Retail,a pede posuere nonummy integer non velit donec diam neque vestibulum eget vulputate ut ultrices vel augue vestibulum,Cash Advance,EUR,0.9892,8612.02,5/29/2029,Declined,vestibulum sagittis sapien cum sociis natoque penatibus et magnis dis parturient montes nascetur,Flashdog,sapien a libero nam dui proin leo odio porttitor id consequat in consequat ut nulla sed accumsan felis ut,Mareah Droghan,mdroghan55@php.net,565-249-0812,90 Bartillon Park,Sampungu,,
187,3556356200982922,Visa,3/13/2028,828,Horten Harbison,3 Arizona Park,Lianrao,,,China,3153.08,3/16/2030,Lazz,Entertainment,ultrices vel augue vestibulum ante ipsum primis in faucibus orci luctus et ultrices posuere cubilia curae donec pharetra magna,Purchase,CNY,1.9739,8112.02,6/21/2026,Approved,at velit vivamus vel nulla eget eros elementum pellentesque quisque porta volutpat erat,Zoozzy,condimentum curabitur in libero ut massa volutpat convallis morbi odio odio,Anni Carlyon,acarlyon56@reuters.com,435-940-7161,64099 7th Trail,Ishurdi,,3562
188,3577985136718409,Mastercard,12/17/2022,978,Yank Burrage,28 Manitowish Way,Ganzi,,,China,166.75,5/17/2023,Katz,Travel,tincidunt ante vel ipsum praesent blandit lacinia erat vestibulum sed magna at nunc commodo placerat praesent blandit nam,Purchase,CNY,1.857,7951.74,4/15/2029,Declined,venenatis tristique fusce congue diam id ornare imperdiet sapien urna pretium nisl ut volutpat sapien arcu,Dablist,quam sollicitudin vitae consectetuer eget rutrum at lorem integer tincidunt ante vel ipsum praesent blandit lacinia erat vestibulum sed magna,Kesley Swindon,kswindon57@jimdo.com,619-844-4919,4092 Laurel Street,Nankeng,,
189,5244955075456095,Mastercard,1/22/2030,770,Daisie Bundock,4802 Sutherland Court,Farroupilha,,95180-000,Brazil,8657.65,9/24/2025,Fanoodle,Entertainment,tincidunt eget tempus vel pede morbi porttitor lorem id ligula suspendisse,Purchase,BRL,0.7387,766.22,10/4/2028,Approved,orci pede venenatis non sodales sed tincidunt eu felis fusce posuere felis sed lacus morbi sem mauris laoreet,Avamba,ipsum praesent blandit lacinia erat vestibulum sed magna at nunc commodo placerat praesent blandit,Ardella Reely,areely58@amazon.de,713-673-8948,316 David Court,Rybí,,742 65
190,5345278681661505,Mastercard,5/26/2025,929,Estrella Shearmer,6839 Meadow Valley Avenue,Caringin Lor,,,Indonesia,6067.46,2/1/2029,Geba,Retail,ut mauris eget massa tempor convallis nulla neque libero convallis eget eleifend luctus ultricies eu nibh quisque id justo,Cash Advance,IDR,1.1857,6918.78,3/23/2024,Declined,molestie hendrerit at vulputate vitae nisl aenean lectus pellentesque eget nunc donec quis orci eget orci vehicula condimentum curabitur in,Gevee,nullam varius nulla facilisi cras non velit nec nisi vulputate nonummy maecenas tincidunt lacus at velit vivamus vel nulla eget,Saree Stoltz,sstoltz59@tinyurl.com,562-140-0370,583 Susan Point,La Falda,,4640
191,3545581220487297,Visa,4/24/2022,306,Hercules Gellett,52861 Shopko Avenue,Željezno Polje,,,Bosnia and Herzegovina,2618.01,5/27/2027,Pixoboo,Dining,eu magna vulputate luctus cum sociis natoque penatibus et magnis dis parturient montes nascetur ridiculus mus vivamus,Cash Advance,BAM,1.5585,7476.63,10/7/2028,Approved,dapibus dolor vel est donec odio justo sollicitudin ut suscipit a feugiat et eros vestibulum ac est,Cogilith,rutrum neque aenean auctor gravida sem praesent id massa id nisl venenatis lacinia aenean sit,Margit Harkin,mharkin5a@friendfeed.com,499-528-3572,14 International Road,Nelazskoye,,162700
192,3565902920641162,American Express,10/17/2023,162,Mayer Luciano,22339 Maywood Alley,Libertad,,3374,Argentina,1692.85,2/16/2023,Dabvine,Travel,nascetur ridiculus mus etiam vel augue vestibulum rutrum rutrum neque aenean auctor gravida sem praesent id massa id nisl venenatis,Purchase,ARS,1.1894,4420.93,5/18/2022,Declined,blandit non interdum in ante vestibulum ante ipsum primis in faucibus orci,Mynte,pretium iaculis justo in hac habitasse platea dictumst etiam faucibus cursus urna,Lidia Sondland,lsondland5b@hud.gov,651-281-9348,5 Dawn Parkway,Aksu,,
193,4041592104874648,Visa,8/19/2029,950,Kriste Davidzon,98 Stoughton Pass,Filabusi,,,Zimbabwe,4714.44,1/31/2026,Dynabox,Entertainment,odio justo sollicitudin ut suscipit a feugiat et eros vestibulum ac est lacinia nisi venenatis tristique,Refund,ZWL,1.6352,1165.28,9/29/2030,Approved,aliquam non mauris morbi non lectus aliquam sit amet diam in magna bibendum imperdiet,Dablist,aliquet maecenas leo odio condimentum id luctus nec molestie sed justo pellentesque viverra pede ac diam cras pellentesque,Bryn Fincke,bfincke5c@sphinn.com,108-653-7448,2154 Lake View Lane,Aktsyabrski,,
194,3587681741540910,Visa,1/2/2029,372,Alexandrina MacRedmond,7574 Dottie Point,Fier,,,Albania,2724.27,5/1/2022,Topiclounge,Retail,tempus semper est quam pharetra magna ac consequat metus sapien ut,Cash Advance,ALL,1.8834,4964.25,3/24/2030,Declined,sit amet consectetuer adipiscing elit proin interdum mauris non ligula pellentesque,Abatz,suspendisse potenti cras in purus eu magna vulputate luctus cum sociis natoque penatibus et magnis dis parturient montes nascetur,Sarajane Gladwell,sgladwell5d@hugedomains.com,325-848-1317,04 Commercial Junction,Mēga,,
195,501897938228041277,Visa,10/3/2028,751,Joeann Wippermann,21062 3rd Pass,Fucha,,,China,6935.16,5/2/2027,Linkbridge,Entertainment,augue aliquam erat volutpat in congue etiam justo etiam pretium iaculis justo in hac habitasse,Cash Advance,CNY,0.8471,4306.08,1/8/2029,Approved,suspendisse potenti in eleifend quam a odio in hac habitasse platea dictumst maecenas ut massa quis,Zazio,cum sociis natoque penatibus et magnis dis parturient montes nascetur ridiculus mus etiam vel augue vestibulum rutrum rutrum neque,Sadella Codi,scodi5e@fastcompany.com,822-214-1431,797 Grayhawk Pass,Makubetsu,,521-1342
196,3578008910423036,American Express,10/28/2026,363,Kylila Cowdery,51 Browning Alley,Wonorejo,,,Indonesia,106.8,3/4/2024,Voonyx,Retail,a suscipit nulla elit ac nulla sed vel enim sit amet,Refund,IDR,1.3578,1371.21,8/27/2030,Pending,tortor risus dapibus augue vel accumsan tellus nisi eu orci mauris lacinia sapien,Tazzy,mattis pulvinar nulla pede ullamcorper augue a suscipit nulla elit ac nulla sed vel enim,Marchall Gudge,mgudge5f@shareasale.com,604-536-4404,8246 Kenwood Place,Thayetmyo,,
197,3566982093846524,American Express,3/13/2027,241,Chevy Filler,25 Shasta Court,Alcaria da Serra,02,7960-115,Portugal,3056.88,6/20/2024,Tagcat,Dining,aliquet maecenas leo odio condimentum id luctus nec molestie sed justo,Refund,EUR,1.358,6817.12,6/23/2022,Approved,non sodales sed tincidunt eu felis fusce posuere felis sed lacus morbi sem mauris laoreet ut rhoncus aliquet,Tanoodle,adipiscing elit proin interdum mauris non ligula pellentesque ultrices phasellus id sapien in,Debor Rubrow,drubrow5g@techcrunch.com,190-544-8426,45 Bluestem Street,Mainit,,8407
198,3540046834155727,American Express,7/26/2024,841,Ciel Booler,6 Ronald Regan Junction,Sattahip,,20180,Thailand,5751.98,7/25/2026,Browsetype,Retail,nunc purus phasellus in felis donec semper sapien a libero nam dui proin leo odio,Refund,THB,1.1363,9220.74,6/21/2023,Approved,pede ac diam cras pellentesque volutpat dui maecenas tristique est et tempus semper,Zoomdog,ut nulla sed accumsan felis ut at dolor quis odio consequat varius integer ac leo,Griffy Devonish,gdevonish5h@examiner.com,870-778-4584,1475 Sundown Terrace,Naji,,
199,4917468589683229,Visa,4/4/2024,629,Carmita Stranaghan,1493 Springs Plaza,Wonorejo,,,Indonesia,6282.57,5/9/2022,Gabtune,Dining,adipiscing molestie hendrerit at vulputate vitae nisl aenean lectus pellentesque eget nunc donec quis orci eget orci vehicula,Cash Advance,IDR,1.636,6070.1,12/16/2027,Declined,habitasse platea dictumst aliquam augue quam sollicitudin vitae consectetuer eget rutrum at lorem integer tincidunt ante vel ipsum praesent blandit,Plambee,vel ipsum praesent blandit lacinia erat vestibulum sed magna at nunc commodo placerat praesent blandit nam nulla,Claudelle Kerrigan,ckerrigan5i@cnbc.com,577-592-6591,4 Lakewood Gardens Circle,Mitzpe Ramon,,
200,3547708377275625,Mastercard,2/11/2027,496,Norene Bertolin,08581 Hallows Park,Carleton-sur-Mer,QC,P0T,Canada,6730.12,12/18/2029,Brainlounge,Retail,consequat morbi a ipsum integer a nibh in quis justo maecenas rhoncus aliquam lacus morbi quis tortor,Cash Advance,CAD,1.433,8900.64,12/31/2025,Declined,vel accumsan tellus nisi eu orci mauris lacinia sapien quis libero nullam,Babbleopia,magna vulputate luctus cum sociis natoque penatibus et magnis dis parturient,Way Widdecombe,wwiddecombe5j@jigsy.com,994-713-9033,1 Nova Way,Lijiazui,,
201,4913642017009447,Mastercard,9/27/2028,837,Cash Thrussell,121 Oxford Parkway,Arasji,,,Aruba,3692.75,8/23/2029,Zoonoodle,Dining,quis odio consequat varius integer ac leo pellentesque ultrices mattis odio donec vitae nisi nam ultrices,Refund,AWG,0.7402,3434.93,11/16/2026,Approved,tortor quis turpis sed ante vivamus tortor duis mattis egestas metus aenean fermentum donec ut,Jaxbean,sit amet nulla quisque arcu libero rutrum ac lobortis vel dapibus at diam nam tristique tortor eu,Buck Grainger,bgrainger5k@alibaba.com,314-230-4198,8 Alpine Place,Victoria,BC,V9A
202,5610232369372598458,American Express,6/29/2026,315,Garrek Stollberger,31186 Hanover Way,Santa Cruz de la Sierra,,,Bolivia,2394.31,4/9/2027,Browseblab,Travel,mauris viverra diam vitae quam suspendisse potenti nullam porttitor lacus at,Refund,BOB,0.6824,9370.14,11/6/2030,Approved,nulla suspendisse potenti cras in purus eu magna vulputate luctus cum sociis natoque penatibus et magnis dis,Jabberbean,accumsan odio curabitur convallis duis consequat dui nec nisi volutpat eleifend donec ut dolor morbi vel lectus in quam fringilla,Stuart Betteson,sbetteson5l@feedburner.com,481-466-1203,82 Killdeer Pass,Kyzyl-Burun,,
203,3578666785719497,Mastercard,1/12/2024,400,Sara-ann Gosson,0393 Bobwhite Trail,Kaindy,,,Kyrgyzstan,3450.43,1/15/2029,Twitternation,Entertainment,vestibulum velit id pretium iaculis diam erat fermentum justo nec condimentum neque sapien placerat ante nulla justo aliquam,Purchase,KGS,0.8015,169.81,6/10/2026,Approved,platea dictumst morbi vestibulum velit id pretium iaculis diam erat,Topicblab,rutrum rutrum neque aenean auctor gravida sem praesent id massa id nisl venenatis lacinia,Edyth Franses,efranses5m@sfgate.com,700-177-7146,013 Hermina Court,Saripin,,
204,6767192219988450088,American Express,10/27/2022,227,Venus Lavis,8455 Karstens Trail,Quanling,,,China,9699.53,11/7/2022,Babblestorm,Dining,non mauris morbi non lectus aliquam sit amet diam in,Refund,CNY,1.6288,1352.14,9/9/2022,Approved,donec vitae nisi nam ultrices libero non mattis pulvinar nulla pede ullamcorper augue,Jaloo,a ipsum integer a nibh in quis justo maecenas rhoncus aliquam lacus morbi quis tortor id nulla ultrices aliquet maecenas,Mylo Gunby,mgunby5n@eventbrite.com,770-487-1111,05707 Duke Pass,Novoselitsa,,
205,3529420097882415,American Express,1/28/2022,542,Harrison Piletic,444 Butternut Center,Habry,,582 81,Czech Republic,9290.52,10/20/2023,Voonte,Travel,posuere cubilia curae donec pharetra magna vestibulum aliquet ultrices erat tortor sollicitudin mi sit,Cash Advance,CZK,1.0288,3578.11,6/26/2024,Declined,sed ante vivamus tortor duis mattis egestas metus aenean fermentum donec ut mauris,Youtags,penatibus et magnis dis parturient montes nascetur ridiculus mus etiam vel augue,Holly Purkiss,hpurkiss5o@google.ca,226-964-5865,7 Pawling Park,Gajrug,,
206,3587328676475064,American Express,4/12/2027,419,Janith Payn,993 New Castle Trail,T’azagyugh,,,Armenia,4372.29,5/25/2030,Devshare,Travel,auctor gravida sem praesent id massa id nisl venenatis lacinia aenean sit amet justo morbi ut odio,Refund,AMD,1.9258,5956.32,11/8/2029,Pending,elit proin risus praesent lectus vestibulum quam sapien varius ut blandit non interdum,Kaymbo,ut mauris eget massa tempor convallis nulla neque libero convallis eget eleifend luctus ultricies eu,Lyndel Benedettini,lbenedettini5p@japanpost.jp,913-163-1123,1 5th Alley,Uppsala,C,752 26
207,3578058160725051,American Express,11/29/2025,187,Madelyn Rahl,29 Longview Circle,Denton,TX,76205,United States,3927.27,12/31/2027,Yamia,Retail,proin interdum mauris non ligula pellentesque ultrices phasellus id sapien in,Cash Advance,USD,1.3159,808.2,1/2/2030,Approved,sapien in sapien iaculis congue vivamus metus arcu adipiscing molestie hendrerit at vulputate vitae nisl aenean lectus pellentesque eget,Avamm,urna pretium nisl ut volutpat sapien arcu sed augue aliquam erat volutpat in congue etiam justo etiam pretium,Tori Dealtry,tdealtry5q@hatena.ne.jp,940-548-2367,3 Brickson Park Road,Pruszcz Gdański,,83-005
208,3534225377260163,Mastercard,2/21/2027,860,Ogdon Vedekhin,3 Lawn Lane,Villa Dolores,,5870,Argentina,9920.77,6/28/2029,Realbuzz,Dining,amet nunc viverra dapibus nulla suscipit ligula in lacus curabitur,Refund,ARS,0.5352,5169.35,2/14/2024,Pending,pede justo eu massa donec dapibus duis at velit eu est congue elementum in hac habitasse platea dictumst morbi vestibulum,Riffwire,consequat metus sapien ut nunc vestibulum ante ipsum primis in faucibus orci luctus et ultrices,Jedd Govinlock,jgovinlock5r@istockphoto.com,106-560-8126,02552 Elmside Lane,Siikainen,,29811
209,676794092374966376,Visa,9/22/2030,587,Lezlie Sondon,481 Summit Plaza,Dumaguete,,6267,Philippines,1096.52,10/31/2028,Twitternation,Retail,malesuada in imperdiet et commodo vulputate justo in blandit ultrices enim lorem ipsum dolor sit amet consectetuer adipiscing elit proin,Purchase,PHP,1.7641,9659.47,7/30/2028,Declined,quis tortor id nulla ultrices aliquet maecenas leo odio condimentum id luctus nec molestie sed justo pellentesque,Centizu,libero nullam sit amet turpis elementum ligula vehicula consequat morbi a ipsum,Camella Currer,ccurrer5s@ca.gov,441-636-4380,203 Arrowood Parkway,Itupiranga,,68580-000
210,5449293320645806,Mastercard,6/6/2030,800,Ediva Corday,44044 Arkansas Court,A’yi Take,,,China,65.05,2/26/2029,Avaveo,Retail,natoque penatibus et magnis dis parturient montes nascetur ridiculus mus etiam vel augue vestibulum rutrum rutrum,Purchase,CNY,0.5379,7435.01,4/29/2028,Approved,risus dapibus augue vel accumsan tellus nisi eu orci mauris lacinia,Shufflebeat,lobortis convallis tortor risus dapibus augue vel accumsan tellus nisi eu orci mauris lacinia sapien quis libero nullam,Shane Gateland,sgateland5t@mashable.com,806-548-9697,10181 Pepper Wood Way,Sydney,NSW,1134
211,3564057696800111,Mastercard,8/3/2023,658,Adella Acres,6169 Lillian Road,Subaykhān,,,Syria,6702.23,3/4/2030,Quimm,Travel,semper interdum mauris ullamcorper purus sit amet nulla quisque arcu libero rutrum ac lobortis vel dapibus at,Cash Advance,SYP,0.516,4072.82,5/20/2026,Approved,ante vestibulum ante ipsum primis in faucibus orci luctus et ultrices posuere cubilia curae duis faucibus accumsan odio,Topicshots,vestibulum sed magna at nunc commodo placerat praesent blandit nam nulla integer pede justo lacinia eget tincidunt,Frankie Durno,fdurno5u@cmu.edu,999-911-5072,367 Schlimgen Street,Gonzalo Pizarro,,
212,675998206407569108,Mastercard,12/1/2022,416,Sapphire Timbrell,70492 Gerald Court,Numata,,996-0087,Japan,8313.33,8/31/2027,Cogilith,Travel,platea dictumst etiam faucibus cursus urna ut tellus nulla ut erat id mauris vulputate,Cash Advance,JPY,1.6878,523.25,3/28/2028,Pending,vivamus vel nulla eget eros elementum pellentesque quisque porta volutpat erat quisque erat eros viverra eget congue eget,Quatz,id turpis integer aliquet massa id lobortis convallis tortor risus dapibus augue vel accumsan,Bartram Kitteman,bkitteman5v@howstuffworks.com,278-880-3183,15079 Mitchell Point,Chişinău,,MD-2081
213,3550348526286233,Mastercard,11/8/2030,606,Ainsley O'Shesnan,7420 Hintze Court,Khal’ch,,,Belarus,9904.11,12/2/2029,Rooxo,Dining,faucibus orci luctus et ultrices posuere cubilia curae nulla dapibus dolor vel est donec odio justo sollicitudin ut suscipit a,Refund,BYR,1.9825,5529.48,3/9/2027,Approved,lectus pellentesque eget nunc donec quis orci eget orci vehicula condimentum curabitur in libero ut massa volutpat convallis,Zoovu,sociis natoque penatibus et magnis dis parturient montes nascetur ridiculus mus etiam vel augue vestibulum rutrum rutrum,Allyn Bole,abole5w@exblog.jp,427-953-0540,1312 Annamark Way,Stýpsi,,
214,3580876907547652,Visa,2/16/2027,416,Sid Rigardeau,2469 Bartillon Way,Torbeck,,,Haiti,7226.75,3/6/2026,Yodoo,Dining,faucibus cursus urna ut tellus nulla ut erat id mauris vulputate elementum nullam,Cash Advance,HTG,1.8536,7212.58,12/26/2022,Pending,aliquam non mauris morbi non lectus aliquam sit amet diam in magna bibendum imperdiet nullam orci pede venenatis,Gabvine,mi pede malesuada in imperdiet et commodo vulputate justo in blandit ultrices enim lorem,Alla Tippell,atippell5x@google.es,953-362-5910,8 Moose Point,Lampitak,,1253
215,3534195340649125,American Express,6/29/2025,734,Sue Standingford,9 Forest Dale Circle,Touzao,,,China,623.25,2/1/2023,Kwilith,Travel,sapien arcu sed augue aliquam erat volutpat in congue etiam,Refund,CNY,1.1196,4807.62,12/30/2029,Pending,in faucibus orci luctus et ultrices posuere cubilia curae duis faucibus accumsan,Vipe,lacus at velit vivamus vel nulla eget eros elementum pellentesque quisque porta volutpat erat,Collete Vowles,cvowles5y@sun.com,469-889-3403,37 Forest Point,Serra Talhada,,56900-000
216,3531942720489546,Mastercard,11/6/2022,507,Dorry Taylor,19925 Elka Parkway,Tianchang,,,China,581.29,3/12/2027,Twitterbeat,Retail,mauris lacinia sapien quis libero nullam sit amet turpis elementum ligula vehicula consequat morbi a ipsum,Purchase,CNY,0.5784,1146.46,7/17/2026,Pending,sagittis sapien cum sociis natoque penatibus et magnis dis parturient montes nascetur ridiculus mus etiam vel augue,Nlounge,maecenas leo odio condimentum id luctus nec molestie sed justo pellentesque,Carling Chisman,cchisman5z@tamu.edu,396-663-9154,0 Melby Street,Hīt,,
217,3547785035344233,Visa,10/4/2027,444,Selestina O'Loughnan,60684 Manley Trail,Sarlat-la-Canéda,97,24212 CEDEX,France,3193.19,10/24/2030,Zooveo,Travel,tincidunt eget tempus vel pede morbi porttitor lorem id ligula suspendisse ornare,Cash Advance,EUR,1.92,7850.87,8/2/2026,Declined,lacus morbi quis tortor id nulla ultrices aliquet maecenas leo,Mynte,platea dictumst maecenas ut massa quis augue luctus tincidunt nulla mollis molestie lorem quisque,Emery Tedstone,etedstone60@phoca.cz,533-790-7633,16208 Rusk Trail,Kovdor,,633375
218,4886729497197108,Mastercard,2/20/2023,930,Maurizia Fennelly,90662 Blaine Trail,Bridgetown,,,Barbados,1122.35,2/5/2022,Photobean,Travel,at lorem integer tincidunt ante vel ipsum praesent blandit lacinia erat vestibulum sed,Refund,BBD,1.357,851.82,7/3/2028,Approved,euismod scelerisque quam turpis adipiscing lorem vitae mattis nibh ligula nec sem duis,Trupe,tristique in tempus sit amet sem fusce consequat nulla nisl nunc nisl duis bibendum felis sed,Dewey Fust,dfust61@aol.com,113-844-7862,1 Darwin Terrace,Syriam,,
219,633317818215413080,American Express,3/16/2023,132,Roldan Piercy,887 Ruskin Circle,Astromil,13,4585-794,Portugal,4712.81,7/16/2029,Eire,Retail,mi integer ac neque duis bibendum morbi non quam nec dui luctus rutrum nulla tellus in,Purchase,EUR,1.0319,2849.11,3/26/2023,Approved,nulla facilisi cras non velit nec nisi vulputate nonummy maecenas,Jaxworks,orci mauris lacinia sapien quis libero nullam sit amet turpis elementum ligula,Gardner Reardon,greardon62@aboutads.info,841-271-2124,50502 Havey Alley,Delft,11,2604
220,3542237372732682,Visa,3/21/2030,640,Isis Coldbreath,5265 Birchwood Avenue,Memphis,TN,38126,United States,3491.25,9/16/2022,Agimba,Retail,ligula sit amet eleifend pede libero quis orci nullam molestie nibh in lectus pellentesque at nulla suspendisse,Purchase,USD,0.5686,5002.0,12/3/2024,Declined,ut suscipit a feugiat et eros vestibulum ac est lacinia nisi venenatis tristique fusce,Linklinks,in lectus pellentesque at nulla suspendisse potenti cras in purus eu magna vulputate luctus cum sociis natoque penatibus et,Chicky Biskupek,cbiskupek63@printfriendly.com,901-313-3441,9 Nevada Parkway,Dateng,,
221,374622978817046,American Express,7/22/2027,924,Joela Livock,234 Hanover Street,Dijon,A1,21040 CEDEX,France,9567.3,1/26/2028,Quimba,Retail,semper sapien a libero nam dui proin leo odio porttitor id consequat in consequat ut,Refund,EUR,0.5402,2836.91,5/2/2022,Declined,massa quis augue luctus tincidunt nulla mollis molestie lorem quisque ut erat curabitur gravida nisi at nibh in hac,Babblestorm,donec posuere metus vitae ipsum aliquam non mauris morbi non lectus aliquam sit amet diam in magna bibendum,Vivianne Christley,vchristley64@unc.edu,426-920-5655,0 Stephen Alley,Aráchova,,
222,4405120742123168,Mastercard,5/9/2023,438,Pru Reichartz,29357 Oriole Pass,Acatenango,,04011,Guatemala,6551.32,8/19/2029,Rhycero,Travel,primis in faucibus orci luctus et ultrices posuere cubilia curae donec,Refund,GTQ,1.1628,4488.91,9/12/2023,Declined,condimentum curabitur in libero ut massa volutpat convallis morbi odio odio elementum eu interdum eu,Photobean,in lacus curabitur at ipsum ac tellus semper interdum mauris ullamcorper purus sit amet,Stafani Urpeth,surpeth65@phpbb.com,217-794-3691,26720 Elmside Center,Las Piñas,,1752
223,5007669050386782,Visa,12/25/2022,501,Emmit Giacoppo,4 Harper Point,Aserrío de Gariché,,,Panama,8081.37,4/27/2027,Skimia,Entertainment,at dolor quis odio consequat varius integer ac leo pellentesque ultrices mattis odio donec vitae nisi nam,Refund,PAB,1.1219,6494.98,5/10/2027,Approved,vestibulum rutrum rutrum neque aenean auctor gravida sem praesent id massa,Zoonder,sapien arcu sed augue aliquam erat volutpat in congue etiam justo etiam pretium iaculis,Carie Tixall,ctixall66@rakuten.co.jp,550-657-1104,9 Sutteridge Alley,Đông Thành,,
224,30107547697612,American Express,9/3/2024,390,Juline Bonifant,020 Fairview Park,Jagna,,6308,Philippines,669.03,10/4/2026,Voomm,Retail,egestas metus aenean fermentum donec ut mauris eget massa tempor convallis nulla,Purchase,PHP,0.7654,9012.58,1/27/2025,Pending,phasellus id sapien in sapien iaculis congue vivamus metus arcu adipiscing molestie hendrerit at vulputate vitae nisl aenean lectus pellentesque,Yambee,viverra dapibus nulla suscipit ligula in lacus curabitur at ipsum ac tellus semper interdum mauris ullamcorper purus sit amet,Dede Kimbrough,dkimbrough67@gravatar.com,864-598-8894,15026 Hooker Trail,Ko Si Chang,,55120
225,3577321177494306,American Express,8/11/2024,269,Flor McGready,454 Vernon Pass,Phetchabun,,45110,Thailand,4659.88,1/8/2023,Devbug,Retail,volutpat convallis morbi odio odio elementum eu interdum eu tincidunt,Refund,THB,1.5149,1466.63,3/21/2027,Pending,donec diam neque vestibulum eget vulputate ut ultrices vel augue vestibulum ante ipsum primis in faucibus,Wordpedia,vestibulum sagittis sapien cum sociis natoque penatibus et magnis dis,Arne Wynn,awynn68@timesonline.co.uk,504-740-6639,98 Armistice Lane,Huanghua,,
226,3547157768969166,Visa,1/24/2024,217,Lexis De Vries,1487 Pennsylvania Junction,Korfovskiy,,601423,Russia,237.4,4/19/2028,Fatz,Travel,neque duis bibendum morbi non quam nec dui luctus rutrum nulla tellus in sagittis dui vel nisl duis ac,Refund,RUB,0.6423,2020.38,2/5/2030,Approved,nam dui proin leo odio porttitor id consequat in consequat ut,Realcube,metus aenean fermentum donec ut mauris eget massa tempor convallis nulla neque libero,Allie Olrenshaw,aolrenshaw69@marketwatch.com,139-275-6930,926 8th Court,Würzburg,BY,97078
227,3558734404012795,American Express,5/9/2029,661,Rolando Rainy,9 Daystar Junction,Tāklisah,,,Tunisia,8166.26,4/9/2028,Centimia,Retail,non ligula pellentesque ultrices phasellus id sapien in sapien iaculis congue vivamus metus arcu adipiscing molestie hendrerit at vulputate,Refund,TND,1.592,9799.61,7/15/2027,Declined,vitae quam suspendisse potenti nullam porttitor lacus at turpis donec posuere metus vitae ipsum aliquam,Wordpedia,convallis duis consequat dui nec nisi volutpat eleifend donec ut dolor morbi vel,Winifred Alldridge,walldridge6a@europa.eu,735-618-4878,25255 Dwight Lane,Maliang,,
228,201639345506226,Mastercard,9/10/2024,297,Megan Tomczak,3895 Kedzie Lane,Jianrao,,,China,4168.2,4/29/2024,Plajo,Entertainment,ut nunc vestibulum ante ipsum primis in faucibus orci luctus et,Cash Advance,CNY,0.5912,2480.57,5/4/2028,Approved,morbi non lectus aliquam sit amet diam in magna bibendum imperdiet nullam orci,Thoughtmix,faucibus orci luctus et ultrices posuere cubilia curae mauris viverra diam vitae quam suspendisse,Cletus Gottelier,cgottelier6b@upenn.edu,916-870-9042,16 Forest Dale Junction,Selce,,1219
229,3565770216162304,American Express,12/23/2024,305,Gracia Clark,0 5th Court,Cihampelas,,,Indonesia,4828.23,8/30/2022,Twimbo,Travel,risus praesent lectus vestibulum quam sapien varius ut blandit non interdum in ante,Refund,IDR,0.8093,2501.18,2/2/2025,Pending,vel augue vestibulum ante ipsum primis in faucibus orci luctus et,Bluejam,pede ullamcorper augue a suscipit nulla elit ac nulla sed vel enim sit amet nunc viverra dapibus nulla,Elmo Crossan,ecrossan6c@about.me,718-373-2480,05647 Comanche Street,Jēkabpils,,
230,374288474452322,American Express,9/28/2022,396,Brit Gerleit,1282 Maywood Junction,Bertioga,,11250-000,Brazil,3858.41,1/27/2028,Gigashots,Dining,libero non mattis pulvinar nulla pede ullamcorper augue a suscipit nulla,Cash Advance,BRL,1.0167,4.51,6/8/2026,Pending,in blandit ultrices enim lorem ipsum dolor sit amet consectetuer,Reallinks,enim in tempor turpis nec euismod scelerisque quam turpis adipiscing lorem vitae mattis,Cleo Dechelette,cdechelette6d@telegraph.co.uk,126-930-9322,64341 Crest Line Crossing,Huangjin,,
231,3544949361923100,Mastercard,3/8/2024,533,Berri Bumford,12 Tomscot Terrace,San Marcos de Colón,,,Honduras,2230.5,10/22/2025,Skivee,Retail,pede lobortis ligula sit amet eleifend pede libero quis orci nullam,Cash Advance,HNL,1.9791,8968.3,11/24/2025,Pending,lectus suspendisse potenti in eleifend quam a odio in hac habitasse platea dictumst maecenas ut massa quis,Jetwire,varius nulla facilisi cras non velit nec nisi vulputate nonummy maecenas,Malory Buxcey,mbuxcey6e@gizmodo.com,122-527-3908,4250 Calypso Junction,Suresnes,A8,92159 CEDEX
232,503823988747327793,American Express,3/10/2026,332,Lanna Gecks,83 Lotheville Alley,Yingwusitang,,,China,4736.83,9/11/2029,Livetube,Entertainment,sit amet eros suspendisse accumsan tortor quis turpis sed ante vivamus tortor duis mattis,Refund,CNY,1.8688,1994.71,10/19/2024,Declined,integer ac leo pellentesque ultrices mattis odio donec vitae nisi nam ultrices libero non mattis pulvinar nulla,Feednation,bibendum felis sed interdum venenatis turpis enim blandit mi in,Dorey Fromont,dfromont6f@craigslist.org,108-369-1548,1324 Cottonwood Terrace,Elele,,
233,3557061270642740,Visa,6/20/2028,125,Gaby Nicholls,966 Stone Corner Road,Oktyabr’sk,,,Kazakhstan,2938.8,10/10/2026,Mydeo,Entertainment,cursus urna ut tellus nulla ut erat id mauris vulputate,Refund,KZT,0.5499,441.96,8/4/2027,Declined,id ligula suspendisse ornare consequat lectus in est risus auctor sed,Mybuzz,suscipit nulla elit ac nulla sed vel enim sit amet nunc viverra dapibus nulla suscipit ligula in lacus,Gleda Halsted,ghalsted6g@delicious.com,373-306-3746,08772 Caliangt Junction,Lushnjë,,
234,4041371280728,Visa,10/12/2023,116,Sal Kilalea,59 Sachtjen Crossing,San Luis,,733008,Colombia,1688.76,2/4/2029,Jabbertype,Dining,praesent id massa id nisl venenatis lacinia aenean sit amet justo morbi ut odio cras,Purchase,COP,0.9987,7170.73,11/29/2029,Declined,posuere nonummy integer non velit donec diam neque vestibulum eget vulputate ut ultrices vel,Leenti,sed accumsan felis ut at dolor quis odio consequat varius integer ac leo pellentesque ultrices mattis,Karole Tettersell,ktettersell6h@nature.com,669-112-2255,9 Emmet Road,Batgrām,,21041
235,3534281545492766,Visa,11/12/2026,170,Lay McClory,94 Hansons Avenue,Bokor,,,Indonesia,1589.82,1/15/2029,Skimia,Retail,euismod scelerisque quam turpis adipiscing lorem vitae mattis nibh ligula nec sem duis aliquam convallis nunc proin at turpis a,Cash Advance,IDR,0.6562,8673.73,1/28/2022,Pending,sed magna at nunc commodo placerat praesent blandit nam nulla integer pede justo lacinia eget tincidunt eget tempus,Babblestorm,libero ut massa volutpat convallis morbi odio odio elementum eu interdum eu tincidunt in leo maecenas pulvinar,Breanne Dene,bdene6i@phpbb.com,388-416-8888,8152 Roxbury Park,Luar,,
236,6304835279151032316,Mastercard,1/24/2029,977,Zacherie Hartup,65 Oak Valley Parkway,Idhnā,,,Palestinian Territory,2755.94,12/26/2026,Trilith,Entertainment,turpis a pede posuere nonummy integer non velit donec diam neque vestibulum eget vulputate ut ultrices vel augue vestibulum,Refund,ILS,1.1872,2846.15,11/9/2030,Declined,vel sem sed sagittis nam congue risus semper porta volutpat quam pede lobortis ligula sit amet,Thoughtbridge,cubilia curae donec pharetra magna vestibulum aliquet ultrices erat tortor sollicitudin,Abagael Ellerton,aellerton6j@accuweather.com,363-328-7698,3 Oakridge Plaza,Patayac,,2419
237,3532173499780480,American Express,8/16/2026,863,Raffarty Avrahamov,2 Waubesa Road,Qushi’an,,,China,3088.78,10/11/2030,Trilith,Entertainment,platea dictumst maecenas ut massa quis augue luctus tincidunt nulla mollis molestie,Refund,CNY,1.228,8732.41,9/6/2026,Pending,non interdum in ante vestibulum ante ipsum primis in faucibus orci luctus et ultrices posuere cubilia curae,Zoonoodle,imperdiet et commodo vulputate justo in blandit ultrices enim lorem ipsum dolor sit amet,Tudor O'Flaherty,toflaherty6k@apache.org,514-746-0456,4 Mayfield Drive,Tiabaya,,
238,3572400646903496,Mastercard,7/8/2030,666,Weidar Copello,449 Declaration Point,Ubrub,,,Indonesia,4054.89,5/22/2023,Voonte,Entertainment,at nunc commodo placerat praesent blandit nam nulla integer pede justo lacinia,Purchase,IDR,1.5354,5361.41,4/20/2030,Declined,pulvinar nulla pede ullamcorper augue a suscipit nulla elit ac nulla sed,Jabbersphere,auctor gravida sem praesent id massa id nisl venenatis lacinia aenean sit amet justo morbi ut,Yank Neligan,yneligan6l@cam.ac.uk,190-933-2425,43 Brickson Park Trail,Krandil,,
239,5602249422719520,Visa,5/21/2025,913,Tybi Blyth,8 Maryland Place,Loreto,,8507,Philippines,2671.79,7/17/2022,Meezzy,Entertainment,sapien a libero nam dui proin leo odio porttitor id consequat in consequat,Cash Advance,PHP,0.9037,2716.93,12/14/2025,Pending,ipsum primis in faucibus orci luctus et ultrices posuere cubilia curae mauris viverra diam vitae quam suspendisse potenti nullam,Photobug,quam fringilla rhoncus mauris enim leo rhoncus sed vestibulum sit amet cursus id turpis integer aliquet massa id,Phillipp Getley,pgetley6m@dailymotion.com,251-542-0384,15 Tomscot Hill,San Julian,,
240,4508353525153633,American Express,3/24/2024,245,Ev Bearcroft,75 Mallory Center,Chlumčany,,439 03,Czech Republic,9443.48,11/25/2026,Mybuzz,Entertainment,nisl ut volutpat sapien arcu sed augue aliquam erat volutpat,Refund,CZK,1.0987,6065.31,12/3/2030,Approved,felis fusce posuere felis sed lacus morbi sem mauris laoreet ut rhoncus aliquet pulvinar sed nisl nunc rhoncus,Dynazzy,sapien iaculis congue vivamus metus arcu adipiscing molestie hendrerit at vulputate vitae,Gard Vallerine,gvallerine6n@cnet.com,603-553-8225,069 Dixon Crossing,Pajić Polje,,
241,3531344156836896,American Express,5/1/2030,230,Marcellina Overil,46 Erie Park,Greytown,,3500,South Africa,3144.24,9/8/2029,Flashpoint,Dining,vestibulum ante ipsum primis in faucibus orci luctus et ultrices posuere,Refund,ZAR,0.9638,9257.87,11/7/2026,Approved,eget vulputate ut ultrices vel augue vestibulum ante ipsum primis in faucibus orci luctus et,Mynte,in consequat ut nulla sed accumsan felis ut at dolor quis odio consequat,Danika Bister,dbister6o@unblog.fr,670-350-0670,03249 Hintze Alley,Yuncheng,,
242,3540014432853226,American Express,2/21/2025,121,Aubrie Newband,0606 Spenser Circle,Guaratinguetá,,12500-000,Brazil,913.91,4/30/2025,Roomm,Retail,in est risus auctor sed tristique in tempus sit amet sem fusce consequat nulla nisl nunc nisl duis,Cash Advance,BRL,1.592,4081.82,9/26/2026,Approved,fermentum donec ut mauris eget massa tempor convallis nulla neque libero convallis eget eleifend luctus,Quimm,cursus vestibulum proin eu mi nulla ac enim in tempor,Virgil Kave,vkave6p@ocn.ne.jp,772-458-8030,342 Truax Parkway,Yong’an,,
243,201886047578330,American Express,8/19/2027,122,Basilio Felce,27 Maryland Court,Scarborough,,,Trinidad and Tobago,6536.61,12/2/2024,Devshare,Dining,eu interdum eu tincidunt in leo maecenas pulvinar lobortis est phasellus sit amet erat nulla tempus vivamus in felis,Cash Advance,TTD,0.6873,1048.02,7/19/2029,Approved,purus aliquet at feugiat non pretium quis lectus suspendisse potenti in,Dynava,vel augue vestibulum rutrum rutrum neque aenean auctor gravida sem,Gabie Rochelle,grochelle6q@over-blog.com,999-877-2809,188 Katie Trail,Ðà Lạt,,
244,3565459375526489,American Express,8/11/2024,381,Scott Pietasch,67 Express Point,Nantuo,,,China,4524.76,7/6/2028,Muxo,Retail,nulla sed accumsan felis ut at dolor quis odio consequat varius integer,Purchase,CNY,1.0479,5024.37,2/10/2027,Pending,turpis donec posuere metus vitae ipsum aliquam non mauris morbi non lectus aliquam sit amet diam in magna bibendum,Skyble,eget tincidunt eget tempus vel pede morbi porttitor lorem id ligula,Zorah Alven,zalven6r@amazonaws.com,593-803-7229,931 Pepper Wood Road,Kitcharao,,8609
245,3539672884742875,Visa,6/4/2024,991,Ailina Ashley,7833 Menomonie Alley,Shaliu,,,China,6219.82,7/14/2025,Innotype,Dining,adipiscing elit proin risus praesent lectus vestibulum quam sapien varius ut blandit non interdum in ante vestibulum,Purchase,CNY,0.7239,1772.53,10/30/2026,Pending,id mauris vulputate elementum nullam varius nulla facilisi cras non velit nec nisi vulputate nonummy maecenas tincidunt lacus at velit,Zava,sit amet nunc viverra dapibus nulla suscipit ligula in lacus curabitur at ipsum ac tellus semper interdum mauris,Kizzee MacDowall,kmacdowall6s@lulu.com,654-925-4663,0690 Carey Place,Longbei,,
246,3549382391125253,Visa,1/24/2025,465,Ali Robins,39192 Bowman Alley,Sadang Kulon,,,Indonesia,1346.84,1/17/2029,Divanoodle,Travel,congue diam id ornare imperdiet sapien urna pretium nisl ut volutpat sapien arcu sed augue aliquam erat volutpat in,Purchase,IDR,0.7917,7467.66,9/18/2030,Pending,ligula suspendisse ornare consequat lectus in est risus auctor sed tristique in tempus sit amet sem fusce consequat nulla,Youbridge,libero nullam sit amet turpis elementum ligula vehicula consequat morbi a ipsum integer,Even Cicchitello,ecicchitello6t@delicious.com,784-575-1003,5843 Fairview Street,Wujing,,
247,3561973575158848,American Express,3/7/2026,721,Myranda Cheavin,99 Red Cloud Point,Sayyān,,,Yemen,6797.72,7/18/2028,Twitterlist,Entertainment,ut blandit non interdum in ante vestibulum ante ipsum primis in faucibus orci luctus et ultrices posuere,Refund,YER,1.9348,8231.5,12/27/2027,Pending,at dolor quis odio consequat varius integer ac leo pellentesque ultrices mattis odio donec vitae nisi nam ultrices libero,Blognation,lacinia erat vestibulum sed magna at nunc commodo placerat praesent blandit nam nulla integer pede justo lacinia,Shandee Caldicot,scaldicot6u@icq.com,525-912-2817,21498 Myrtle Road,Rayside-Balfour,ON,G9T
248,560222700934758343,Mastercard,7/22/2030,294,Germana Midghall,84 Harper Crossing,Mandaon,,5411,Philippines,221.51,7/13/2023,Devpulse,Dining,feugiat et eros vestibulum ac est lacinia nisi venenatis tristique fusce congue diam id ornare imperdiet sapien urna pretium nisl,Purchase,PHP,1.1859,197.67,11/2/2029,Pending,vulputate elementum nullam varius nulla facilisi cras non velit nec nisi vulputate nonummy maecenas tincidunt lacus at velit,Mudo,pulvinar nulla pede ullamcorper augue a suscipit nulla elit ac nulla,Karlik Tow,ktow6v@bizjournals.com,266-224-7519,5 Caliangt Avenue,Lagawe,,3600
249,3566202861372649,Visa,2/19/2023,116,Gayle Ducastel,3923 Cottonwood Crossing,Severomorsk,,445564,Russia,4634.56,11/29/2030,Dabshots,Travel,duis bibendum morbi non quam nec dui luctus rutrum nulla tellus in sagittis dui,Refund,RUB,1.3266,2353.92,11/28/2022,Pending,augue vel accumsan tellus nisi eu orci mauris lacinia sapien quis libero nullam sit amet turpis,Thoughtsphere,in hac habitasse platea dictumst aliquam augue quam sollicitudin vitae consectetuer eget rutrum at lorem integer tincidunt ante vel ipsum,Henrik Malin,hmalin6w@sun.com,504-670-1142,3 Prairie Rose Plaza,Kalinkavichy,,
250,30386990108281,Mastercard,11/10/2030,415,Tymothy Blomefield,73293 Oak Valley Terrace,Liminka,,91901,Finland,617.22,6/9/2023,Wikibox,Retail,neque vestibulum eget vulputate ut ultrices vel augue vestibulum ante ipsum primis in faucibus orci luctus et,Purchase,EUR,1.3401,3720.48,3/7/2029,Approved,congue eget semper rutrum nulla nunc purus phasellus in felis,Rhycero,massa donec dapibus duis at velit eu est congue elementum,Stacee Adkins,sadkins6x@cmu.edu,694-223-5771,372 Pepper Wood Terrace,Miasteczko Śląskie,,42-610
251,3573871175059505,Mastercard,1/12/2028,325,Gordan Zylberdik,4 Straubel Alley,Mampong,,,Ghana,1.22,6/20/2027,Skyvu,Retail,id massa id nisl venenatis lacinia aenean sit amet justo morbi ut,Purchase,GHS,0.7362,7926.01,7/3/2025,Declined,nisl venenatis lacinia aenean sit amet justo morbi ut odio,Zoomlounge,lacus morbi quis tortor id nulla ultrices aliquet maecenas leo odio condimentum id luctus nec molestie sed justo,Josh Samms,jsamms6y@hostgator.com,470-698-5406,31693 Old Gate Court,Privlaka,,32251
252,5536455318203690,American Express,6/11/2026,487,Todd Mc Ilory,1 Buhler Junction,Sigiriya,,21120,Sri Lanka,2371.63,7/3/2026,Photobean,Retail,vivamus vel nulla eget eros elementum pellentesque quisque porta volutpat,Refund,LKR,1.7763,2333.12,11/12/2027,Pending,vestibulum sed magna at nunc commodo placerat praesent blandit nam,Edgeclub,erat fermentum justo nec condimentum neque sapien placerat ante nulla justo aliquam quis turpis eget elit sodales scelerisque mauris sit,Burk Pimbley,bpimbley6z@prweb.com,261-722-5800,4 Cambridge Alley,Palmira,,763547
253,201967369495905,American Express,2/22/2025,626,Anabella Allport,15 Onsgard Trail,Nova Petrópolis,,95150-000,Brazil,4503.33,1/15/2026,Gigabox,Travel,magna bibendum imperdiet nullam orci pede venenatis non sodales sed tincidunt eu felis fusce posuere felis sed,Cash Advance,BRL,1.3644,882.71,11/2/2030,Approved,platea dictumst aliquam augue quam sollicitudin vitae consectetuer eget rutrum at lorem integer tincidunt ante,Blognation,rutrum at lorem integer tincidunt ante vel ipsum praesent blandit lacinia erat vestibulum sed magna at nunc,Frederic Arenson,farenson70@epa.gov,184-443-9494,074 Ludington Park,Jiadingzhen,,
254,3580196209488152,Visa,3/22/2029,104,Nelli Barritt,66 Dunning Terrace,Yuli,,,China,7290.61,11/30/2027,Babbleblab,Retail,massa volutpat convallis morbi odio odio elementum eu interdum eu,Refund,CNY,1.9861,8848.32,9/11/2027,Approved,eleifend pede libero quis orci nullam molestie nibh in lectus pellentesque at nulla,Trilith,enim in tempor turpis nec euismod scelerisque quam turpis adipiscing lorem vitae mattis nibh ligula nec sem duis,Rustin Maraga,rmaraga71@wikimedia.org,297-221-1066,27903 Harper Parkway,Zhengchang,,
255,3532370590453146,Visa,3/29/2024,359,Lazar Underhill,657 Westend Center,Spasskoye-Lutovinovo,,303002,Russia,8246.6,7/4/2025,Jazzy,Dining,magnis dis parturient montes nascetur ridiculus mus vivamus vestibulum sagittis sapien cum sociis,Refund,RUB,0.5911,7350.4,12/31/2025,Pending,diam id ornare imperdiet sapien urna pretium nisl ut volutpat sapien arcu sed augue aliquam,Realpoint,penatibus et magnis dis parturient montes nascetur ridiculus mus vivamus vestibulum sagittis sapien cum sociis natoque penatibus et magnis,Lorrayne Rayne,lrayne72@sourceforge.net,548-542-0062,0 Mayfield Plaza,Umeå,AC,901 81
256,3578766940445911,Visa,3/2/2028,795,Burr Haysman,6748 Maryland Park,Mikuni,,949-6212,Japan,4157.47,12/25/2029,Podcat,Dining,dui luctus rutrum nulla tellus in sagittis dui vel nisl duis ac nibh fusce lacus purus aliquet at feugiat non,Purchase,JPY,1.2128,8849.86,11/20/2026,Declined,augue a suscipit nulla elit ac nulla sed vel enim sit amet nunc viverra dapibus nulla,Twitterbeat,nulla suscipit ligula in lacus curabitur at ipsum ac tellus semper interdum mauris ullamcorper purus sit amet,Silvio Williamson,swilliamson73@engadget.com,106-184-5922,36 Prairie Rose Street,Usman’,,399373
257,374283713144152,American Express,12/22/2024,370,Andreas Battell,67406 Surrey Lane,Malway,,6527,Philippines,6565.63,7/13/2029,Dabtype,Entertainment,sapien a libero nam dui proin leo odio porttitor id consequat in consequat ut,Cash Advance,PHP,0.6495,1776.38,11/29/2023,Pending,mauris vulputate elementum nullam varius nulla facilisi cras non velit nec nisi vulputate nonummy maecenas tincidunt lacus at velit vivamus,Skiptube,primis in faucibus orci luctus et ultrices posuere cubilia curae,Rurik Dalwood,rdalwood74@theglobeandmail.com,423-455-2593,4 Hooker Park,Paldit,,1422
258,6763596246079975,American Express,12/25/2022,366,Timmie Shaves,0 Almo Court,Jatiprahu,,,Indonesia,9627.94,7/18/2026,Skaboo,Dining,quam sapien varius ut blandit non interdum in ante vestibulum ante,Purchase,IDR,1.0485,442.85,2/2/2028,Pending,condimentum curabitur in libero ut massa volutpat convallis morbi odio odio elementum eu,Layo,luctus et ultrices posuere cubilia curae donec pharetra magna vestibulum aliquet ultrices erat tortor,Courtney Domek,cdomek75@wsj.com,892-220-3938,30 Butternut Plaza,Phu Kradueng,,42180
259,6370907864735688,Mastercard,3/13/2024,735,Doralynn Brittle,5 Vera Circle,Vyerkhnyadzvinsk,,,Belarus,336.63,1/18/2026,Skinder,Travel,nulla quisque arcu libero rutrum ac lobortis vel dapibus at diam nam tristique tortor eu pede,Refund,BYR,1.5712,982.71,6/24/2030,Declined,ut nulla sed accumsan felis ut at dolor quis odio consequat varius integer,Brainbox,vestibulum quam sapien varius ut blandit non interdum in ante,Leila Severy,lsevery76@wix.com,541-476-9536,770 Lake View Alley,Buinsk,,429720
260,3560397157576535,American Express,2/27/2030,906,Broderic Garard,61508 Rusk Court,Pangian,,4204,Philippines,734.46,2/5/2024,Trudeo,Dining,proin leo odio porttitor id consequat in consequat ut nulla sed accumsan felis ut at dolor quis odio,Purchase,PHP,1.0605,9751.22,4/16/2027,Pending,proin leo odio porttitor id consequat in consequat ut nulla sed accumsan felis ut at dolor quis odio consequat,Devcast,nulla eget eros elementum pellentesque quisque porta volutpat erat quisque erat eros viverra eget congue eget semper rutrum nulla nunc,Maxim Common,mcommon77@technorati.com,495-991-5818,6 Buell Road,Angol,,
261,3538256857574654,Mastercard,2/18/2028,748,Timotheus Vella,41 Mesta Lane,Robatal,,,Indonesia,8450.39,9/14/2027,Yoveo,Entertainment,in hac habitasse platea dictumst aliquam augue quam sollicitudin vitae consectetuer eget rutrum at,Refund,IDR,1.3407,1740.41,9/30/2027,Declined,amet cursus id turpis integer aliquet massa id lobortis convallis tortor risus dapibus augue,Ailane,maecenas tincidunt lacus at velit vivamus vel nulla eget eros elementum pellentesque quisque porta volutpat erat quisque,Alard Campione,acampione78@squidoo.com,480-108-2831,5747 Moulton Center,Lao Suea Kok,,96220
262,4913643959846093,Visa,7/21/2028,369,Paulita Garnsey,61 Morning Pass,Mirzāpur,,1945,Bangladesh,9896.12,7/19/2030,Bluejam,Entertainment,in faucibus orci luctus et ultrices posuere cubilia curae duis faucibus accumsan,Cash Advance,BDT,1.5189,2278.74,11/1/2024,Pending,non quam nec dui luctus rutrum nulla tellus in sagittis dui vel nisl,Cogibox,luctus et ultrices posuere cubilia curae mauris viverra diam vitae quam suspendisse potenti nullam porttitor lacus at turpis donec posuere,Warden Stibbs,wstibbs79@nationalgeographic.com,884-885-7141,8026 Burning Wood Place,Lyon,B9,69339 CEDEX 02
263,6334773470860304515,Visa,1/26/2023,321,Harland Alpe,7763 Raven Avenue,Bondoukou,,,Ivory Coast,7753.15,12/26/2028,Youspan,Retail,eu orci mauris lacinia sapien quis libero nullam sit amet turpis elementum ligula vehicula consequat,Cash Advance,XOF,1.6578,9188.25,3/12/2025,Declined,aenean auctor gravida sem praesent id massa id nisl venenatis lacinia aenean sit amet justo morbi,Babbleblab,pellentesque volutpat dui maecenas tristique est et tempus semper est quam pharetra magna ac,Derwin Feige,dfeige7a@cornell.edu,713-873-7499,8712 Bluejay Court,Kentville,NS,B4N
264,337941176236049,American Express,1/17/2024,968,Melessa Dumke,541 Sunnyside Alley,Balice,,32-083,Poland,7945.83,6/13/2024,Livefish,Retail,suspendisse potenti nullam porttitor lacus at turpis donec posuere metus vitae ipsum,Purchase,PLN,1.3135,1354.21,9/5/2027,Declined,pede justo lacinia eget tincidunt eget tempus vel pede morbi porttitor lorem id ligula suspendisse ornare consequat,Aimbo,dignissim vestibulum vestibulum ante ipsum primis in faucibus orci luctus et ultrices posuere cubilia curae,Aridatha Beldam,abeldam7b@blogger.com,323-410-4691,302 Bayside Plaza,Kiambu,,
265,633474660183716345,American Express,10/11/2024,693,Marjy Jerrems,8199 Schlimgen Drive,Tawau,SBH,91010,Malaysia,215.0,8/18/2029,Oyoloo,Retail,non pretium quis lectus suspendisse potenti in eleifend quam a odio in hac habitasse platea dictumst maecenas,Cash Advance,MYR,1.1316,1733.3,1/11/2024,Declined,quis orci nullam molestie nibh in lectus pellentesque at nulla suspendisse potenti cras in purus eu magna,Fatz,duis consequat dui nec nisi volutpat eleifend donec ut dolor morbi vel lectus in quam fringilla rhoncus mauris enim,Edin Pleavin,epleavin7c@google.cn,609-105-7741,54 Stoughton Park,Buenavista,COA,29027
266,5602242184844230233,Mastercard,2/8/2028,663,Jaclyn Mirams,55 Randy Point,Śniadowo,,18-411,Poland,6492.45,4/5/2028,Trupe,Dining,dui nec nisi volutpat eleifend donec ut dolor morbi vel lectus in quam fringilla,Refund,PLN,1.5428,7193.62,7/27/2029,Declined,ac diam cras pellentesque volutpat dui maecenas tristique est et tempus semper est quam pharetra magna ac consequat metus,Yacero,in leo maecenas pulvinar lobortis est phasellus sit amet erat nulla tempus vivamus in felis eu,Isidro Heggadon,iheggadon7d@mozilla.com,346-643-8020,2 Monterey Street,Afántou,,
267,3538007779772011,American Express,11/7/2024,450,Lucy Wakefield,00205 Cordelia Alley,Novoukrainskiy,,353389,Russia,3830.02,5/26/2022,Divanoodle,Retail,massa volutpat convallis morbi odio odio elementum eu interdum eu tincidunt in leo maecenas pulvinar,Cash Advance,RUB,0.5739,1555.37,8/8/2030,Declined,in lectus pellentesque at nulla suspendisse potenti cras in purus eu magna,Zoonder,dictumst morbi vestibulum velit id pretium iaculis diam erat fermentum justo,Susanna Sallter,ssallter7e@xinhuanet.com,325-470-5932,106 Merchant Center,Wudian,,
268,5048375785953497,Visa,5/10/2022,161,Kori Curling,35 Merrick Drive,Blois,A3,41029 CEDEX,France,9046.89,1/20/2025,Ooba,Entertainment,mi in porttitor pede justo eu massa donec dapibus duis at velit eu est congue,Cash Advance,EUR,1.3959,3472.72,8/24/2028,Declined,tincidunt in leo maecenas pulvinar lobortis est phasellus sit amet erat,Skidoo,aenean lectus pellentesque eget nunc donec quis orci eget orci vehicula condimentum,Annamaria Helmke,ahelmke7f@japanpost.jp,203-524-3632,4739 Hintze Circle,Karlskrona,K,371 79
269,6386862285782961,Visa,5/4/2023,700,Bennie Mowlam,838 Mcguire Plaza,Mavingouni,,,Comoros,7291.57,6/17/2028,Feedmix,Retail,ornare imperdiet sapien urna pretium nisl ut volutpat sapien arcu sed augue aliquam erat volutpat,Cash Advance,KMF,1.4552,2744.45,3/16/2023,Pending,ac leo pellentesque ultrices mattis odio donec vitae nisi nam ultrices libero non mattis pulvinar nulla pede ullamcorper augue a,Bubblemix,mauris sit amet eros suspendisse accumsan tortor quis turpis sed ante vivamus tortor duis mattis egestas metus,Tiena Sykora,tsykora7g@amazon.de,966-976-1444,4 Ryan Terrace,Santana de Parnaíba,,06500-000
270,3537020389166012,Visa,5/26/2023,248,Randy Tiltman,0545 Forest Dale Crossing,Ayagoz,,,Kazakhstan,3887.56,9/18/2025,Voomm,Dining,quam suspendisse potenti nullam porttitor lacus at turpis donec posuere metus vitae ipsum aliquam non mauris morbi,Purchase,KZT,1.5054,7728.29,2/7/2029,Declined,consequat morbi a ipsum integer a nibh in quis justo maecenas rhoncus aliquam lacus morbi quis tortor id,Abata,congue risus semper porta volutpat quam pede lobortis ligula sit amet eleifend pede libero quis orci nullam,Crissy Bolland,cbolland7h@desdev.cn,629-944-1246,6 Michigan Plaza,Yunxi,,
271,3551998319448744,Visa,3/8/2027,252,Launce Withur,4 2nd Center,Granada,AN,18015,Spain,771.4,8/24/2028,Twimm,Travel,cubilia curae donec pharetra magna vestibulum aliquet ultrices erat tortor sollicitudin mi sit amet lobortis sapien sapien non mi integer,Cash Advance,EUR,1.7683,8752.75,3/13/2029,Pending,nisl nunc nisl duis bibendum felis sed interdum venenatis turpis enim blandit mi in porttitor pede justo eu massa donec,Twitterlist,dui maecenas tristique est et tempus semper est quam pharetra magna ac consequat metus sapien ut nunc vestibulum ante ipsum,Roanna Margarson,rmargarson7i@gmpg.org,372-160-9693,365 Oakridge Terrace,San Lucas,,4405
272,3529399136809854,Visa,8/10/2025,616,Em Ebbles,290 Pepper Wood Point,San Bernardino,,10004,Guatemala,582.56,3/1/2030,Quatz,Entertainment,sagittis sapien cum sociis natoque penatibus et magnis dis parturient montes,Cash Advance,GTQ,0.7981,4745.87,1/1/2022,Approved,eget tempus vel pede morbi porttitor lorem id ligula suspendisse ornare consequat,Photospace,curabitur gravida nisi at nibh in hac habitasse platea dictumst aliquam augue quam sollicitudin vitae consectetuer eget,Klara Bernocchi,kbernocchi7j@behance.net,251-243-0120,81891 Waxwing Plaza,Kyonju,,
273,3582445919389541,American Express,12/20/2030,576,Garrett Donoghue,6 Mifflin Street,Anjirmuara,,,Indonesia,2786.42,6/23/2026,Blogtag,Entertainment,in imperdiet et commodo vulputate justo in blandit ultrices enim lorem ipsum dolor sit amet consectetuer adipiscing elit proin interdum,Purchase,IDR,1.0573,4588.5,7/5/2030,Declined,integer a nibh in quis justo maecenas rhoncus aliquam lacus morbi quis tortor id nulla ultrices,Mydo,euismod scelerisque quam turpis adipiscing lorem vitae mattis nibh ligula nec sem duis aliquam convallis nunc proin at,Yvon Caldera,ycaldera7k@ifeng.com,217-312-3762,9 Corscot Drive,Shuangta,,
274,3546817472174236,American Express,7/26/2027,939,Dreddy Archambault,141 Marquette Trail,Hanyuan,,,China,5445.36,3/17/2022,Photofeed,Travel,et ultrices posuere cubilia curae donec pharetra magna vestibulum aliquet ultrices erat tortor sollicitudin mi sit,Refund,CNY,1.914,1339.62,10/13/2023,Declined,id turpis integer aliquet massa id lobortis convallis tortor risus dapibus augue,Voolith,eget eros elementum pellentesque quisque porta volutpat erat quisque erat,Fletch Dolohunty,fdolohunty7l@nature.com,446-270-7625,73 Stone Corner Court,Huangjiabu,,
275,3558969682289703,Mastercard,8/1/2026,249,Wynne Alejandre,70 Nelson Pass,Astana,,,Kazakhstan,2201.07,12/2/2024,Tazzy,Dining,felis sed lacus morbi sem mauris laoreet ut rhoncus aliquet pulvinar sed nisl nunc rhoncus dui vel sem,Purchase,KZT,1.0408,5408.75,7/14/2027,Approved,ornare imperdiet sapien urna pretium nisl ut volutpat sapien arcu,Abatz,dictumst morbi vestibulum velit id pretium iaculis diam erat fermentum justo nec condimentum neque,Christoper Klimowski,cklimowski7m@goo.ne.jp,803-876-6421,5258 Corben Pass,Santiago,,8608
276,3578375306723919,American Express,5/22/2024,225,Vern Cargill,6 Novick Court,Carazinho,,99500-000,Brazil,3015.58,10/8/2024,Devbug,Retail,erat nulla tempus vivamus in felis eu sapien cursus vestibulum proin eu mi,Purchase,BRL,1.8577,5734.36,6/23/2025,Pending,tempor turpis nec euismod scelerisque quam turpis adipiscing lorem vitae mattis nibh ligula nec sem duis aliquam convallis nunc,Meevee,suscipit ligula in lacus curabitur at ipsum ac tellus semper interdum mauris ullamcorper purus sit amet nulla quisque,Wallis Brakewell,wbrakewell7n@si.edu,325-357-6789,1 Hallows Parkway,Carquefou,B5,44474 CEDEX
277,5010126767359706,American Express,6/17/2029,870,Sydney Ellard,7023 Melvin Terrace,Kudowa-Zdrój,,75-136,Poland,1102.59,1/23/2028,Wikivu,Entertainment,eu interdum eu tincidunt in leo maecenas pulvinar lobortis est phasellus sit,Purchase,PLN,1.3411,8217.41,8/11/2026,Pending,sit amet turpis elementum ligula vehicula consequat morbi a ipsum,Topicstorm,elit proin interdum mauris non ligula pellentesque ultrices phasellus id sapien in sapien,Coralie Wiley,cwiley7o@google.com.au,882-423-9065,805 5th Junction,Onguday,,649446
278,5048375087407838,American Express,4/1/2026,259,Angelita Vidler,56 Eggendart Center,Pushchino,,142263,Russia,2796.85,3/5/2028,Fivechat,Entertainment,habitasse platea dictumst maecenas ut massa quis augue luctus tincidunt nulla mollis molestie lorem quisque,Cash Advance,RUB,1.2134,3605.97,10/22/2026,Pending,libero ut massa volutpat convallis morbi odio odio elementum eu interdum eu tincidunt in leo maecenas pulvinar lobortis est phasellus,Yodo,at nibh in hac habitasse platea dictumst aliquam augue quam sollicitudin vitae,Alika Smiley,asmiley7p@ifeng.com,280-725-9380,5872 Jenifer Place,Oja,,
279,677140646443686981,Visa,9/17/2025,665,Sophronia Prahm,17 Karstens Way,Da Nang,,,Vietnam,3185.49,6/24/2028,Thoughtblab,Retail,tempus vel pede morbi porttitor lorem id ligula suspendisse ornare consequat lectus in est risus auctor,Refund,VND,0.6597,7931.07,8/13/2029,Declined,a ipsum integer a nibh in quis justo maecenas rhoncus aliquam lacus morbi quis tortor id nulla ultrices,Yodel,eget semper rutrum nulla nunc purus phasellus in felis donec semper sapien a libero nam dui proin leo odio porttitor,Joellyn Sorel,jsorel7q@pen.io,762-658-0109,83 Acker Lane,Petrodvorets,,150501
280,6304908189193489,Mastercard,7/6/2026,344,Callida Ganforth,41191 Leroy Trail,Berea,,4362,South Africa,622.54,10/23/2025,Midel,Retail,at nibh in hac habitasse platea dictumst aliquam augue quam sollicitudin vitae consectetuer eget,Purchase,ZAR,1.6467,9274.26,3/31/2023,Approved,odio elementum eu interdum eu tincidunt in leo maecenas pulvinar lobortis est phasellus sit amet erat nulla,Avamba,et magnis dis parturient montes nascetur ridiculus mus vivamus vestibulum,Phillida Smallsman,psmallsman7r@wix.com,291-753-0928,13 Del Sol Crossing,Almirante Tamandaré,,83500-000
281,3584475982409148,American Express,3/30/2027,336,Maressa Nutbrown,80763 Everett Crossing,Xinchengzi,,,China,5327.56,6/11/2024,Feedbug,Entertainment,nulla ac enim in tempor turpis nec euismod scelerisque quam turpis adipiscing lorem vitae,Cash Advance,CNY,1.6562,2779.58,2/28/2025,Pending,rhoncus dui vel sem sed sagittis nam congue risus semper porta volutpat quam pede lobortis ligula sit amet eleifend,Minyx,facilisi cras non velit nec nisi vulputate nonummy maecenas tincidunt lacus,Johnath O'Scollain,joscollain7s@google.de,447-237-2179,4348 Burrows Way,Saint-Chamond,B9,42404 CEDEX
282,5602251436407738,Visa,8/10/2027,924,Linnie Farndell,574 Bay Road,Xinning,,,China,666.52,8/6/2022,Wikido,Dining,sed justo pellentesque viverra pede ac diam cras pellentesque volutpat dui maecenas tristique est et tempus semper,Purchase,CNY,1.8928,9993.0,1/29/2028,Declined,habitasse platea dictumst aliquam augue quam sollicitudin vitae consectetuer eget rutrum at lorem integer tincidunt ante vel,Realbridge,non velit donec diam neque vestibulum eget vulputate ut ultrices vel augue,Alisander Buckerfield,abuckerfield7t@csmonitor.com,989-149-7061,128 Hoffman Court,Krajan Dermawuharjo,,
283,4844398931647713,Mastercard,7/13/2022,978,Markus Hordle,85827 Golf Point,Tubuhue,,,Indonesia,1799.31,5/21/2024,Oyoyo,Retail,nec molestie sed justo pellentesque viverra pede ac diam cras pellentesque volutpat dui maecenas tristique est,Purchase,IDR,1.8299,9509.99,1/18/2030,Pending,ante ipsum primis in faucibus orci luctus et ultrices posuere,Devpulse,nonummy integer non velit donec diam neque vestibulum eget vulputate,Hew Folder,hfolder7u@timesonline.co.uk,332-731-3581,33 Golf Course Crossing,Sinarwangi,,
284,6706573988954951512,Visa,1/18/2027,759,Robin Seale,381 Milwaukee Trail,Zhaoxian,,,China,9090.25,5/23/2025,Devpulse,Entertainment,sapien iaculis congue vivamus metus arcu adipiscing molestie hendrerit at vulputate vitae,Refund,CNY,1.8963,4029.56,5/16/2024,Pending,ridiculus mus vivamus vestibulum sagittis sapien cum sociis natoque penatibus et magnis dis parturient,Brightbean,in ante vestibulum ante ipsum primis in faucibus orci luctus et ultrices posuere cubilia curae duis faucibus accumsan,Blaine Tilt,btilt7v@illinois.edu,601-166-2978,46 Nevada Place,Gómez,,
285,5342605481273482,Mastercard,11/22/2028,870,Rorke Spieck,28 Mifflin Center,Leticia,,910008,Colombia,6001.23,12/11/2027,Youbridge,Travel,fusce lacus purus aliquet at feugiat non pretium quis lectus suspendisse potenti in eleifend quam,Refund,COP,0.9639,8714.84,8/20/2023,Pending,dolor vel est donec odio justo sollicitudin ut suscipit a feugiat et eros vestibulum ac est,Ntags,maecenas tristique est et tempus semper est quam pharetra magna ac consequat metus sapien ut,Mark Hasling,mhasling7w@canalblog.com,426-209-9661,606 Hayes Crossing,Burgos,,8424
286,3555476523336589,Visa,10/29/2022,852,Vern Zammitt,3872 Harbort Junction,Ratnapura,,70000,Sri Lanka,7209.95,8/10/2030,Tagfeed,Entertainment,elit proin interdum mauris non ligula pellentesque ultrices phasellus id,Cash Advance,LKR,0.7553,958.6,10/4/2030,Declined,ultrices vel augue vestibulum ante ipsum primis in faucibus orci luctus et ultrices,Gabtune,quam turpis adipiscing lorem vitae mattis nibh ligula nec sem duis aliquam convallis nunc proin at turpis a pede,Archibold Baudinet,abaudinet7x@pcworld.com,257-841-4437,40 Springs Terrace,Noveleta,,4105
287,5602230930848340,American Express,9/5/2029,761,Aldous Kytter,5 Gale Junction,Wachira Barami,,45250,Thailand,7542.42,9/22/2028,Skipfire,Retail,luctus rutrum nulla tellus in sagittis dui vel nisl duis ac nibh,Purchase,THB,0.6861,6611.82,12/9/2028,Approved,ut nunc vestibulum ante ipsum primis in faucibus orci luctus et ultrices posuere cubilia curae mauris viverra,Meevee,integer ac leo pellentesque ultrices mattis odio donec vitae nisi nam ultrices libero non,Maribelle Nemchinov,mnemchinov7y@t-online.de,675-482-2191,959 Crowley Junction,Lolotique,,
288,374622343824040,Visa,3/7/2025,973,Birgitta Davitashvili,6 Miller Terrace,Heping,,,China,2534.44,10/8/2024,Wikizz,Travel,non pretium quis lectus suspendisse potenti in eleifend quam a odio in hac habitasse,Refund,CNY,1.2457,6807.74,6/6/2024,Declined,sodales scelerisque mauris sit amet eros suspendisse accumsan tortor quis turpis sed ante vivamus tortor duis,Twitterbridge,viverra diam vitae quam suspendisse potenti nullam porttitor lacus at turpis donec posuere metus,Sascha Esser,sesser7z@booking.com,407-600-1246,46869 Waxwing Hill,Wamba,,
289,4905593083114193134,Visa,5/17/2026,149,Jolee Valeri,2598 Del Sol Crossing,Shanxia,,,China,5304.21,3/27/2025,Meevee,Travel,ut rhoncus aliquet pulvinar sed nisl nunc rhoncus dui vel sem,Refund,CNY,1.6699,8030.41,4/4/2027,Pending,justo maecenas rhoncus aliquam lacus morbi quis tortor id nulla ultrices,Roombo,sapien in sapien iaculis congue vivamus metus arcu adipiscing molestie hendrerit at vulputate vitae nisl aenean lectus pellentesque eget,Phil Husby,phusby80@mediafire.com,540-836-3214,02460 6th Parkway,Portobelo,,
290,5007661590783255,American Express,9/1/2028,609,Abraham Huxton,51371 Stone Corner Court,Moñitos,,231008,Colombia,9721.41,4/10/2029,Skipfire,Travel,nisi at nibh in hac habitasse platea dictumst aliquam augue quam sollicitudin vitae consectetuer eget,Cash Advance,COP,1.7015,3965.73,7/2/2023,Declined,in leo maecenas pulvinar lobortis est phasellus sit amet erat nulla tempus vivamus in felis eu sapien cursus vestibulum proin,Zoovu,non sodales sed tincidunt eu felis fusce posuere felis sed lacus morbi sem,Scottie Galtone,sgaltone81@g.co,614-688-8925,3 Pleasure Avenue,Bolilao,,1045
291,3567921146536731,Visa,8/23/2024,735,Angelica Yurkiewicz,90 Melody Avenue,Mashui,,,China,9161.87,2/11/2024,Skyba,Entertainment,dolor morbi vel lectus in quam fringilla rhoncus mauris enim leo rhoncus,Refund,CNY,0.9984,3730.62,1/10/2030,Declined,quisque id justo sit amet sapien dignissim vestibulum vestibulum ante ipsum,Centidel,eget eleifend luctus ultricies eu nibh quisque id justo sit amet sapien dignissim vestibulum vestibulum ante,Corrinne MacCheyne,cmaccheyne82@auda.org.au,843-603-5298,769 Pond Crossing,Monastirákion,,
292,4017954946331,Mastercard,6/21/2026,477,Franklyn Cameron,0939 Green Pass,Zhangjiapan,,,China,9483.4,8/3/2024,Devpulse,Dining,et tempus semper est quam pharetra magna ac consequat metus sapien ut nunc vestibulum ante ipsum primis in faucibus orci,Refund,CNY,1.4494,7695.6,9/30/2030,Declined,suscipit nulla elit ac nulla sed vel enim sit amet,Jetpulse,in leo maecenas pulvinar lobortis est phasellus sit amet erat nulla tempus vivamus in felis eu sapien cursus vestibulum proin,Josie Burgill,jburgill83@goo.ne.jp,883-276-2904,93 Stoughton Trail,Bayawan,,4323
293,4508981432028769,American Express,5/8/2022,968,Tammy Catcheside,605 Dahle Plaza,Şānūr,,,Palestinian Territory,3102.86,7/2/2030,Twitternation,Dining,turpis enim blandit mi in porttitor pede justo eu massa donec dapibus duis at velit eu est,Cash Advance,ILS,1.7861,2974.78,11/1/2023,Declined,donec dapibus duis at velit eu est congue elementum in hac habitasse platea dictumst morbi vestibulum velit id pretium,Roomm,justo in hac habitasse platea dictumst etiam faucibus cursus urna ut tellus nulla ut erat id mauris vulputate elementum,Devlin Castiglio,dcastiglio84@ted.com,336-167-4039,06854 International Road,Zapatero,,
294,30594498356977,Visa,12/20/2024,839,Revkah Rooney,533 Hovde Road,Kedungwungu,,,Indonesia,3003.6,1/31/2026,Photospace,Retail,maecenas leo odio condimentum id luctus nec molestie sed justo pellentesque viverra pede ac diam cras pellentesque volutpat dui maecenas,Purchase,IDR,1.1366,6906.31,2/13/2025,Approved,faucibus orci luctus et ultrices posuere cubilia curae donec pharetra magna vestibulum aliquet,Bubblemix,consectetuer eget rutrum at lorem integer tincidunt ante vel ipsum praesent blandit lacinia erat vestibulum sed,Othella Vedeneev,ovedeneev85@prnewswire.com,468-888-2356,5099 Coleman Park,Karangduren Dua,,
295,3555581714018373,Mastercard,9/23/2030,319,Analiese Bettenson,0450 Cottonwood Center,Drohobych,,,Ukraine,8737.54,2/22/2023,Twinte,Retail,maecenas tristique est et tempus semper est quam pharetra magna ac consequat metus sapien ut nunc vestibulum ante ipsum primis,Cash Advance,UAH,1.4349,2572.25,1/7/2027,Pending,sed augue aliquam erat volutpat in congue etiam justo etiam pretium,Gabvine,augue vel accumsan tellus nisi eu orci mauris lacinia sapien quis libero nullam sit amet turpis elementum ligula,Asia Monteith,amonteith86@businessinsider.com,147-892-5293,0891 Monica Plaza,Meizhuang,,
296,6390218055165891,Mastercard,8/26/2026,211,Davy Paylor,87 Tony Drive,Petawawa,ON,K8H,Canada,9838.02,6/4/2024,Feedbug,Travel,orci luctus et ultrices posuere cubilia curae mauris viverra diam vitae quam suspendisse potenti nullam porttitor lacus at turpis donec,Purchase,CAD,1.514,775.65,4/24/2024,Declined,vulputate justo in blandit ultrices enim lorem ipsum dolor sit amet consectetuer adipiscing elit proin interdum mauris non,Dynava,maecenas tincidunt lacus at velit vivamus vel nulla eget eros elementum pellentesque,Vina Satterlee,vsatterlee87@gmpg.org,344-407-2679,97665 Merry Drive,Ellinikó,,
297,3568197699668648,Visa,9/13/2022,660,Tildie O'Dougherty,1579 Corry Parkway,Granada,,252257,Colombia,7059.54,3/16/2029,Vitz,Dining,ut dolor morbi vel lectus in quam fringilla rhoncus mauris enim leo rhoncus sed vestibulum sit,Purchase,COP,0.5839,600.63,7/14/2028,Pending,diam neque vestibulum eget vulputate ut ultrices vel augue vestibulum,Jabbercube,libero nam dui proin leo odio porttitor id consequat in consequat ut nulla sed accumsan,Mandie Jendrach,mjendrach88@dropbox.com,481-538-9867,68455 Boyd Lane,Onsala,N,439 37
298,3552887502303775,American Express,12/6/2029,283,Jordain Highton,6025 Bartillon Place,Bogolyubovo,,601270,Russia,5693.21,12/10/2030,Gabspot,Retail,ut mauris eget massa tempor convallis nulla neque libero convallis eget eleifend luctus ultricies eu nibh quisque id,Cash Advance,RUB,1.1497,9699.79,5/24/2028,Declined,urna pretium nisl ut volutpat sapien arcu sed augue aliquam erat volutpat in congue etiam justo etiam pretium iaculis justo,Einti,quis lectus suspendisse potenti in eleifend quam a odio in hac,Royal Parley,rparley89@so-net.ne.jp,372-966-9660,27439 Pond Park,Stąporków,,26-220
299,3530430230744684,American Express,6/12/2026,240,Carmita Surgeoner,79 David Hill,Naval,,6543,Philippines,8641.79,4/11/2027,Eamia,Entertainment,aenean fermentum donec ut mauris eget massa tempor convallis nulla neque libero convallis,Cash Advance,PHP,1.4906,493.57,3/30/2028,Declined,vitae consectetuer eget rutrum at lorem integer tincidunt ante vel ipsum praesent,Jabbersphere,lectus pellentesque at nulla suspendisse potenti cras in purus eu magna vulputate luctus cum sociis natoque penatibus et magnis,Con Jellings,cjellings8a@dmoz.org,217-860-7038,42709 Delladonna Plaza,Changuinola,,
300,4508701663290296,Visa,1/18/2024,738,Gaby McIsaac,99404 5th Avenue,Borås,O,504 00,Sweden,8269.1,7/20/2028,Tekfly,Dining,orci luctus et ultrices posuere cubilia curae donec pharetra magna vestibulum aliquet ultrices erat tortor sollicitudin mi sit,Cash Advance,SEK,1.0936,8718.56,6/23/2026,Declined,quam pharetra magna ac consequat metus sapien ut nunc vestibulum ante ipsum primis in faucibus orci luctus et,Dabtype,eu orci mauris lacinia sapien quis libero nullam sit amet turpis elementum ligula,Haven Halms,hhalms8b@hostgator.com,728-970-5509,9 Butterfield Trail,Gaotang,,
301,3543717791319012,American Express,7/14/2027,483,Arnuad Badwick,1 Straubel Terrace,Albany,NY,12247,United States,4991.71,12/30/2024,Skinder,Travel,donec odio justo sollicitudin ut suscipit a feugiat et eros vestibulum ac est lacinia nisi venenatis tristique,Purchase,USD,1.8686,4893.17,12/31/2025,Approved,vitae consectetuer eget rutrum at lorem integer tincidunt ante vel ipsum praesent blandit lacinia erat,Fiveclub,potenti nullam porttitor lacus at turpis donec posuere metus vitae ipsum aliquam,Calli Cardenosa,ccardenosa8c@rambler.ru,518-132-0279,07 Barby Court,Yantak,,
302,3565874300124467,Visa,3/12/2026,322,Jacinta Bengochea,01 Kensington Park,Udanin,,55-340,Poland,7095.85,10/18/2027,Leexo,Entertainment,urna pretium nisl ut volutpat sapien arcu sed augue aliquam erat,Purchase,PLN,1.5365,6584.74,4/5/2028,Pending,diam cras pellentesque volutpat dui maecenas tristique est et tempus semper est quam pharetra magna,Kwideo,vestibulum eget vulputate ut ultrices vel augue vestibulum ante ipsum primis in faucibus,Leigh Goss,lgoss8d@bbb.org,891-309-6030,060 Debra Hill,Grabica,,97-306
303,5100133914701872,Mastercard,10/8/2030,897,Gunther Charlotte,39 Rieder Road,Calaba,,2807,Philippines,2150.66,11/28/2023,Devbug,Retail,odio consequat varius integer ac leo pellentesque ultrices mattis odio,Cash Advance,PHP,1.2026,8161.69,11/13/2026,Declined,non mi integer ac neque duis bibendum morbi non quam nec dui luctus rutrum,Voomm,justo maecenas rhoncus aliquam lacus morbi quis tortor id nulla ultrices aliquet maecenas leo,Rora Gregolin,rgregolin8e@hostgator.com,298-879-0156,36 Boyd Parkway,Jubao,,
304,3538823921759072,American Express,6/24/2030,370,Marielle Binnie,253 Little Fleur Road,Drosáto,,,Greece,8254.4,4/28/2027,DabZ,Retail,ut rhoncus aliquet pulvinar sed nisl nunc rhoncus dui vel sem,Refund,EUR,1.3613,3970.44,1/2/2024,Approved,nam nulla integer pede justo lacinia eget tincidunt eget tempus vel pede morbi porttitor lorem id ligula suspendisse ornare,Oyonder,nulla nisl nunc nisl duis bibendum felis sed interdum venenatis turpis enim blandit mi,Randell Jentges,rjentges8f@nytimes.com,135-485-1475,2 Killdeer Road,Suncheon,,
305,4844045861618053,Visa,4/14/2028,980,Twyla Blyth,008 Crest Line Junction,Sanjian,,,China,2871.42,6/16/2027,Dabshots,Travel,id nisl venenatis lacinia aenean sit amet justo morbi ut odio cras mi pede malesuada in imperdiet,Refund,CNY,1.4047,5194.01,3/31/2023,Declined,platea dictumst maecenas ut massa quis augue luctus tincidunt nulla,Rooxo,ullamcorper augue a suscipit nulla elit ac nulla sed vel enim sit amet nunc viverra dapibus nulla suscipit ligula,Lenci Vowdon,lvowdon8g@mediafire.com,420-693-5372,3 Springview Hill,Providence,,
306,3553759738168109,Visa,4/17/2024,566,Allistir Bellon,3 Clarendon Parkway,Tlutup,,,Indonesia,8827.39,12/7/2027,Riffpedia,Dining,lacinia eget tincidunt eget tempus vel pede morbi porttitor lorem id ligula suspendisse ornare,Purchase,IDR,1.334,6841.21,12/16/2026,Declined,in faucibus orci luctus et ultrices posuere cubilia curae mauris viverra diam vitae quam suspendisse potenti nullam porttitor lacus,Realbuzz,in est risus auctor sed tristique in tempus sit amet sem fusce consequat nulla nisl,Deina Clemmow,dclemmow8h@elpais.com,313-190-4635,516 Corben Point,Potongan,,
307,3578868617317322,American Express,11/17/2022,929,Tabbie Fishenden,860 Gulseth Pass,Chaplygin,,399903,Russia,9814.45,7/31/2029,Flashset,Travel,integer tincidunt ante vel ipsum praesent blandit lacinia erat vestibulum sed,Purchase,RUB,1.9775,6784.45,7/13/2022,Pending,ut rhoncus aliquet pulvinar sed nisl nunc rhoncus dui vel sem sed sagittis nam congue,Zoomcast,laoreet ut rhoncus aliquet pulvinar sed nisl nunc rhoncus dui vel sem,Jolie Fitchen,jfitchen8i@webnode.com,508-438-6095,0 Ruskin Lane,Estribeiro,11,2580-444
308,3566212456266130,Mastercard,6/5/2028,170,Jeana Beau,782 Troy Street,Lipsko,,27-300,Poland,5735.28,9/8/2025,Edgepulse,Travel,felis donec semper sapien a libero nam dui proin leo,Refund,PLN,0.508,1281.78,1/9/2024,Declined,vitae nisi nam ultrices libero non mattis pulvinar nulla pede ullamcorper augue,Innotype,nulla nisl nunc nisl duis bibendum felis sed interdum venenatis,Wyatt Prichard,wprichard8j@bandcamp.com,562-794-0622,3528 Daystar Center,Kapiri Mposhi,,
309,3548474776322000,Mastercard,10/13/2029,555,Wyn Spurden,9 Sutherland Center,Jawornik,,38-112,Poland,4548.42,4/30/2024,Trupe,Travel,duis bibendum morbi non quam nec dui luctus rutrum nulla tellus in sagittis dui vel nisl duis,Refund,PLN,1.6106,3217.91,12/6/2024,Pending,ac leo pellentesque ultrices mattis odio donec vitae nisi nam ultrices libero non,Linktype,vehicula consequat morbi a ipsum integer a nibh in quis justo,Jeramey Wornum,jwornum8k@feedburner.com,982-119-4224,4 Springview Place,Gyigang,,
310,3529825404031441,Visa,12/7/2029,380,Hammad Kemshell,143 Main Pass,Mulyo,,,Indonesia,201.49,2/3/2025,Realblab,Retail,interdum venenatis turpis enim blandit mi in porttitor pede justo eu massa donec dapibus,Cash Advance,IDR,1.607,5648.85,10/27/2028,Approved,sodales scelerisque mauris sit amet eros suspendisse accumsan tortor quis turpis sed ante vivamus tortor duis mattis,Browsecat,purus sit amet nulla quisque arcu libero rutrum ac lobortis,Reid Kisbey,rkisbey8l@qq.com,275-680-0968,6 Carioca Junction,Sar Chakān,,
311,3576459222901098,Mastercard,10/29/2023,579,Dael Andrzej,288 Charing Cross Parkway,Huiwan,,,China,3124.83,6/3/2028,Skiba,Dining,urna ut tellus nulla ut erat id mauris vulputate elementum nullam varius nulla facilisi cras non,Refund,CNY,1.5221,1281.44,3/13/2028,Approved,nec sem duis aliquam convallis nunc proin at turpis a pede posuere nonummy integer non,Abatz,aliquet ultrices erat tortor sollicitudin mi sit amet lobortis sapien sapien non mi integer ac neque duis bibendum,Haley Roderham,hroderham8m@washingtonpost.com,823-225-0657,2 Sheridan Parkway,Khulm,,
312,5602222597836890,Mastercard,6/1/2028,739,Delphinia Knagges,7 Sheridan Street,Gierłoż,,01-517,Poland,8121.12,2/4/2022,Talane,Travel,id lobortis convallis tortor risus dapibus augue vel accumsan tellus nisi eu orci mauris lacinia sapien quis libero nullam sit,Refund,PLN,1.6001,3424.14,11/15/2027,Approved,morbi quis tortor id nulla ultrices aliquet maecenas leo odio condimentum id luctus nec molestie,Quaxo,orci luctus et ultrices posuere cubilia curae mauris viverra diam vitae,Charlene Laidlaw,claidlaw8n@wufoo.com,521-831-8787,7 Butternut Pass,Krzczonów,,32-435
313,6759069649465163,Mastercard,2/22/2030,222,Jerrold Campe,67542 Johnson Crossing,Brody,,68-343,Poland,1785.52,2/3/2023,Fivebridge,Dining,purus phasellus in felis donec semper sapien a libero nam dui proin,Purchase,PLN,1.0446,4819.6,6/7/2025,Approved,et ultrices posuere cubilia curae duis faucibus accumsan odio curabitur convallis duis consequat dui nec nisi volutpat eleifend donec,Browsecat,cubilia curae mauris viverra diam vitae quam suspendisse potenti nullam porttitor lacus at,Drud Fowlestone,dfowlestone8o@dyndns.org,579-730-8850,855 Bluestem Avenue,Futuroscope,B7,86964 CEDEX
314,5048372660164530,Visa,4/18/2025,718,Aldon Imlock,9663 Sunfield Parkway,Mariara,,,Venezuela,9105.03,8/26/2029,Podcat,Travel,ac neque duis bibendum morbi non quam nec dui luctus rutrum nulla tellus in sagittis dui vel,Cash Advance,VEF,1.0568,2707.35,8/27/2023,Pending,sit amet erat nulla tempus vivamus in felis eu sapien cursus vestibulum proin,JumpXS,venenatis tristique fusce congue diam id ornare imperdiet sapien urna pretium,Leonanie Dykins,ldykins8p@reference.com,468-813-1430,8050 Bluestem Crossing,Jiefu,,
315,3553141745479219,Mastercard,9/30/2030,790,Ty Befroy,58 Talmadge Center,Oslo,03,0130,Norway,6391.47,8/1/2026,Eire,Entertainment,eleifend quam a odio in hac habitasse platea dictumst maecenas ut massa quis augue luctus tincidunt nulla mollis molestie lorem,Purchase,NOK,0.5739,2617.83,7/8/2030,Declined,elit ac nulla sed vel enim sit amet nunc viverra dapibus nulla suscipit ligula,Thoughtworks,varius ut blandit non interdum in ante vestibulum ante ipsum primis in faucibus,Huntley Tonge,htonge8q@ameblo.jp,203-351-2238,7 Novick Crossing,Wuping,,
316,3570527194331415,Mastercard,10/8/2023,947,Cara Desquesnes,8 Merchant Road,Bertoua,,,Cameroon,1737.36,4/30/2026,Quatz,Travel,sapien placerat ante nulla justo aliquam quis turpis eget elit sodales scelerisque mauris sit amet eros suspendisse accumsan tortor quis,Refund,XAF,1.5348,5182.43,11/6/2024,Approved,justo eu massa donec dapibus duis at velit eu est congue elementum in hac habitasse platea dictumst,Fiveclub,ante nulla justo aliquam quis turpis eget elit sodales scelerisque mauris sit amet eros suspendisse accumsan,Herbie Charkham,hcharkham8r@dropbox.com,681-624-9281,60 Walton Junction,Al Ḩudaydah,,
317,344772968513910,Mastercard,12/28/2030,926,Donovan Keneford,45 Pine View Terrace,Arendal,09,4857,Norway,6539.52,2/2/2028,Eire,Travel,integer tincidunt ante vel ipsum praesent blandit lacinia erat vestibulum sed magna at nunc,Refund,NOK,1.3166,6796.0,1/19/2028,Pending,pede justo lacinia eget tincidunt eget tempus vel pede morbi porttitor lorem id ligula suspendisse ornare consequat lectus,Dynazzy,leo rhoncus sed vestibulum sit amet cursus id turpis integer aliquet massa id lobortis convallis tortor risus,Foss O'Moylan,fomoylan8s@usatoday.com,386-765-2492,2400 Mayfield Trail,Partesh,,
318,50381218591538113,American Express,12/7/2030,304,Galvan Connolly,8625 Maple Crossing,Yeniugou,,,China,7118.98,3/29/2022,Snaptags,Retail,nulla ac enim in tempor turpis nec euismod scelerisque quam turpis,Cash Advance,CNY,1.0466,8342.07,3/21/2030,Pending,magna vestibulum aliquet ultrices erat tortor sollicitudin mi sit amet lobortis sapien,Browsezoom,aenean auctor gravida sem praesent id massa id nisl venenatis lacinia aenean sit amet,Trev D'eath,tdeath8t@joomla.org,460-540-6675,915 Badeau Crossing,København,1084,1707
319,676166629891559190,Mastercard,5/10/2029,973,Tristan McGeffen,11 Linden Trail,Đức Phong,,,Vietnam,4469.91,1/5/2028,Eayo,Entertainment,iaculis diam erat fermentum justo nec condimentum neque sapien placerat ante nulla justo aliquam quis turpis eget elit,Purchase,VND,0.6903,1524.17,6/6/2022,Declined,ultrices libero non mattis pulvinar nulla pede ullamcorper augue a,Jabbercube,amet consectetuer adipiscing elit proin risus praesent lectus vestibulum quam sapien varius ut blandit non interdum in ante vestibulum,Lisabeth Bakey,lbakey8u@freewebs.com,838-878-1899,46235 Granby Parkway,Ruzayevka,,431469
320,5048377915528926,American Express,9/14/2027,161,Friedrick Girard,8927 Meadow Valley Avenue,Tanghua,,,China,8541.8,10/26/2026,Zoozzy,Retail,ultrices libero non mattis pulvinar nulla pede ullamcorper augue a suscipit nulla elit ac nulla,Refund,CNY,1.0521,5449.76,2/20/2027,Declined,odio porttitor id consequat in consequat ut nulla sed accumsan felis ut at,Skivee,at nibh in hac habitasse platea dictumst aliquam augue quam sollicitudin vitae consectetuer,Jelene Papachristophorou,jpapachristophorou8v@fastcompany.com,425-599-7652,95 Holmberg Circle,Providencia,DUR,35364
321,633426657116171100,Mastercard,1/14/2025,976,Shayne Gowers,4405 Rockefeller Place,Zengguang,,,China,5214.86,9/27/2029,Katz,Dining,lobortis sapien sapien non mi integer ac neque duis bibendum morbi non quam nec dui luctus rutrum,Cash Advance,CNY,0.9333,9870.69,6/2/2027,Declined,ut nunc vestibulum ante ipsum primis in faucibus orci luctus et ultrices posuere cubilia curae mauris viverra,Meejo,consequat metus sapien ut nunc vestibulum ante ipsum primis in faucibus,Burty Cumberledge,bcumberledge8w@comcast.net,396-626-1623,27436 Kensington Center,Grazhdanskoye,,363104
322,3584632725210213,American Express,4/14/2025,484,Mercy Plak,1 Sherman Pass,Mangkon Daja,,,Indonesia,4124.02,6/28/2026,Youbridge,Travel,sollicitudin ut suscipit a feugiat et eros vestibulum ac est lacinia nisi,Purchase,IDR,1.6895,2407.43,12/26/2029,Approved,nulla facilisi cras non velit nec nisi vulputate nonummy maecenas tincidunt,Meemm,nisi nam ultrices libero non mattis pulvinar nulla pede ullamcorper augue a suscipit nulla elit ac nulla sed vel,Moreen Whittall,mwhittall8x@bandcamp.com,745-957-8026,7 Killdeer Parkway,Szczecinek,,78-410
323,633110099896716955,Visa,9/11/2022,970,Yance Geaney,952 5th Terrace,Bria,,,Central African Republic,6582.8,2/4/2029,Skinix,Travel,in lacus curabitur at ipsum ac tellus semper interdum mauris ullamcorper purus sit amet,Cash Advance,XAF,1.764,2252.45,7/7/2030,Declined,molestie hendrerit at vulputate vitae nisl aenean lectus pellentesque eget,Wikizz,duis consequat dui nec nisi volutpat eleifend donec ut dolor morbi vel lectus in quam fringilla rhoncus mauris,Pavla McNab,pmcnab8y@baidu.com,563-398-8668,181 Ryan Park,Mariestad,O,542 95
324,3544589444037260,American Express,9/20/2026,496,Carole Petrik,805 Ronald Regan Lane,Il’inskiy Pogost,,142655,Russia,481.43,2/17/2023,Rhycero,Entertainment,platea dictumst etiam faucibus cursus urna ut tellus nulla ut erat id mauris vulputate,Purchase,RUB,0.962,6776.74,12/11/2026,Approved,maecenas ut massa quis augue luctus tincidunt nulla mollis molestie lorem quisque ut,Aimbu,ligula sit amet eleifend pede libero quis orci nullam molestie nibh in lectus pellentesque at nulla suspendisse potenti cras,Kirby Reinhard,kreinhard8z@yandex.ru,819-104-7654,4622 Starling Avenue,Nejo,,
325,3572746153836531,Visa,12/10/2023,322,Kristopher Birtley,81936 Hooker Alley,Tangquan,,,China,8311.32,2/23/2026,Jetpulse,Travel,erat eros viverra eget congue eget semper rutrum nulla nunc purus phasellus in felis donec semper sapien,Refund,CNY,1.9193,6312.76,8/1/2027,Approved,arcu adipiscing molestie hendrerit at vulputate vitae nisl aenean lectus pellentesque eget nunc donec quis,Dabtype,nec condimentum neque sapien placerat ante nulla justo aliquam quis turpis eget elit sodales scelerisque mauris sit amet eros,Annora Rosenshine,arosenshine90@timesonline.co.uk,497-703-4866,3 Rutledge Road,Wansheng,,
326,4803091232632273,American Express,10/7/2028,500,Clair Dovey,83 La Follette Park,Jielong,,,China,3828.04,12/28/2030,Bubblemix,Entertainment,nec molestie sed justo pellentesque viverra pede ac diam cras pellentesque volutpat dui maecenas tristique est et tempus semper est,Refund,CNY,1.9113,6600.83,1/16/2022,Declined,donec ut dolor morbi vel lectus in quam fringilla rhoncus mauris enim leo rhoncus sed vestibulum,Avamm,ut mauris eget massa tempor convallis nulla neque libero convallis eget eleifend luctus ultricies eu,Dennie Sutworth,dsutworth91@live.com,395-960-9574,49 Arizona Avenue,Danja,,
327,3537626173306661,American Express,3/17/2029,264,Kikelia Tomaszczyk,425 Melody Plaza,Malumfashi,,,Nigeria,7965.96,11/16/2029,Mudo,Dining,sed tristique in tempus sit amet sem fusce consequat nulla nisl nunc nisl duis,Cash Advance,NGN,1.5391,2753.77,9/1/2026,Declined,in magna bibendum imperdiet nullam orci pede venenatis non sodales sed tincidunt,Dabjam,etiam pretium iaculis justo in hac habitasse platea dictumst etiam faucibus cursus urna ut tellus,Alaine Harteley,aharteley92@studiopress.com,320-802-9229,38455 Clarendon Crossing,Oli,,
328,5602238934446953,American Express,3/9/2027,962,Maritsa Kaes,66000 Dorton Circle,Ungca,,5004,Philippines,3853.68,7/25/2022,Shuffledrive,Travel,nisi eu orci mauris lacinia sapien quis libero nullam sit amet turpis elementum,Cash Advance,PHP,1.8873,3284.92,1/11/2025,Pending,adipiscing elit proin risus praesent lectus vestibulum quam sapien varius ut blandit,Kazu,nisl venenatis lacinia aenean sit amet justo morbi ut odio,Mamie Able,mable93@comcast.net,549-194-9623,202 Maple Road,São Sebastião,43,9700-602
329,3574889940085265,Mastercard,12/21/2025,594,Lonna Self,28835 Hoepker Crossing,Fengxizhai,,,China,2974.04,7/21/2024,Twitterworks,Dining,magnis dis parturient montes nascetur ridiculus mus etiam vel augue vestibulum rutrum rutrum neque aenean auctor,Purchase,CNY,1.7521,1694.16,1/11/2026,Declined,adipiscing elit proin risus praesent lectus vestibulum quam sapien varius ut blandit non,Brainverse,feugiat et eros vestibulum ac est lacinia nisi venenatis tristique fusce congue diam id ornare imperdiet sapien urna pretium,Rosemaria Arnault,rarnault94@weibo.com,431-517-3713,7 Redwing Court,Rušanj,,
330,6395657804224126,American Express,12/1/2025,331,Cash Jasper,0694 Stoughton Junction,Serowe,,,Botswana,1354.24,3/9/2029,Livetube,Entertainment,sit amet diam in magna bibendum imperdiet nullam orci pede venenatis non sodales,Purchase,BWP,1.0775,8366.69,9/3/2029,Pending,justo in blandit ultrices enim lorem ipsum dolor sit amet consectetuer adipiscing elit proin interdum,Quamba,ut erat id mauris vulputate elementum nullam varius nulla facilisi cras non velit nec nisi,Ann Nashe,anashe95@mayoclinic.com,143-203-0508,8711 Golden Leaf Point,Tingqian,,
331,3542316938344800,American Express,12/30/2026,377,Doy Vasilic,43 Roxbury Place,Rawannawi Village,,,Kiribati,470.43,10/4/2027,Yata,Dining,commodo vulputate justo in blandit ultrices enim lorem ipsum dolor sit amet,Cash Advance,AUD,0.9378,5192.88,4/23/2027,Approved,vehicula condimentum curabitur in libero ut massa volutpat convallis morbi odio odio elementum eu interdum eu,Zoomdog,nulla neque libero convallis eget eleifend luctus ultricies eu nibh quisque id,Lorant Dominik,ldominik96@uol.com.br,741-628-8017,4 Corben Trail,Milevsko,,399 01
332,56022389306332993,Visa,12/4/2029,345,Batsheva Bridgland,671 Forster Plaza,Kosan,,,North Korea,1162.83,8/28/2026,Youspan,Entertainment,sed sagittis nam congue risus semper porta volutpat quam pede,Cash Advance,KPW,1.9398,5122.58,11/22/2030,Declined,adipiscing elit proin risus praesent lectus vestibulum quam sapien varius ut blandit non interdum in ante vestibulum ante ipsum,Blogpad,faucibus orci luctus et ultrices posuere cubilia curae duis faucibus,Sabina Mallard,smallard97@goo.gl,878-279-3825,45282 Fairview Road,Chalchuapa,,
333,3586178294599675,Visa,10/25/2028,231,Nelia Sextone,62 Beilfuss Circle,Taojiahe,,,China,4064.7,4/6/2023,Skajo,Dining,amet lobortis sapien sapien non mi integer ac neque duis bibendum morbi non quam,Purchase,CNY,0.8162,2504.17,6/12/2022,Pending,fusce lacus purus aliquet at feugiat non pretium quis lectus suspendisse potenti in eleifend quam a odio in hac habitasse,Tavu,lacinia sapien quis libero nullam sit amet turpis elementum ligula vehicula consequat,Haydon Stailey,hstailey98@answers.com,257-661-3899,42411 Utah Road,Diaowei,,
334,3552037220359721,Visa,12/30/2027,748,Jessie Bickerdyke,7 Esch Park,Nhà Bàng,,,Vietnam,414.94,7/25/2028,Pixope,Dining,neque duis bibendum morbi non quam nec dui luctus rutrum nulla tellus in sagittis dui vel nisl,Refund,VND,1.4298,6026.93,7/25/2022,Pending,curabitur in libero ut massa volutpat convallis morbi odio odio,Avaveo,aenean auctor gravida sem praesent id massa id nisl venenatis lacinia aenean sit amet justo morbi ut,Tammi Rebert,trebert99@booking.com,700-253-9370,1299 Pennsylvania Terrace,Fuhe,,
335,3569339559261713,American Express,10/18/2027,894,Esmaria Gollard,0 High Crossing Street,Hengshan,,,China,7019.51,7/3/2027,Layo,Dining,lobortis est phasellus sit amet erat nulla tempus vivamus in felis eu sapien cursus vestibulum proin eu mi nulla ac,Purchase,CNY,0.9056,6020.54,10/23/2028,Pending,tortor id nulla ultrices aliquet maecenas leo odio condimentum id luctus nec molestie,Oyondu,eros suspendisse accumsan tortor quis turpis sed ante vivamus tortor duis mattis egestas metus aenean fermentum donec ut mauris eget,Shirlene Clucas,sclucas9a@statcounter.com,207-243-4099,6599 Union Lane,João Pessoa,,58000-000
336,3556297729856538,Mastercard,6/17/2022,527,Myca Hubbock,41 Golf Junction,El Bolsón,,8430,Argentina,1954.17,2/21/2023,Zoozzy,Retail,quisque erat eros viverra eget congue eget semper rutrum nulla,Refund,ARS,0.7349,7853.29,8/20/2027,Pending,cubilia curae nulla dapibus dolor vel est donec odio justo sollicitudin ut suscipit a feugiat et eros,Flashdog,vestibulum ante ipsum primis in faucibus orci luctus et ultrices posuere cubilia curae nulla dapibus dolor,Janis Hutcheon,jhutcheon9b@scientificamerican.com,246-773-6246,97478 Fordem Way,Padre Nabeto,15,2950-107
337,5108752680437627,Visa,9/17/2030,930,Ashby Jore,55074 Saint Paul Crossing,Jam,,,Iran,207.13,3/12/2024,Thoughtblab,Dining,lacus at velit vivamus vel nulla eget eros elementum pellentesque quisque porta volutpat erat quisque erat eros,Cash Advance,IRR,1.5877,1778.07,11/28/2026,Approved,nullam sit amet turpis elementum ligula vehicula consequat morbi a,Zooveo,molestie hendrerit at vulputate vitae nisl aenean lectus pellentesque eget,Vivyan Righy,vrighy9c@chron.com,191-939-3767,3490 3rd Lane,Yaroslavl,,353827
338,5018305070631397,American Express,11/20/2027,431,Willetta Loughney,2809 Sheridan Terrace,Všeruby,,330 16,Czech Republic,3233.67,4/12/2027,Devshare,Dining,in sagittis dui vel nisl duis ac nibh fusce lacus purus aliquet at feugiat non pretium quis lectus suspendisse potenti,Purchase,CZK,1.8537,2559.99,1/15/2027,Pending,vel augue vestibulum rutrum rutrum neque aenean auctor gravida sem praesent id,Wikibox,dolor sit amet consectetuer adipiscing elit proin risus praesent lectus vestibulum quam sapien,Titos Redfield,tredfield9d@devhub.com,960-151-8297,7 Randy Street,Xianhe,,
339,4936594600026374,American Express,3/16/2028,326,Dennie Nurden,03486 Milwaukee Road,Naga,,7004,Philippines,8745.71,1/23/2023,Gigaclub,Travel,consequat in consequat ut nulla sed accumsan felis ut at,Refund,PHP,0.6895,6720.28,2/3/2030,Declined,ut ultrices vel augue vestibulum ante ipsum primis in faucibus orci luctus et ultrices,Vitz,lobortis sapien sapien non mi integer ac neque duis bibendum morbi non quam nec dui luctus rutrum nulla tellus,Juanita Ackers,jackers9e@g.co,641-200-9066,336 Merry Hill,Domsjö,Y,892 34
340,346663327468086,Visa,6/19/2028,576,Bridgette Cubbino,6 Oneill Trail,Soraya,,,Peru,6859.71,5/30/2027,Twitterlist,Dining,id massa id nisl venenatis lacinia aenean sit amet justo morbi ut odio,Cash Advance,PEN,0.9689,4890.3,2/18/2024,Pending,erat nulla tempus vivamus in felis eu sapien cursus vestibulum,Jatri,ligula sit amet eleifend pede libero quis orci nullam molestie nibh in lectus pellentesque,Barny Abel,babel9f@youtube.com,784-651-3733,829 Vermont Way,Ricardo Flores Magon,VER,93650
341,3568611326872183,American Express,1/13/2024,154,Faydra Fautley,14 Prairie Rose Street,Muye,,,China,9451.79,8/15/2024,Yakijo,Entertainment,libero non mattis pulvinar nulla pede ullamcorper augue a suscipit nulla elit ac,Cash Advance,CNY,0.8212,51.04,12/6/2022,Pending,aliquam sit amet diam in magna bibendum imperdiet nullam orci pede venenatis non sodales,Cogibox,pede lobortis ligula sit amet eleifend pede libero quis orci,Janice Wharlton,jwharlton9g@cbc.ca,980-521-0904,3692 Raven Crossing,Czchów,,32-860
342,3585952587051144,American Express,12/27/2030,687,Leland McKelvie,738 Mifflin Avenue,Markova,,,Ukraine,8576.88,8/3/2028,Pixoboo,Entertainment,eu mi nulla ac enim in tempor turpis nec euismod scelerisque quam turpis,Cash Advance,UAH,0.5487,1572.71,1/25/2028,Declined,non interdum in ante vestibulum ante ipsum primis in faucibus orci luctus,Twimbo,ut tellus nulla ut erat id mauris vulputate elementum nullam varius,Adriano Daton,adaton9h@google.cn,769-935-0073,18758 Kingsford Circle,Genova,LG,16124
343,3580364592309928,Visa,9/1/2024,759,Harrietta Artis,80894 Schiller Road,Przystajń,,42-141,Poland,6069.69,3/2/2030,Aivee,Travel,quam pede lobortis ligula sit amet eleifend pede libero quis orci,Purchase,PLN,1.1194,8438.39,3/23/2024,Pending,amet eleifend pede libero quis orci nullam molestie nibh in lectus pellentesque,Kamba,aliquet at feugiat non pretium quis lectus suspendisse potenti in eleifend quam a odio in hac,Chickie Shenfish,cshenfish9i@epa.gov,894-367-5716,24142 Crescent Oaks Way,Shangani,,
344,3585289828671004,American Express,10/22/2022,159,Joshua Godbold,3 Moland Crossing,Sukosari,,,Indonesia,5426.35,7/28/2029,Blogtag,Entertainment,nullam molestie nibh in lectus pellentesque at nulla suspendisse potenti cras in purus eu magna vulputate luctus cum sociis,Refund,IDR,1.9769,1770.32,8/10/2028,Pending,non velit nec nisi vulputate nonummy maecenas tincidunt lacus at velit vivamus vel nulla eget,Tagchat,ac enim in tempor turpis nec euismod scelerisque quam turpis adipiscing lorem vitae mattis nibh ligula nec sem duis aliquam,Heath Napier,hnapier9j@telegraph.co.uk,974-600-9297,1605 Fulton Hill,Lewotukan,,
345,4508682936419799,Visa,12/21/2022,578,Bettina Bernadon,72953 1st Way,Teófilo Otoni,,39800-000,Brazil,6782.11,8/6/2028,Topicblab,Dining,pellentesque eget nunc donec quis orci eget orci vehicula condimentum curabitur in libero ut massa volutpat convallis morbi odio odio,Refund,BRL,0.81,2027.1,1/28/2029,Approved,eros viverra eget congue eget semper rutrum nulla nunc purus phasellus in felis donec semper,Realfire,nisl duis ac nibh fusce lacus purus aliquet at feugiat non pretium quis lectus suspendisse potenti in eleifend quam,Cross Blanko,cblanko9k@indiegogo.com,894-821-1794,85 Upham Park,Qingnianlu,,
346,4936012993286575785,Mastercard,5/29/2030,179,Odo Bennell,294 Mayer Crossing,Kashima,,927-0038,Japan,6008.16,3/17/2028,Blogtag,Travel,nulla justo aliquam quis turpis eget elit sodales scelerisque mauris sit amet eros,Purchase,JPY,1.6223,3379.29,2/22/2026,Declined,condimentum curabitur in libero ut massa volutpat convallis morbi odio odio elementum,Agivu,aliquet ultrices erat tortor sollicitudin mi sit amet lobortis sapien sapien non mi integer ac neque duis bibendum,Ulick Beaver,ubeaver9l@blinklist.com,853-235-9581,676 Starling Parkway,Thị Trấn Thất Khê,,
347,3574680756809611,Mastercard,6/1/2025,892,Cacilie Ord,3387 Florence Junction,Niš,,,Serbia,4433.28,12/18/2029,Katz,Entertainment,arcu sed augue aliquam erat volutpat in congue etiam justo etiam pretium iaculis justo in hac,Refund,RSD,1.7769,7943.61,2/20/2027,Declined,libero non mattis pulvinar nulla pede ullamcorper augue a suscipit nulla,Babblestorm,mauris lacinia sapien quis libero nullam sit amet turpis elementum,Kinnie Sartin,ksartin9m@vistaprint.com,972-170-6807,0 Summerview Road,Kon Dơng,,
348,3554251677991344,Mastercard,6/20/2025,586,Ailis Cordeau],9 Mayer Park,Bartsrashen,,,Armenia,2032.4,9/14/2027,Zazio,Retail,nibh fusce lacus purus aliquet at feugiat non pretium quis lectus suspendisse potenti,Refund,AMD,1.6854,2965.62,11/10/2029,Declined,enim blandit mi in porttitor pede justo eu massa donec,Pixoboo,ante ipsum primis in faucibus orci luctus et ultrices posuere cubilia curae duis faucibus accumsan odio curabitur,Germana Hyslop,ghyslop9n@hostgator.com,864-112-6026,9 Golf Course Way,Kariaí,,
349,374283489093450,Mastercard,8/26/2028,126,Ferris Brookes,7619 Spaight Parkway,Gamay,,6422,Philippines,9621.45,7/5/2030,Zoovu,Retail,semper rutrum nulla nunc purus phasellus in felis donec semper sapien a libero nam dui proin,Purchase,PHP,0.8556,8646.22,11/2/2027,Declined,felis sed interdum venenatis turpis enim blandit mi in porttitor pede justo eu massa donec dapibus duis at velit eu,Divape,ipsum primis in faucibus orci luctus et ultrices posuere cubilia curae donec pharetra magna vestibulum aliquet,Quinn Winkworth,qwinkworth9o@joomla.org,152-457-1252,77 Warrior Point,Burmakino,,152295
350,3555368088581289,Mastercard,2/12/2029,982,Woodman Crossfield,215 Cordelia Center,Yunlu,,,China,6326.76,9/2/2023,Meevee,Dining,turpis eget elit sodales scelerisque mauris sit amet eros suspendisse accumsan tortor,Purchase,CNY,1.2336,7664.86,3/21/2024,Approved,pede libero quis orci nullam molestie nibh in lectus pellentesque at nulla suspendisse potenti cras,Zoozzy,sagittis dui vel nisl duis ac nibh fusce lacus purus aliquet,Tedi Rowbottom,trowbottom9p@theatlantic.com,543-309-3315,835 Everett Way,Taliouine,,
351,5010127478105529,Mastercard,1/23/2022,566,Shannon Watmough,249 Marcy Lane,Xiaoshi,,,China,2778.6,6/4/2029,Livetube,Retail,quam fringilla rhoncus mauris enim leo rhoncus sed vestibulum sit amet cursus id turpis integer aliquet massa id lobortis,Refund,CNY,0.5757,6786.79,7/9/2029,Approved,libero ut massa volutpat convallis morbi odio odio elementum eu interdum eu tincidunt in leo maecenas pulvinar lobortis est,Snaptags,amet turpis elementum ligula vehicula consequat morbi a ipsum integer a nibh in,Melodie Feasby,mfeasby9q@histats.com,173-458-6373,3280 Iowa Hill,Kijang,,
352,5175180130203951,Visa,5/8/2022,413,Jaquenetta Messruther,3 Kenwood Plaza,Ylämaa,,54410,Finland,4412.1,7/15/2027,Photofeed,Travel,ligula suspendisse ornare consequat lectus in est risus auctor sed tristique in tempus sit amet,Cash Advance,EUR,0.7165,7794.47,3/31/2024,Approved,tortor sollicitudin mi sit amet lobortis sapien sapien non mi integer ac,Nlounge,sem praesent id massa id nisl venenatis lacinia aenean sit amet justo morbi ut odio,Zebulen Farryann,zfarryann9r@weibo.com,919-288-4060,612 Amoth Avenue,Pécs,BA,7631
353,3552897359495582,American Express,11/7/2030,615,Ruthanne Fulger,0618 Barnett Road,Tash-Kumyr,,,Kyrgyzstan,5913.13,3/5/2029,Mycat,Entertainment,lacinia sapien quis libero nullam sit amet turpis elementum ligula vehicula consequat morbi a ipsum integer a nibh in quis,Refund,KGS,1.8188,867.02,12/16/2026,Pending,suscipit nulla elit ac nulla sed vel enim sit amet nunc viverra,Kwilith,sodales sed tincidunt eu felis fusce posuere felis sed lacus morbi sem mauris laoreet ut rhoncus,Brandtr Rickesies,brickesies9s@hostgator.com,770-321-1971,764 Eastlawn Road,Jaguariaíva,,84200-000
354,6759369836054508350,Visa,3/27/2024,848,Vina Mawson,365 Cody Point,Yukuriawat,,,China,5156.44,6/30/2024,Gevee,Retail,mattis nibh ligula nec sem duis aliquam convallis nunc proin,Purchase,CNY,0.5483,1580.26,12/15/2025,Declined,vulputate vitae nisl aenean lectus pellentesque eget nunc donec quis orci eget orci vehicula,Fliptune,nulla eget eros elementum pellentesque quisque porta volutpat erat quisque erat eros viverra eget,Reginald Brassill,rbrassill9t@squarespace.com,862-215-6851,0585 Victoria Junction,Ragay,,4410
355,490325085358369595,Mastercard,9/11/2023,965,Etheline Waterhouse,5847 Shoshone Avenue,Tayang,,,China,4522.67,12/13/2025,Meetz,Retail,justo etiam pretium iaculis justo in hac habitasse platea dictumst etiam faucibus cursus urna,Cash Advance,CNY,1.6417,3294.16,10/5/2029,Approved,sed tristique in tempus sit amet sem fusce consequat nulla nisl nunc nisl duis bibendum felis sed,Vinte,penatibus et magnis dis parturient montes nascetur ridiculus mus vivamus vestibulum sagittis sapien cum sociis natoque,Brion Feye,bfeye9u@bravesites.com,873-548-7918,02 1st Court,Masumbwe,,
356,374288541013149,American Express,9/9/2025,660,Karrie Poulter,76905 Pine View Center,La Paz Centro,,,Nicaragua,636.02,3/2/2027,Eamia,Entertainment,nec euismod scelerisque quam turpis adipiscing lorem vitae mattis nibh ligula nec sem duis aliquam convallis,Cash Advance,NIO,1.1901,6614.73,2/7/2030,Approved,a pede posuere nonummy integer non velit donec diam neque vestibulum eget vulputate ut ultrices,Skilith,erat tortor sollicitudin mi sit amet lobortis sapien sapien non mi integer ac neque duis bibendum,Ofelia Guiraud,oguiraud9v@free.fr,339-421-0172,263 Arapahoe Trail,Daming,,
357,3576483028191258,Visa,2/22/2028,835,Marijn Keinrat,33629 Oak Center,Qinggang,,,China,4757.2,10/1/2024,Dynazzy,Entertainment,consequat dui nec nisi volutpat eleifend donec ut dolor morbi vel lectus,Cash Advance,CNY,1.6957,7024.84,8/1/2023,Pending,in purus eu magna vulputate luctus cum sociis natoque penatibus et magnis dis,Oyonder,donec vitae nisi nam ultrices libero non mattis pulvinar nulla pede ullamcorper augue a,Una MacMillan,umacmillan9w@wp.com,979-873-3619,248 Myrtle Terrace,Quba,,
358,201826819602470,Visa,8/7/2026,620,Zachary Pardi,76675 Spenser Circle,Bradashesh,,,Albania,658.63,7/9/2029,Tagpad,Dining,nam ultrices libero non mattis pulvinar nulla pede ullamcorper augue a,Refund,ALL,1.9735,5610.65,6/26/2027,Pending,nec nisi volutpat eleifend donec ut dolor morbi vel lectus in quam fringilla rhoncus mauris enim leo rhoncus sed,Zoonder,ac neque duis bibendum morbi non quam nec dui luctus rutrum nulla tellus in sagittis dui vel nisl,Roderick Rust,rrust9x@census.gov,167-880-7923,9 Anthes Trail,Shangxing,,
359,5602221835264842964,American Express,7/26/2028,730,Francesca Hunting,3 Waywood Avenue,Jiayuguan,,,China,4607.45,8/23/2028,Camido,Travel,in lectus pellentesque at nulla suspendisse potenti cras in purus eu magna,Purchase,CNY,1.126,6317.98,3/23/2030,Declined,justo etiam pretium iaculis justo in hac habitasse platea dictumst etiam faucibus cursus urna ut tellus nulla ut erat id,Photojam,enim leo rhoncus sed vestibulum sit amet cursus id turpis integer aliquet,Sergio Blackeby,sblackeby9y@auda.org.au,226-778-3340,6056 Muir Road,Na Wa,,48180
360,3541408243871386,Visa,5/11/2027,811,Loreen Creggan,161 Manufacturers Terrace,Teutônia,,95890-000,Brazil,1098.69,3/14/2030,Tazz,Dining,leo odio condimentum id luctus nec molestie sed justo pellentesque viverra pede ac diam cras,Refund,BRL,1.2152,2475.66,12/17/2027,Declined,cubilia curae duis faucibus accumsan odio curabitur convallis duis consequat dui nec nisi volutpat eleifend donec ut dolor morbi vel,Dynava,aliquam convallis nunc proin at turpis a pede posuere nonummy integer non velit donec diam,Roselle Taw,rtaw9z@businessweek.com,866-286-9298,955 Columbus Park,Kulykiv,,
361,374283660387937,Mastercard,2/19/2024,484,Sophi McCory,67 Graedel Street,Poja Nae,,,Indonesia,9540.52,10/10/2030,Buzzshare,Dining,consequat in consequat ut nulla sed accumsan felis ut at dolor quis odio,Purchase,IDR,0.8157,2859.73,1/29/2023,Declined,justo sollicitudin ut suscipit a feugiat et eros vestibulum ac est lacinia,Youspan,tortor duis mattis egestas metus aenean fermentum donec ut mauris eget massa tempor convallis nulla neque,Farlay Butchers,fbutchersa0@hhs.gov,787-863-4436,30960 Arizona Drive,Siemkowice,,98-354
362,4508684559747316,Visa,5/20/2028,426,Matthaeus Cashman,5359 Hoard Alley,Richmond,VA,23289,United States,8232.78,9/23/2029,Eayo,Retail,porttitor lorem id ligula suspendisse ornare consequat lectus in est risus auctor sed tristique in tempus sit amet sem,Purchase,USD,1.5855,9202.66,4/28/2024,Approved,nulla dapibus dolor vel est donec odio justo sollicitudin ut suscipit,Jabberbean,velit id pretium iaculis diam erat fermentum justo nec condimentum neque sapien placerat ante nulla,Vittorio Bartholomieu,vbartholomieua1@feedburner.com,804-374-8289,591 Hagan Court,Lapinjärvi,,07800
363,3557383158938648,Visa,4/5/2022,218,Debor Gadaud,55086 6th Avenue,Visby,I,621 22,Sweden,5211.61,10/13/2029,Bubblebox,Dining,vestibulum sed magna at nunc commodo placerat praesent blandit nam nulla integer pede justo lacinia eget tincidunt eget tempus,Purchase,SEK,1.5564,2574.15,5/10/2027,Declined,condimentum id luctus nec molestie sed justo pellentesque viverra pede,Flipstorm,eu sapien cursus vestibulum proin eu mi nulla ac enim in tempor turpis,Charlene Creaven,ccreavena2@examiner.com,491-307-4189,38434 Vahlen Parkway,Jangkungkusumo,,
364,6334672268860012,Visa,3/4/2025,534,Korney Bertlin,11 Homewood Parkway,Digkilaan,,9025,Philippines,623.41,12/16/2024,Realpoint,Entertainment,dui luctus rutrum nulla tellus in sagittis dui vel nisl duis ac nibh fusce,Purchase,PHP,0.6076,6150.98,12/12/2023,Pending,pretium nisl ut volutpat sapien arcu sed augue aliquam erat volutpat in congue etiam,Zoomdog,augue luctus tincidunt nulla mollis molestie lorem quisque ut erat curabitur,Malissa Saffon,msaffona3@tumblr.com,950-107-6652,6064 Basil Drive,Zaoshi,,
365,6304529857463630,Mastercard,4/7/2024,296,Oralie Wylder,527 Carpenter Junction,Mamburao,,5106,Philippines,1843.65,9/13/2026,Jaxworks,Travel,interdum venenatis turpis enim blandit mi in porttitor pede justo,Purchase,PHP,0.5538,1488.07,4/22/2025,Approved,posuere cubilia curae nulla dapibus dolor vel est donec odio justo sollicitudin,Kare,vestibulum ac est lacinia nisi venenatis tristique fusce congue diam id ornare imperdiet sapien urna pretium,Urban Gair,ugaira4@prlog.org,824-353-5106,6 Anhalt Crossing,Borgholm,H,387 34
366,6767199572494797,American Express,7/23/2029,720,Danica Pinniger,288 Anhalt Park,Bakung,,,Indonesia,3841.89,8/26/2025,Avamba,Entertainment,eget elit sodales scelerisque mauris sit amet eros suspendisse accumsan,Purchase,IDR,1.8725,4009.81,7/14/2022,Pending,massa donec dapibus duis at velit eu est congue elementum in hac,Rhynoodle,sit amet cursus id turpis integer aliquet massa id lobortis convallis tortor risus,Verina Solland,vsollanda5@g.co,261-862-5184,204 Prairieview Court,Solo,,4203
367,3547032617749798,Visa,11/11/2029,868,Hamilton Berthon,96 Oneill Parkway,Lembursawah,,,Indonesia,2159.86,6/24/2028,Feedspan,Travel,mi sit amet lobortis sapien sapien non mi integer ac neque duis bibendum morbi non quam nec dui luctus,Purchase,IDR,1.8659,8756.24,11/28/2025,Declined,consequat ut nulla sed accumsan felis ut at dolor quis odio consequat varius integer ac leo,Edgepulse,cubilia curae mauris viverra diam vitae quam suspendisse potenti nullam porttitor,Andra Kubatsch,akubatscha6@unesco.org,668-324-4606,010 Mockingbird Alley,Baiguan,,
368,36167796077241,Mastercard,3/20/2026,610,Demeter Veel,871 Larry Plaza,Nansha,,,China,6901.47,9/29/2022,Thoughtsphere,Dining,vivamus tortor duis mattis egestas metus aenean fermentum donec ut mauris eget massa tempor,Refund,CNY,1.4353,2412.44,6/22/2022,Declined,ac enim in tempor turpis nec euismod scelerisque quam turpis adipiscing,Oyondu,id sapien in sapien iaculis congue vivamus metus arcu adipiscing molestie hendrerit at vulputate vitae nisl aenean,Tabby Eslinger,teslingera7@php.net,772-790-2597,2827 Jenifer Terrace,Cisek,,47-253
369,30013063509308,Mastercard,8/6/2027,549,Alexandrina Soar,1196 Warrior Trail,Xinghuo,,,China,8078.58,4/15/2023,Dablist,Retail,tristique fusce congue diam id ornare imperdiet sapien urna pretium nisl ut volutpat sapien arcu,Cash Advance,CNY,0.6875,4995.09,2/12/2027,Declined,bibendum imperdiet nullam orci pede venenatis non sodales sed tincidunt eu felis fusce posuere felis sed lacus,Leenti,semper sapien a libero nam dui proin leo odio porttitor id consequat in consequat ut nulla sed accumsan,Jameson Comberbeach,jcomberbeacha8@usatoday.com,149-919-0388,7 Meadow Ridge Plaza,Volzhsk,,363604
370,633400625757811839,American Express,4/21/2030,286,Chiarra Lefort,7933 Armistice Alley,Myadzyel,,,Belarus,12.04,12/29/2030,Layo,Retail,vitae nisl aenean lectus pellentesque eget nunc donec quis orci eget orci vehicula condimentum curabitur in libero ut massa,Purchase,BYR,1.3581,3768.34,12/24/2022,Declined,mauris morbi non lectus aliquam sit amet diam in magna bibendum imperdiet nullam orci pede venenatis,Photospace,mauris non ligula pellentesque ultrices phasellus id sapien in sapien iaculis congue vivamus metus arcu adipiscing,Mayne Falkingham,mfalkinghama9@senate.gov,139-520-7727,26551 Manufacturers Crossing,Wiązownica,,37-522
371,4508974670376404,Mastercard,4/24/2023,864,Franklin Rugieri,1 Quincy Street,San Juan,72,00928,Puerto Rico,324.58,7/1/2024,Oozz,Dining,bibendum imperdiet nullam orci pede venenatis non sodales sed tincidunt eu felis fusce posuere felis sed lacus,Refund,USD,1.4279,8992.37,8/2/2030,Declined,pede ullamcorper augue a suscipit nulla elit ac nulla sed vel enim sit amet,Fadeo,tincidunt eget tempus vel pede morbi porttitor lorem id ligula suspendisse ornare consequat lectus in est risus auctor sed,Dominic Allam,dallamaa@meetup.com,737-454-3588,72 Fairfield Way,Argentan,99,61891 CEDEX 9
372,3533124297157818,Mastercard,4/15/2026,971,Brendan De Stoop,42 Michigan Avenue,Guadalupe,COA,29952,Mexico,7541.68,11/21/2028,Skinder,Travel,eros vestibulum ac est lacinia nisi venenatis tristique fusce congue diam id ornare imperdiet sapien,Purchase,MXN,1.2485,5644.22,10/3/2027,Approved,lorem ipsum dolor sit amet consectetuer adipiscing elit proin risus praesent lectus vestibulum quam sapien varius,Oba,sit amet sapien dignissim vestibulum vestibulum ante ipsum primis in faucibus orci luctus,Briant Salvage,bsalvageab@usnews.com,651-594-7378,9 Dakota Circle,Carvalhal,18,3450-301
373,5048378498126757,Mastercard,5/5/2024,375,Aleta Lyddon,6052 Old Gate Alley,Biskamzha,,655735,Russia,2330.2,6/7/2022,Myworks,Retail,integer a nibh in quis justo maecenas rhoncus aliquam lacus morbi quis tortor id nulla ultrices,Purchase,RUB,1.488,8261.3,6/3/2023,Declined,semper interdum mauris ullamcorper purus sit amet nulla quisque arcu libero rutrum ac lobortis vel dapibus at diam nam tristique,Mymm,interdum mauris ullamcorper purus sit amet nulla quisque arcu libero rutrum ac lobortis vel dapibus at diam nam tristique tortor,Barbabra Marrow,bmarrowac@diigo.com,328-614-8863,67 Westerfield Terrace,Barra do Piraí,,27000-000
374,3570269326163446,Visa,6/21/2026,453,Bryna Sember,41 Bluejay Center,Shaydon,,,Tajikistan,8361.83,8/28/2024,Skinder,Travel,integer a nibh in quis justo maecenas rhoncus aliquam lacus morbi quis tortor id nulla,Purchase,TJS,1.6017,7323.28,8/30/2030,Approved,cursus urna ut tellus nulla ut erat id mauris vulputate elementum nullam varius nulla facilisi cras non,Devbug,adipiscing molestie hendrerit at vulputate vitae nisl aenean lectus pellentesque eget nunc donec quis,Normand Larenson,nlarensonad@zimbio.com,191-142-5624,0 Bartelt Trail,Omuo-Ekiti,,
375,493610397649138343,Visa,6/10/2026,663,Mallory Emmott,894 Hoard Crossing,Muḩambal,,,Syria,9530.5,3/14/2028,Wordpedia,Entertainment,amet consectetuer adipiscing elit proin interdum mauris non ligula pellentesque ultrices,Refund,SYP,0.6085,1187.95,5/20/2028,Declined,vestibulum sed magna at nunc commodo placerat praesent blandit nam nulla integer pede justo,Youspan,ante nulla justo aliquam quis turpis eget elit sodales scelerisque mauris sit,Ev Goodfield,egoodfieldae@goodreads.com,241-636-1620,86 Heffernan Crossing,Tripoli,,
376,3585645322015669,Mastercard,2/6/2025,417,Vivie Lande,28720 Upham Lane,Rząśnik,,07-205,Poland,5354.81,12/21/2022,Fliptune,Retail,mattis pulvinar nulla pede ullamcorper augue a suscipit nulla elit ac nulla,Purchase,PLN,1.6419,5637.94,4/27/2029,Approved,ornare imperdiet sapien urna pretium nisl ut volutpat sapien arcu,Voomm,mauris lacinia sapien quis libero nullam sit amet turpis elementum ligula vehicula consequat morbi a ipsum integer a nibh in,Alix Madgewick,amadgewickaf@timesonline.co.uk,973-956-4252,4 Lawn Way,Guapimirim,,25940-000
377,30049335484532,Visa,10/18/2030,320,Jerry Townrow,0472 Crest Line Trail,Oslo,03,0371,Norway,1774.15,12/1/2025,Gabtune,Dining,varius ut blandit non interdum in ante vestibulum ante ipsum primis,Refund,NOK,0.6943,1521.14,11/30/2029,Pending,vel nulla eget eros elementum pellentesque quisque porta volutpat erat quisque erat eros viverra eget congue eget semper rutrum nulla,Blognation,amet diam in magna bibendum imperdiet nullam orci pede venenatis,Colline Way,cwayag@noaa.gov,185-914-1752,5125 Crescent Oaks Road,Bruzual,,
378,6393422332555091,Mastercard,9/2/2029,481,Kylie Edson,29647 Lien Alley,Novovasylivka,,,Ukraine,3333.52,10/14/2030,Linkbuzz,Dining,elit ac nulla sed vel enim sit amet nunc viverra dapibus nulla suscipit ligula,Cash Advance,UAH,1.5523,5196.82,8/25/2024,Pending,pede libero quis orci nullam molestie nibh in lectus pellentesque at nulla suspendisse,Feedbug,a ipsum integer a nibh in quis justo maecenas rhoncus aliquam lacus morbi quis tortor id nulla ultrices,Dee Eskrick,deskrickah@epa.gov,400-950-0105,586 Oak Alley,Mayahi,,
379,3582646396181968,Mastercard,10/4/2022,727,Elliott Renshaw,00475 Westridge Road,Markova,,,Ukraine,6119.93,6/13/2026,Wikibox,Travel,tempus vel pede morbi porttitor lorem id ligula suspendisse ornare,Cash Advance,UAH,0.6081,1963.16,1/29/2024,Declined,nisl aenean lectus pellentesque eget nunc donec quis orci eget orci vehicula condimentum curabitur in,Quatz,accumsan tortor quis turpis sed ante vivamus tortor duis mattis egestas,Malory Wimlet,mwimletai@webnode.com,375-514-9944,2 Marquette Drive,Bunobogu,,
380,5100148718860047,Mastercard,11/6/2030,721,Viviana Ryam,2031 Jenifer Plaza,Qingshandi,,,China,5593.06,7/26/2027,Zoonder,Travel,in tempus sit amet sem fusce consequat nulla nisl nunc nisl duis bibendum felis,Refund,CNY,1.2498,2848.05,1/15/2026,Approved,fusce congue diam id ornare imperdiet sapien urna pretium nisl ut volutpat sapien arcu sed,Tavu,in blandit ultrices enim lorem ipsum dolor sit amet consectetuer adipiscing,Rivalee Clewer,rcleweraj@wufoo.com,628-454-6749,5592 Coolidge Hill,Huzhou,,
381,3586066037632301,Visa,2/28/2028,936,Conni Mewitt,41 Harper Lane,Nong Khai,,48140,Thailand,9013.79,12/21/2030,Photospace,Dining,sed vel enim sit amet nunc viverra dapibus nulla suscipit ligula in,Cash Advance,THB,1.3137,604.7,12/16/2029,Pending,vivamus tortor duis mattis egestas metus aenean fermentum donec ut mauris,Blogtag,justo etiam pretium iaculis justo in hac habitasse platea dictumst etiam faucibus cursus urna,Fara McGeaney,fmcgeaneyak@nymag.com,311-671-1833,3212 Londonderry Hill,Salon-de-Provence,B8,13654 CEDEX
382,3575759002671386,Mastercard,5/31/2024,568,Carlos Paulson,4 Macpherson Alley,Huyu,,,China,8559.52,4/7/2030,Rhybox,Travel,dui luctus rutrum nulla tellus in sagittis dui vel nisl duis ac,Purchase,CNY,1.0149,617.89,4/18/2022,Pending,curabitur convallis duis consequat dui nec nisi volutpat eleifend donec ut dolor morbi vel lectus in quam fringilla,Wikizz,lacinia aenean sit amet justo morbi ut odio cras mi pede malesuada in,Jehanna Witchell,jwitchellal@webeden.co.uk,591-979-9536,87 Carberry Crossing,Chikeng,,
383,6384763544803543,Visa,8/25/2023,138,Sigmund Jaukovic,018 Continental Road,Tuchoměřice,,252 67,Czech Republic,93.95,11/23/2027,Meedoo,Retail,etiam vel augue vestibulum rutrum rutrum neque aenean auctor gravida sem praesent id massa id nisl,Refund,CZK,1.9195,212.65,12/9/2024,Approved,quis turpis eget elit sodales scelerisque mauris sit amet eros suspendisse,Oyondu,ligula vehicula consequat morbi a ipsum integer a nibh in quis justo maecenas rhoncus aliquam lacus morbi quis,Freemon Deinert,fdeinertam@china.com.cn,263-225-9835,2796 Harper Terrace,Pangpang,,3008
384,3578694154664730,Visa,10/21/2024,563,Joelle Bordis,237 Granby Crossing,Menghai,,,China,516.76,2/17/2025,Fivespan,Entertainment,pretium nisl ut volutpat sapien arcu sed augue aliquam erat volutpat,Refund,CNY,1.2086,9394.63,12/10/2024,Pending,sit amet consectetuer adipiscing elit proin risus praesent lectus vestibulum quam sapien varius ut blandit,Voonte,in sapien iaculis congue vivamus metus arcu adipiscing molestie hendrerit at vulputate vitae nisl aenean,Modesta Jorissen,mjorissenan@reference.com,144-579-5007,11 Tomscot Terrace,Tacurong,,9800
385,3537659153259097,Visa,11/14/2029,807,Jeffie Spearman,89 Susan Avenue,Wilków,,46-113,Poland,287.96,12/19/2022,Oozz,Retail,malesuada in imperdiet et commodo vulputate justo in blandit ultrices enim lorem ipsum dolor,Cash Advance,PLN,1.3159,3671.68,1/2/2026,Declined,et ultrices posuere cubilia curae nulla dapibus dolor vel est donec odio justo sollicitudin ut suscipit a feugiat et,Wikido,varius nulla facilisi cras non velit nec nisi vulputate nonummy maecenas tincidunt lacus,Gabrila Duran,gduranao@clickbank.net,348-303-6338,31183 Kropf Terrace,Novoukrainskiy,,353389
386,5262974055506347,Visa,2/12/2027,450,Shayla Antonucci,6 Sullivan Hill,Quipot,,4806,Philippines,6160.68,3/8/2022,Twinte,Entertainment,vitae ipsum aliquam non mauris morbi non lectus aliquam sit amet diam in magna bibendum imperdiet nullam orci pede,Purchase,PHP,1.1141,1985.03,1/3/2023,Pending,justo sit amet sapien dignissim vestibulum vestibulum ante ipsum primis in faucibus orci luctus et ultrices posuere,Browsetype,libero convallis eget eleifend luctus ultricies eu nibh quisque id justo sit amet sapien dignissim vestibulum vestibulum ante,Tristam Sparke,tsparkeap@examiner.com,372-544-0645,325 Westerfield Lane,Daleman,,
387,3565892662069583,Visa,6/1/2023,729,Molly Lemmens,074 Golden Leaf Place,Changting,,,China,919.7,6/24/2026,Jaxnation,Entertainment,odio in hac habitasse platea dictumst maecenas ut massa quis augue luctus tincidunt nulla mollis molestie,Cash Advance,CNY,1.7314,5416.62,2/4/2029,Approved,vulputate ut ultrices vel augue vestibulum ante ipsum primis in faucibus orci luctus et ultrices posuere cubilia,Zazio,aliquam quis turpis eget elit sodales scelerisque mauris sit amet eros suspendisse accumsan tortor quis turpis sed ante vivamus,Margy Pipe,mpipeaq@indiatimes.com,584-943-0466,07 Pond Avenue,San Gil,,684039
388,5100149239771507,Visa,1/3/2025,547,Karim Casazza,51739 Grayhawk Pass,Dobrica,,,Serbia,1141.84,5/30/2030,Kwideo,Travel,sed lacus morbi sem mauris laoreet ut rhoncus aliquet pulvinar sed nisl nunc rhoncus,Refund,RSD,0.5251,3886.29,9/11/2029,Pending,quam fringilla rhoncus mauris enim leo rhoncus sed vestibulum sit amet cursus id turpis,Latz,fermentum donec ut mauris eget massa tempor convallis nulla neque libero,Gertrude Gieraths,ggierathsar@barnesandnoble.com,916-803-8520,7 Sycamore Hill,Mangas,,
389,4041597026665,Mastercard,4/3/2028,670,Shari Gullberg,6 Loeprich Junction,Jalinan,,,Indonesia,2785.62,4/14/2026,Meeveo,Entertainment,posuere cubilia curae duis faucibus accumsan odio curabitur convallis duis consequat dui nec nisi volutpat eleifend,Cash Advance,IDR,0.5045,957.77,3/5/2024,Pending,mauris lacinia sapien quis libero nullam sit amet turpis elementum ligula vehicula consequat morbi a ipsum integer a,Oyonder,augue vestibulum rutrum rutrum neque aenean auctor gravida sem praesent id massa id nisl venenatis,Raymond Gaines,rgainesas@narod.ru,801-715-0589,4 Sullivan Court,Khodasy,,
390,30051284284376,American Express,6/4/2023,476,Cherianne O'Dwyer,44 Maple Wood Trail,Jacareí,,12300-000,Brazil,42.55,10/5/2027,Kazio,Dining,auctor sed tristique in tempus sit amet sem fusce consequat nulla nisl nunc nisl duis,Cash Advance,BRL,1.7012,1108.57,1/16/2026,Approved,sollicitudin mi sit amet lobortis sapien sapien non mi integer ac neque,Tagcat,orci mauris lacinia sapien quis libero nullam sit amet turpis elementum,Derrick Reith,dreithat@stanford.edu,232-934-1648,969 Melvin Center,Póvoa,17,4870-130
391,3528035444891447,Visa,6/13/2023,100,Jandy Aleshintsev,649 Dottie Junction,Qīr Moāv,,,Jordan,4142.67,11/4/2025,Latz,Retail,non interdum in ante vestibulum ante ipsum primis in faucibus orci luctus et ultrices posuere cubilia curae duis,Refund,JOD,0.5343,4855.27,5/9/2022,Pending,et tempus semper est quam pharetra magna ac consequat metus sapien ut nunc vestibulum ante ipsum primis,Buzzbean,nunc nisl duis bibendum felis sed interdum venenatis turpis enim blandit mi in porttitor pede justo,Darwin Todeo,dtodeoau@usgs.gov,778-150-1027,1 Eagle Crest Court,Huacao,,
392,6304052761139220,Visa,5/17/2024,698,Mendy Walton,74 Banding Circle,Bromma,AB,168 74,Sweden,849.13,5/8/2025,Photofeed,Travel,enim sit amet nunc viverra dapibus nulla suscipit ligula in lacus curabitur at ipsum ac tellus semper interdum mauris,Purchase,SEK,0.895,6866.69,2/2/2029,Approved,sit amet cursus id turpis integer aliquet massa id lobortis convallis tortor risus dapibus augue vel accumsan tellus nisi eu,Rhynyx,quam sapien varius ut blandit non interdum in ante vestibulum ante ipsum primis in faucibus orci luctus et ultrices,Raleigh Eastcourt,reastcourtav@bing.com,193-170-6668,077 Granby Hill,Jintan,,
393,3551057207338499,Visa,1/6/2028,110,Roderick Klain,6 Summerview Court,London,ENG,WC2H,United Kingdom,8611.57,12/14/2026,Bubbletube,Dining,suscipit a feugiat et eros vestibulum ac est lacinia nisi venenatis,Cash Advance,GBP,1.144,4393.06,5/14/2023,Approved,nonummy integer non velit donec diam neque vestibulum eget vulputate ut ultrices vel augue vestibulum ante,Tagtune,pellentesque quisque porta volutpat erat quisque erat eros viverra eget congue eget semper rutrum nulla nunc purus phasellus,Leroi Presshaugh,lpresshaughaw@liveinternet.ru,680-652-1687,6 Golf Course Avenue,Lindome,O,437 92
394,3560674524304035,Visa,11/7/2029,939,Basia Laterza,52757 Wayridge Road,Domont,A8,95334 CEDEX,France,3312.47,7/21/2025,Eire,Dining,aliquam quis turpis eget elit sodales scelerisque mauris sit amet eros suspendisse accumsan tortor quis,Cash Advance,EUR,1.1207,1920.9,4/2/2024,Declined,vel pede morbi porttitor lorem id ligula suspendisse ornare consequat lectus in est risus auctor sed,Cogidoo,tincidunt eu felis fusce posuere felis sed lacus morbi sem mauris laoreet ut rhoncus aliquet pulvinar,Ichabod Bortolotti,ibortolottiax@google.fr,937-322-3835,25 Grim Hill,Vágia,,
395,30446161081921,Mastercard,2/16/2025,990,Nikola Schiefersten,7 Crescent Oaks Lane,Kandahār,,,Afghanistan,3264.84,4/11/2029,Vitz,Dining,neque duis bibendum morbi non quam nec dui luctus rutrum nulla tellus in sagittis,Cash Advance,AFN,1.8217,7024.88,6/5/2026,Pending,maecenas pulvinar lobortis est phasellus sit amet erat nulla tempus vivamus in felis eu sapien cursus,DabZ,curae mauris viverra diam vitae quam suspendisse potenti nullam porttitor lacus at turpis donec posuere metus,Ainslie Dowdeswell,adowdeswellay@usatoday.com,731-994-7530,74 Melvin Alley,San Cristóbal,,10702
396,3543849630425203,Mastercard,7/27/2022,970,Helaina Mairs,4430 Myrtle Center,Valada,14,2070-510,Portugal,6627.19,7/17/2026,Quamba,Retail,vulputate nonummy maecenas tincidunt lacus at velit vivamus vel nulla eget eros elementum pellentesque quisque porta,Purchase,EUR,0.7538,73.53,8/13/2025,Pending,ipsum aliquam non mauris morbi non lectus aliquam sit amet diam in magna bibendum imperdiet nullam,Zoonder,enim lorem ipsum dolor sit amet consectetuer adipiscing elit proin interdum mauris,Hazel McLaughlin,hmclaughlinaz@bloomberg.com,928-183-6693,958 Doe Crossing Road,Taibai,,
397,3574621863382365,American Express,9/11/2026,529,Fidole Kniveton,0935 Manitowish Crossing,San Pedro,,4023,Philippines,8102.72,11/15/2022,Quinu,Travel,pretium iaculis diam erat fermentum justo nec condimentum neque sapien placerat ante nulla justo aliquam quis,Cash Advance,PHP,0.9655,7419.26,3/28/2025,Pending,commodo vulputate justo in blandit ultrices enim lorem ipsum dolor,Riffpedia,quam a odio in hac habitasse platea dictumst maecenas ut massa quis augue luctus tincidunt nulla mollis molestie lorem,Erina Hansberry,ehansberryb0@i2i.jp,159-427-3105,761 Vera Crossing,Beo,,
398,3547141083523189,American Express,8/11/2028,543,Marcile Maith,2778 Dennis Park,Karanganyar,,,Indonesia,534.02,2/13/2027,Mydeo,Dining,molestie hendrerit at vulputate vitae nisl aenean lectus pellentesque eget nunc,Purchase,IDR,1.6984,4388.98,12/14/2029,Declined,eros elementum pellentesque quisque porta volutpat erat quisque erat eros viverra,Yacero,ut rhoncus aliquet pulvinar sed nisl nunc rhoncus dui vel sem sed sagittis nam congue risus semper porta volutpat quam,Pierrette Beazley,pbeazleyb1@cafepress.com,977-889-3475,7065 Pine View Parkway,Kuta,,
399,3531187028051859,American Express,12/28/2028,850,Traci Reinhart,3150 Larry Terrace,Pucallpa,,,Peru,3593.69,3/13/2030,Ainyx,Retail,maecenas pulvinar lobortis est phasellus sit amet erat nulla tempus vivamus in felis eu sapien cursus vestibulum proin eu,Purchase,PEN,0.7662,5390.35,3/21/2024,Declined,in hac habitasse platea dictumst etiam faucibus cursus urna ut tellus nulla ut erat,Fadeo,eleifend luctus ultricies eu nibh quisque id justo sit amet sapien dignissim vestibulum vestibulum ante ipsum primis,Karina Tappor,ktapporb2@myspace.com,566-473-5769,8175 Mcbride Park,Talghar,,
400,502035630981784240,Mastercard,12/31/2028,953,Meade Cranage,8943 Hansons Place,Gaobeijie,,,China,6241.22,4/29/2023,Yabox,Retail,nam congue risus semper porta volutpat quam pede lobortis ligula sit amet eleifend pede libero quis orci,Cash Advance,CNY,1.8386,1683.21,3/20/2022,Approved,justo nec condimentum neque sapien placerat ante nulla justo aliquam quis turpis eget elit sodales scelerisque mauris sit amet,Trunyx,aliquet ultrices erat tortor sollicitudin mi sit amet lobortis sapien sapien non mi integer ac neque duis bibendum morbi,Kalli Neeson,kneesonb3@free.fr,462-953-3498,24 Onsgard Avenue,Markala,,
401,6334388052453495145,Mastercard,11/9/2030,345,Beth Filipov,7 Canary Parkway,København,1084,1787,Denmark,4074.94,5/10/2029,Skinix,Entertainment,nisi nam ultrices libero non mattis pulvinar nulla pede ullamcorper augue a suscipit nulla,Refund,DKK,1.7176,6087.3,10/12/2027,Declined,amet nulla quisque arcu libero rutrum ac lobortis vel dapibus at diam nam tristique,Photolist,nonummy maecenas tincidunt lacus at velit vivamus vel nulla eget eros elementum pellentesque quisque,Dunn Cohalan,dcohalanb4@salon.com,551-875-6372,1508 Columbus Plaza,Carigara,,6529
402,372301031913942,Mastercard,3/17/2030,447,Gene Deadman,7 Hanson Road,Lafayette,LA,70505,United States,7871.66,5/27/2029,Babblestorm,Travel,nunc viverra dapibus nulla suscipit ligula in lacus curabitur at ipsum ac tellus semper interdum mauris,Cash Advance,USD,1.7457,6150.37,11/3/2025,Declined,felis sed interdum venenatis turpis enim blandit mi in porttitor pede justo eu massa donec dapibus duis at,Wikido,ut massa volutpat convallis morbi odio odio elementum eu interdum eu tincidunt,Correy Yearsley,cyearsleyb5@accuweather.com,337-542-4879,231 Waxwing Street,Konice,,669 02
403,201450845872419,American Express,11/30/2027,676,Norman Guittet,8533 Hansons Court,Kushiro,,729-5122,Japan,4234.07,9/29/2026,Avamba,Dining,fusce consequat nulla nisl nunc nisl duis bibendum felis sed interdum venenatis turpis enim blandit mi in porttitor,Refund,JPY,0.5058,1702.81,4/27/2027,Approved,ipsum dolor sit amet consectetuer adipiscing elit proin interdum mauris non ligula pellentesque ultrices phasellus id sapien in sapien iaculis,Devpulse,eget vulputate ut ultrices vel augue vestibulum ante ipsum primis in faucibus orci,Mindy Duval,mduvalb6@alibaba.com,513-893-9281,07538 Arizona Alley,Leiden,11,2304
404,3554047720343339,American Express,11/13/2028,106,Wilone Tiery,065 Boyd Alley,Shangbahe,,,China,8628.9,11/2/2030,Chatterbridge,Dining,at dolor quis odio consequat varius integer ac leo pellentesque ultrices mattis odio donec vitae nisi nam ultrices libero non,Cash Advance,CNY,0.9095,1742.74,5/24/2024,Approved,quam nec dui luctus rutrum nulla tellus in sagittis dui vel nisl duis ac nibh fusce lacus purus aliquet,Yodoo,condimentum id luctus nec molestie sed justo pellentesque viverra pede ac diam cras pellentesque volutpat dui,Andee Beardsell,abeardsellb7@usa.gov,303-571-2671,28 Mosinee Road,Balgarevo,,9660
405,4913655000135516,American Express,2/12/2023,320,Todd Whatham,7 Rutledge Trail,Abilay,,5020,Philippines,8695.0,6/24/2025,Innojam,Retail,integer aliquet massa id lobortis convallis tortor risus dapibus augue vel accumsan tellus nisi eu orci mauris lacinia,Cash Advance,PHP,0.5126,4327.65,8/31/2028,Pending,cras mi pede malesuada in imperdiet et commodo vulputate justo in blandit ultrices enim lorem ipsum dolor sit,Rooxo,venenatis tristique fusce congue diam id ornare imperdiet sapien urna pretium nisl ut volutpat sapien arcu,Lucho Kohring,lkohringb8@creativecommons.org,226-302-2902,0579 Maple Park,Roche-à-Bateau,,
406,372301345394508,Visa,1/4/2026,755,Gregorio Begbie,712 Colorado Road,Futu,,,China,8374.29,1/6/2023,Yambee,Travel,diam neque vestibulum eget vulputate ut ultrices vel augue vestibulum ante ipsum primis in faucibus orci,Cash Advance,CNY,1.4658,5430.92,12/28/2025,Declined,convallis nunc proin at turpis a pede posuere nonummy integer,Aimbu,quis turpis eget elit sodales scelerisque mauris sit amet eros suspendisse accumsan tortor,Tucker Jarrell,tjarrellb9@bloglovin.com,935-276-8146,22583 Moulton Alley,Katrineholm,D,641 91
407,4913277941905244,Visa,9/14/2029,617,Petronilla Mouatt,167 Algoma Parkway,Xiajiashan,,,China,9359.19,11/12/2028,Bubblemix,Entertainment,fusce consequat nulla nisl nunc nisl duis bibendum felis sed interdum venenatis turpis enim blandit,Cash Advance,CNY,1.4045,5436.08,5/17/2029,Declined,ut erat id mauris vulputate elementum nullam varius nulla facilisi cras non velit nec nisi,Jayo,at turpis donec posuere metus vitae ipsum aliquam non mauris morbi non lectus aliquam,Herby Kolushev,hkolushevba@dion.ne.jp,849-935-7251,8545 Glacier Hill Junction,São Sebastião,,11600-000
408,5641826348289295140,Visa,10/27/2029,455,Hector Belham,15 Gateway Road,Qiandeng,,,China,3608.67,2/15/2028,Divavu,Retail,sollicitudin vitae consectetuer eget rutrum at lorem integer tincidunt ante,Purchase,CNY,0.7471,4372.47,9/10/2028,Pending,turpis integer aliquet massa id lobortis convallis tortor risus dapibus,Browsezoom,habitasse platea dictumst aliquam augue quam sollicitudin vitae consectetuer eget rutrum at lorem integer tincidunt ante vel ipsum praesent blandit,Sheelah Fullerd,sfullerdbb@biblegateway.com,380-277-8763,8225 Merrick Alley,Khāsh,,
409,3554750046897173,American Express,8/3/2023,679,Lacee Penke,6575 Commercial Road,Arauca,,810009,Colombia,6892.57,10/11/2028,Eare,Retail,mauris lacinia sapien quis libero nullam sit amet turpis elementum ligula vehicula,Purchase,COP,0.6139,7114.99,9/5/2023,Declined,eget tempus vel pede morbi porttitor lorem id ligula suspendisse ornare consequat lectus in est,Divape,nulla elit ac nulla sed vel enim sit amet nunc viverra dapibus nulla suscipit ligula in lacus,Rhett Gilhool,rgilhoolbc@blogtalkradio.com,300-557-0200,0 Clove Junction,San Andres,,5504
410,5018532153481594,Visa,2/4/2023,644,Wang Philpot,685 Dovetail Plaza,Patea,,4545,New Zealand,5688.51,10/26/2030,Flipstorm,Travel,feugiat et eros vestibulum ac est lacinia nisi venenatis tristique fusce congue diam id ornare imperdiet sapien urna pretium nisl,Refund,NZD,0.9088,5748.73,11/12/2027,Approved,integer tincidunt ante vel ipsum praesent blandit lacinia erat vestibulum sed magna at nunc commodo placerat praesent blandit,Podcat,sapien arcu sed augue aliquam erat volutpat in congue etiam justo etiam pretium iaculis justo in hac,Far Tennick,ftennickbd@bing.com,858-817-6439,2 Village Pass,Kvasiny,,517 02
411,676120100765660154,Visa,12/24/2029,555,Anissa Broggetti,96869 Columbus Avenue,Kafir Qala,,,Afghanistan,4540.3,5/14/2030,Avaveo,Travel,non velit nec nisi vulputate nonummy maecenas tincidunt lacus at velit vivamus vel,Refund,AFN,0.5602,3104.25,11/15/2027,Approved,quis libero nullam sit amet turpis elementum ligula vehicula consequat morbi a ipsum integer a nibh in quis justo maecenas,Agivu,semper interdum mauris ullamcorper purus sit amet nulla quisque arcu libero rutrum ac lobortis vel dapibus at diam nam tristique,Nanny Eadmeades,neadmeadesbe@seesaa.net,931-198-1907,5357 Washington Terrace,Lingqiao,,
412,3551669051993102,Visa,10/21/2026,610,Willi Tomei,7299 Dahle Lane,Macari,,,Peru,5973.16,6/21/2029,Meembee,Entertainment,iaculis diam erat fermentum justo nec condimentum neque sapien placerat ante nulla justo aliquam,Purchase,PEN,1.6111,6504.77,2/5/2022,Approved,quisque ut erat curabitur gravida nisi at nibh in hac,Innojam,nibh in hac habitasse platea dictumst aliquam augue quam sollicitudin vitae,Delbert Abley,dableybf@symantec.com,552-250-1829,0843 North Crossing,Chaoyangdong,,
413,3560422468991544,Mastercard,12/17/2022,488,Nikoletta Dallicoat,102 Vahlen Plaza,Panglanjan,,,Indonesia,5391.97,10/29/2027,Avamm,Travel,vivamus vestibulum sagittis sapien cum sociis natoque penatibus et magnis dis parturient montes nascetur ridiculus mus etiam vel augue,Cash Advance,IDR,0.5842,4232.24,10/4/2029,Declined,primis in faucibus orci luctus et ultrices posuere cubilia curae duis faucibus accumsan,Yamia,a feugiat et eros vestibulum ac est lacinia nisi venenatis tristique fusce congue diam,Madalena Ratray,mratraybg@abc.net.au,580-666-3974,35 Loftsgordon Road,Paris La Défense,A8,92041 CEDEX
414,4913714571305477,American Express,3/13/2022,796,Ned Gascone,3063 Golf Course Alley,Daytona Beach,FL,32123,United States,3480.06,11/30/2026,Oodoo,Travel,velit eu est congue elementum in hac habitasse platea dictumst morbi vestibulum velit id pretium iaculis diam erat fermentum justo,Cash Advance,USD,0.9537,6073.99,7/24/2026,Declined,accumsan odio curabitur convallis duis consequat dui nec nisi volutpat eleifend donec ut dolor morbi,Zoonoodle,eleifend donec ut dolor morbi vel lectus in quam fringilla rhoncus mauris,Brita Sharrock,bsharrockbh@timesonline.co.uk,386-571-0370,8 Marquette Terrace,Várzea de Sintra,11,2710-106
415,560225831390602167,American Express,10/29/2022,653,Skipton O'Cahsedy,7570 Sunfield Terrace,Messejana,02,7600-314,Portugal,9824.01,3/25/2025,Yodo,Entertainment,eu interdum eu tincidunt in leo maecenas pulvinar lobortis est phasellus,Refund,EUR,1.2531,1444.17,3/18/2024,Approved,volutpat convallis morbi odio odio elementum eu interdum eu tincidunt,Meejo,vitae consectetuer eget rutrum at lorem integer tincidunt ante vel ipsum praesent blandit lacinia,Carin Petel,cpetelbi@cloudflare.com,435-459-1947,67035 Clarendon Avenue,Labog,,3902
416,5002351060735119,Visa,10/16/2029,422,Lyndsie Mulvy,07065 Schmedeman Pass,Dolgoderevenskoye,,456510,Russia,8318.41,1/4/2028,Brainverse,Travel,sem fusce consequat nulla nisl nunc nisl duis bibendum felis sed interdum venenatis turpis enim blandit mi in porttitor,Purchase,RUB,1.5527,2230.23,2/12/2025,Pending,pellentesque eget nunc donec quis orci eget orci vehicula condimentum curabitur in,Blogtags,orci nullam molestie nibh in lectus pellentesque at nulla suspendisse potenti cras in purus eu magna vulputate,Travus Bengtsen,tbengtsenbj@accuweather.com,602-250-7347,6268 Sutherland Place,Sukarama,,
417,3582713273853299,Mastercard,2/18/2028,281,Abagael Jumel,7 Buhler Point,Neuilly-sur-Seine,A8,92527 CEDEX,France,628.69,5/26/2026,Youopia,Dining,enim lorem ipsum dolor sit amet consectetuer adipiscing elit proin interdum,Purchase,EUR,0.9459,9750.13,10/27/2030,Approved,dictumst maecenas ut massa quis augue luctus tincidunt nulla mollis molestie lorem quisque,Abata,nulla tempus vivamus in felis eu sapien cursus vestibulum proin eu mi nulla ac enim in tempor turpis,Candide Troctor,ctroctorbk@bing.com,339-562-8988,7 Manufacturers Trail,La Aurora,JAL,48338
418,3550556630786902,American Express,5/10/2026,992,Amandie Manthroppe,4862 North Alley,Černá Hora,,679 21,Czech Republic,3738.45,12/1/2023,Youfeed,Retail,commodo vulputate justo in blandit ultrices enim lorem ipsum dolor sit amet consectetuer adipiscing elit proin interdum mauris non ligula,Refund,CZK,1.2216,3936.94,5/18/2023,Approved,in faucibus orci luctus et ultrices posuere cubilia curae duis faucibus accumsan odio,Camido,nam ultrices libero non mattis pulvinar nulla pede ullamcorper augue a,Kali Piele,kpielebl@japanpost.jp,777-365-4020,81 Milwaukee Way,Bayanhongor,,
419,3568085244391412,American Express,10/20/2023,996,Axel Longfut,11686 Village Green Plaza,El Carmen,COA,29950,Mexico,6514.71,1/17/2022,Avamm,Retail,id nulla ultrices aliquet maecenas leo odio condimentum id luctus nec molestie sed justo pellentesque viverra pede ac diam cras,Refund,MXN,1.7389,4035.99,5/3/2028,Approved,tincidunt eget tempus vel pede morbi porttitor lorem id ligula suspendisse,Gabtype,odio curabitur convallis duis consequat dui nec nisi volutpat eleifend donec ut dolor morbi vel lectus,Leontyne Earsman,learsmanbm@printfriendly.com,239-778-8246,7 Hayes Lane,Shenshan,,
420,6709192320835668922,Visa,2/10/2026,615,Heddie Alcorn,56 Arizona Plaza,Hitachi-Naka,,312-0063,Japan,6072.14,7/20/2026,Quimm,Dining,quisque ut erat curabitur gravida nisi at nibh in hac habitasse platea dictumst aliquam augue quam sollicitudin,Refund,JPY,1.1439,6544.47,7/27/2025,Pending,natoque penatibus et magnis dis parturient montes nascetur ridiculus mus etiam vel augue vestibulum rutrum,Kamba,nulla sed vel enim sit amet nunc viverra dapibus nulla suscipit ligula,Phillip McGillivrie,pmcgillivriebn@nbcnews.com,613-239-2023,62365 Barby Avenue,Xinjie,,
421,6763673519915977,Visa,10/16/2024,362,Ethelin Lyfe,091 Thackeray Center,Malanje,,,Angola,3498.19,10/27/2027,Fatz,Travel,in imperdiet et commodo vulputate justo in blandit ultrices enim lorem ipsum dolor sit amet consectetuer adipiscing,Cash Advance,AOA,0.8884,1655.43,8/28/2026,Declined,aliquet ultrices erat tortor sollicitudin mi sit amet lobortis sapien sapien non mi,Eazzy,in quis justo maecenas rhoncus aliquam lacus morbi quis tortor id nulla ultrices aliquet maecenas leo odio condimentum,Bordy Vibert,bvibertbo@washingtonpost.com,532-360-0667,4638 Canary Parkway,Hekou,,
422,676341479178823994,American Express,3/7/2022,979,Wileen Keavy,902 6th Crossing,Niushou,,,China,8201.91,9/23/2030,Tagcat,Entertainment,pretium nisl ut volutpat sapien arcu sed augue aliquam erat volutpat in congue etiam justo etiam pretium iaculis justo in,Cash Advance,CNY,1.174,2524.2,12/19/2027,Pending,in quam fringilla rhoncus mauris enim leo rhoncus sed vestibulum sit amet cursus id turpis integer,Photojam,in libero ut massa volutpat convallis morbi odio odio elementum eu,Keven Danielsson,kdanielssonbp@people.com.cn,188-619-6287,19097 Lillian Crossing,Chwałowice,,27-630
423,3534341527801986,Mastercard,10/29/2023,117,Tyrone Melmore,72 Cody Junction,Garahaji,,,Indonesia,708.62,4/10/2029,Yabox,Entertainment,ipsum dolor sit amet consectetuer adipiscing elit proin risus praesent lectus vestibulum quam sapien varius ut blandit non interdum in,Purchase,IDR,0.8642,7387.48,12/18/2027,Pending,fusce congue diam id ornare imperdiet sapien urna pretium nisl ut volutpat sapien,Browsetype,felis donec semper sapien a libero nam dui proin leo odio porttitor id consequat in consequat,Myron Smieton,msmietonbq@statcounter.com,722-618-8819,4656 6th Alley,Litian,,
424,3541463952490563,Visa,12/30/2029,824,Jarrid Attenbarrow,65 Gulseth Lane,Digne-les-Bains,B8,04004 CEDEX,France,7702.98,6/28/2022,Myworks,Dining,quam turpis adipiscing lorem vitae mattis nibh ligula nec sem duis aliquam,Refund,EUR,0.5119,2831.32,7/24/2030,Approved,semper interdum mauris ullamcorper purus sit amet nulla quisque arcu libero rutrum,Realcube,ipsum integer a nibh in quis justo maecenas rhoncus aliquam lacus morbi,Josefa Euler,jeulerbr@prweb.com,674-324-3805,959 Mendota Way,Santa Catarina,10,2500-772
425,5602238529710811324,Visa,11/25/2029,549,Inga Bales,0942 Michigan Junction,Weepangali,,,Indonesia,4816.21,3/15/2024,Devcast,Travel,leo odio condimentum id luctus nec molestie sed justo pellentesque viverra pede ac diam cras pellentesque volutpat dui,Purchase,IDR,1.5331,7465.57,8/15/2027,Pending,elementum ligula vehicula consequat morbi a ipsum integer a nibh in quis justo maecenas rhoncus aliquam,Jazzy,sem duis aliquam convallis nunc proin at turpis a pede,Dido Gaffney,dgaffneybs@cpanel.net,789-331-7131,496 Namekagon Terrace,Payxambabazar,,
426,3533740313864317,Mastercard,5/11/2028,644,Gav Strickland,075 Huxley Park,Shataping,,,China,7112.1,10/2/2026,Trudoo,Retail,massa tempor convallis nulla neque libero convallis eget eleifend luctus ultricies eu nibh quisque id justo sit amet sapien,Purchase,CNY,1.4528,4556.3,12/21/2026,Approved,quam a odio in hac habitasse platea dictumst maecenas ut massa quis augue luctus tincidunt nulla mollis,Photospace,eget rutrum at lorem integer tincidunt ante vel ipsum praesent blandit lacinia erat vestibulum sed magna at nunc,Ezri Gronou,egronoubt@google.nl,962-237-0197,199 Summerview Road,As Saffānīyah,,
427,5100132416164548,American Express,9/23/2023,587,Morgen Labet,52 Columbus Avenue,Jingping,,,China,137.77,8/8/2030,Rhyloo,Travel,dui vel nisl duis ac nibh fusce lacus purus aliquet at feugiat non pretium,Cash Advance,CNY,1.4318,985.39,12/18/2029,Declined,sapien non mi integer ac neque duis bibendum morbi non,Npath,aenean auctor gravida sem praesent id massa id nisl venenatis,Penny Shipway,pshipwaybu@techcrunch.com,180-926-6358,1 Clove Trail,Akashi,,950-0084
428,5020597432044840699,American Express,12/17/2028,449,Sloan Tilbey,37 Laurel Plaza,Świdwin,,78-301,Poland,6222.54,4/17/2030,Yamia,Dining,convallis eget eleifend luctus ultricies eu nibh quisque id justo sit amet sapien,Purchase,PLN,0.9604,3187.91,9/25/2027,Pending,curabitur convallis duis consequat dui nec nisi volutpat eleifend donec ut dolor morbi vel lectus,Katz,posuere metus vitae ipsum aliquam non mauris morbi non lectus aliquam sit amet diam in magna,Chelsae Kall,ckallbv@intel.com,892-646-7498,2604 Laurel Junction,Luzino,,84-242
429,67097434349944839,Visa,12/6/2030,824,Tanny Ricarde,584 Lukken Place,Adare,,H54,Ireland,9361.95,11/27/2028,Feedbug,Retail,luctus tincidunt nulla mollis molestie lorem quisque ut erat curabitur,Cash Advance,EUR,0.7914,3284.53,1/23/2029,Declined,potenti nullam porttitor lacus at turpis donec posuere metus vitae,Zoombeat,turpis sed ante vivamus tortor duis mattis egestas metus aenean fermentum donec ut mauris eget massa,Haven Comettoi,hcomettoibw@geocities.jp,826-146-8535,26 Browning Terrace,Bilaran,,4216
430,3539715395009878,American Express,3/13/2026,480,Bernette Lightbown,30 Laurel Terrace,Libourne,97,33515 CEDEX,France,7372.63,6/9/2029,Ailane,Entertainment,odio porttitor id consequat in consequat ut nulla sed accumsan felis ut at dolor quis odio consequat varius,Refund,EUR,1.8457,6908.27,2/26/2029,Approved,erat eros viverra eget congue eget semper rutrum nulla nunc purus phasellus in felis donec semper sapien a libero nam,Shuffledrive,proin at turpis a pede posuere nonummy integer non velit donec diam neque vestibulum eget vulputate ut,Paquito Beazey,pbeazeybx@topsy.com,530-523-5180,4 Barby Trail,Djohong,,
431,3556833265174843,American Express,7/28/2023,606,Wit Urlich,18860 Merrick Road,Santa Monica,,8422,Philippines,8543.38,12/10/2030,Youfeed,Retail,mauris vulputate elementum nullam varius nulla facilisi cras non velit nec nisi vulputate nonummy maecenas tincidunt lacus,Purchase,PHP,1.1174,6194.03,3/24/2027,Declined,duis consequat dui nec nisi volutpat eleifend donec ut dolor morbi vel lectus in quam,Topicblab,accumsan tellus nisi eu orci mauris lacinia sapien quis libero nullam sit,Hephzibah Babbage,hbabbageby@xrea.com,427-753-9464,53 Cambridge Court,Wincrange,,L-9780
432,6763880532029081787,Visa,1/12/2030,966,Constantina Bromige,72 Ridge Oak Road,Hengshi,,,China,8616.04,4/24/2022,Lajo,Entertainment,lorem ipsum dolor sit amet consectetuer adipiscing elit proin risus praesent lectus vestibulum quam sapien varius ut blandit non interdum,Cash Advance,CNY,0.5296,4219.19,11/20/2023,Declined,ultrices posuere cubilia curae mauris viverra diam vitae quam suspendisse potenti nullam porttitor lacus at turpis donec,Brainsphere,amet sapien dignissim vestibulum vestibulum ante ipsum primis in faucibus orci luctus et ultrices,Monika Kitteringham,mkitteringhambz@w3.org,681-687-3013,4 Graedel Street,Jinping,,
433,5602255428786280,Visa,12/22/2025,912,Lammond Van Bruggen,93481 La Follette Terrace,Göteborg,O,400 70,Sweden,2186.35,8/12/2030,Camimbo,Entertainment,quis tortor id nulla ultrices aliquet maecenas leo odio condimentum id luctus nec molestie,Refund,SEK,0.5507,7490.05,3/12/2022,Pending,amet diam in magna bibendum imperdiet nullam orci pede venenatis non sodales sed tincidunt eu felis fusce,Katz,neque libero convallis eget eleifend luctus ultricies eu nibh quisque id justo sit amet,Kele Hurry,khurryc0@yellowbook.com,122-617-6333,4 Kinsman Point,Ogōri-shimogō,,754-0897
434,3531448335346782,Mastercard,4/1/2028,398,Esma Klehyn,2365 Fuller Court,Nuštar,,32221,Croatia,2102.96,9/1/2022,Dabtype,Dining,odio donec vitae nisi nam ultrices libero non mattis pulvinar nulla pede ullamcorper,Cash Advance,HRK,1.3701,5124.11,5/29/2027,Approved,sem duis aliquam convallis nunc proin at turpis a pede posuere nonummy integer non velit donec diam neque vestibulum,Zava,nulla tellus in sagittis dui vel nisl duis ac nibh fusce lacus purus aliquet at feugiat,Harp Mizen,hmizenc1@pagesperso-orange.fr,978-405-8843,254 Straubel Plaza,Tetandara,,
435,6759811982286755916,Mastercard,7/27/2023,917,Miriam Fidian,960 Garrison Alley,Svetlyy Yar,,404170,Russia,9745.76,5/30/2025,Devshare,Travel,mi in porttitor pede justo eu massa donec dapibus duis at velit eu est congue elementum in,Refund,RUB,0.7291,2371.18,4/15/2030,Pending,neque vestibulum eget vulputate ut ultrices vel augue vestibulum ante ipsum primis in faucibus,Jayo,odio curabitur convallis duis consequat dui nec nisi volutpat eleifend donec ut dolor morbi vel lectus in quam fringilla,Clevey Klassmann,cklassmannc2@wiley.com,812-228-8193,1 Sloan Hill,Sélestat,C1,67604 CEDEX
436,4903937215863215540,American Express,9/9/2025,642,Allx Pitkin,858 Lillian Center,Delta del Tigre,,,Uruguay,5164.46,7/20/2030,Jaloo,Travel,tellus nulla ut erat id mauris vulputate elementum nullam varius nulla,Refund,UYU,0.7292,7029.21,11/21/2023,Declined,ante vivamus tortor duis mattis egestas metus aenean fermentum donec ut mauris eget massa tempor convallis nulla neque,Skivee,blandit nam nulla integer pede justo lacinia eget tincidunt eget tempus vel pede morbi porttitor,Ellsworth Berrington,eberringtonc3@prweb.com,821-626-2592,596 Claremont Park,Agat Village,,96922
437,5038546120026999,Visa,4/3/2027,946,Louie Sink,4 Karstens Lane,Al Qābil,,,Oman,5021.83,4/19/2027,Gigazoom,Travel,rutrum at lorem integer tincidunt ante vel ipsum praesent blandit lacinia erat vestibulum sed magna at nunc commodo placerat praesent,Refund,OMR,0.793,9566.07,12/17/2024,Pending,ante ipsum primis in faucibus orci luctus et ultrices posuere cubilia curae mauris viverra diam vitae quam suspendisse,Riffpedia,nisl venenatis lacinia aenean sit amet justo morbi ut odio cras,West Crosser,wcrosserc4@sun.com,214-154-0501,8 Artisan Junction,New Orleans,LA,70174
438,3547668363611425,Visa,3/23/2022,994,Wallas O'Growgane,89 Acker Parkway,Tangkilsari,,,Indonesia,7965.41,3/26/2024,Rhyloo,Retail,mauris ullamcorper purus sit amet nulla quisque arcu libero rutrum ac lobortis vel dapibus at diam nam tristique tortor eu,Refund,IDR,1.1387,2215.12,10/8/2028,Pending,adipiscing elit proin risus praesent lectus vestibulum quam sapien varius ut blandit non interdum in ante vestibulum ante,Dazzlesphere,gravida sem praesent id massa id nisl venenatis lacinia aenean sit amet justo morbi,Ranna Normanell,rnormanellc5@so-net.ne.jp,184-909-3358,11661 Waubesa Terrace,Niquero,,
439,6388079461701032,American Express,6/29/2027,143,Gilbert Gianiello,12131 Thompson Avenue,Noşratābād,,,Iran,5451.62,11/16/2023,Skibox,Travel,convallis eget eleifend luctus ultricies eu nibh quisque id justo sit amet sapien dignissim,Refund,IRR,0.9663,385.58,1/8/2029,Declined,lacus purus aliquet at feugiat non pretium quis lectus suspendisse potenti in,Dablist,enim sit amet nunc viverra dapibus nulla suscipit ligula in lacus curabitur at ipsum ac,Colette Bartels,cbartelsc6@soup.io,100-616-5567,325 Mifflin Drive,Cikadu,,
440,4913990412558884,American Express,11/21/2030,543,Templeton Russi,6 Schlimgen Lane,Kemiri Daya,,,Indonesia,8778.12,9/5/2030,Lazz,Travel,nulla suspendisse potenti cras in purus eu magna vulputate luctus cum sociis,Cash Advance,IDR,0.6742,5817.29,11/23/2027,Declined,purus aliquet at feugiat non pretium quis lectus suspendisse potenti in eleifend quam a odio in hac,Wikido,ultrices libero non mattis pulvinar nulla pede ullamcorper augue a suscipit nulla elit ac nulla sed vel enim sit,Elliot Barrington,ebarringtonc7@thetimes.co.uk,896-680-4274,5914 Gale Trail,Mugi,,368293
441,379844262788072,Mastercard,3/13/2025,295,Adelaide Bourtoumieux,0 Haas Terrace,Beringin,,,Indonesia,4006.5,2/11/2022,Livepath,Entertainment,aenean fermentum donec ut mauris eget massa tempor convallis nulla,Refund,IDR,1.3272,804.13,2/4/2030,Declined,dictumst etiam faucibus cursus urna ut tellus nulla ut erat id mauris vulputate elementum nullam varius nulla facilisi cras non,Flashset,et ultrices posuere cubilia curae duis faucibus accumsan odio curabitur convallis duis,Antonella Riglar,ariglarc8@spotify.com,895-261-0905,658 Coleman Junction,Sanfins,01,4520-525
442,3563434925606919,Visa,9/3/2027,362,Merrick Barstowk,86271 Prairie Rose Circle,Jianguo,,,China,5553.94,1/18/2022,Bubblebox,Dining,pretium iaculis diam erat fermentum justo nec condimentum neque sapien placerat ante nulla justo aliquam,Purchase,CNY,0.8992,8567.42,5/11/2029,Approved,eu interdum eu tincidunt in leo maecenas pulvinar lobortis est phasellus sit,Aibox,neque sapien placerat ante nulla justo aliquam quis turpis eget elit sodales scelerisque mauris sit amet eros suspendisse accumsan tortor,Salomone Loweth,slowethc9@uiuc.edu,122-538-0596,1966 Shopko Court,Jacaraú,,58278-000
443,5153109954699271,Mastercard,9/29/2025,526,Nixie Vanyukov,9 Arkansas Pass,Phoenix,AZ,85025,United States,613.04,1/27/2026,Rhyzio,Dining,dui vel nisl duis ac nibh fusce lacus purus aliquet at feugiat non pretium quis lectus suspendisse potenti,Cash Advance,USD,1.1352,2463.33,3/6/2022,Approved,libero quis orci nullam molestie nibh in lectus pellentesque at nulla suspendisse potenti cras in,Mymm,orci luctus et ultrices posuere cubilia curae mauris viverra diam vitae quam suspendisse potenti nullam porttitor,Margareta Janzen,mjanzenca@msu.edu,602-109-6078,90531 Drewry Plaza,Orosh,,
444,5561981219282770,Visa,11/25/2028,403,Nance Oxborrow,013 Menomonie Trail,São Manços,07,7005-724,Portugal,6205.82,4/3/2026,Voomm,Entertainment,sed interdum venenatis turpis enim blandit mi in porttitor pede justo eu massa donec dapibus duis at velit,Refund,EUR,1.6311,4270.67,4/14/2028,Pending,ut rhoncus aliquet pulvinar sed nisl nunc rhoncus dui vel sem sed sagittis nam congue risus semper,Edgeclub,convallis eget eleifend luctus ultricies eu nibh quisque id justo sit amet sapien dignissim,Merl Absolem,mabsolemcb@usnews.com,557-724-0589,49 Cascade Place,Sovetskiy,,628240
445,3537047703474863,American Express,9/19/2023,258,Spense Bastock,21312 Oriole Pass,Velenje,,3504,Slovenia,3928.1,2/1/2026,Browsebug,Retail,accumsan tortor quis turpis sed ante vivamus tortor duis mattis egestas metus aenean fermentum donec ut mauris eget massa,Cash Advance,EUR,0.6851,8089.87,1/4/2029,Approved,massa quis augue luctus tincidunt nulla mollis molestie lorem quisque ut erat curabitur gravida nisi at nibh,Feedbug,sapien in sapien iaculis congue vivamus metus arcu adipiscing molestie hendrerit at vulputate vitae,Hewitt Semor,hsemorcc@furl.net,603-426-8904,94409 East Parkway,Clearwater,FL,34629
446,56022521164609431,American Express,1/12/2027,222,Vladimir Dablin,79 Crest Line Center,Beixin,,,China,908.05,10/13/2030,DabZ,Dining,duis aliquam convallis nunc proin at turpis a pede posuere nonummy integer non velit donec diam neque vestibulum eget,Purchase,CNY,1.7145,9909.32,9/23/2023,Pending,ipsum dolor sit amet consectetuer adipiscing elit proin interdum mauris,Browsetype,scelerisque mauris sit amet eros suspendisse accumsan tortor quis turpis sed ante vivamus tortor duis mattis,Cris Winnister,cwinnistercd@bigcartel.com,698-948-8580,3327 Dwight Trail,Tarata,,
447,3564393671116128,Mastercard,7/6/2023,812,Amabel Domotor,12 Vermont Avenue,Mistrató,,664028,Colombia,7873.87,10/25/2023,Jabbertype,Travel,sit amet sem fusce consequat nulla nisl nunc nisl duis bibendum felis sed interdum venenatis turpis,Purchase,COP,1.6669,5824.07,4/27/2024,Pending,id turpis integer aliquet massa id lobortis convallis tortor risus dapibus augue vel accumsan tellus nisi eu orci mauris,Talane,luctus ultricies eu nibh quisque id justo sit amet sapien dignissim vestibulum vestibulum ante ipsum,Raynell Boggish,rboggishce@dot.gov,321-558-0918,41387 Bobwhite Crossing,Vale,01,4525-406
448,3569763013787908,Mastercard,1/20/2030,555,Deck Donaher,22 Clove Court,Florianópolis,,88000-000,Brazil,8464.68,12/27/2022,Flipopia,Entertainment,hac habitasse platea dictumst etiam faucibus cursus urna ut tellus nulla ut erat id mauris vulputate elementum nullam,Purchase,BRL,1.4781,8573.93,12/23/2025,Declined,id turpis integer aliquet massa id lobortis convallis tortor risus dapibus augue vel accumsan,Shufflester,ut nunc vestibulum ante ipsum primis in faucibus orci luctus et ultrices posuere cubilia curae mauris,Ursala Krink,ukrinkcf@independent.co.uk,325-405-6624,30 Kennedy Road,Urung,,
449,3554195292921709,Mastercard,8/21/2028,640,Ashli Bauduccio,142 Loeprich Center,La Cruz de Taratara,,,Venezuela,2313.68,6/23/2027,Digitube,Entertainment,nisi nam ultrices libero non mattis pulvinar nulla pede ullamcorper augue a suscipit nulla elit ac nulla sed,Cash Advance,VEF,1.9387,4309.9,11/28/2025,Pending,arcu sed augue aliquam erat volutpat in congue etiam justo,Edgeclub,neque aenean auctor gravida sem praesent id massa id nisl,Henriette Chelley,hchelleycg@craigslist.org,147-308-8370,7775 Maryland Alley,Shanghang,,
450,374622794160951,Visa,8/5/2026,564,Emmalynne Wagstaff,7432 Green Ridge Lane,Alès,A9,30112 CEDEX,France,8776.96,6/17/2029,InnoZ,Entertainment,mauris lacinia sapien quis libero nullam sit amet turpis elementum ligula vehicula consequat morbi a ipsum integer a,Purchase,EUR,0.9453,4078.54,11/1/2025,Declined,lectus pellentesque at nulla suspendisse potenti cras in purus eu magna vulputate luctus cum,Cogidoo,pede posuere nonummy integer non velit donec diam neque vestibulum,Laura Pratton,lprattonch@scribd.com,644-434-2665,03252 Riverside Pass,Daixi,,
451,3540027160316539,American Express,10/3/2027,315,Michell Colville,7483 Ludington Court,Zheshart,,169045,Russia,9667.6,11/25/2027,Wikivu,Travel,sed sagittis nam congue risus semper porta volutpat quam pede lobortis ligula sit amet,Cash Advance,RUB,0.835,5731.72,5/30/2026,Declined,cum sociis natoque penatibus et magnis dis parturient montes nascetur ridiculus mus vivamus vestibulum sagittis sapien,Feedfire,magna ac consequat metus sapien ut nunc vestibulum ante ipsum primis in faucibus orci luctus et,Theodosia Scourgie,tscourgieci@yelp.com,181-328-3717,3640 Kennedy Court,Arrifes,42,9500-365
452,30483541462893,Mastercard,8/31/2027,530,Morna Hanner,3 Vernon Drive,Bhokadoke,,,Indonesia,5968.03,6/23/2024,Skinix,Retail,consequat nulla nisl nunc nisl duis bibendum felis sed interdum venenatis turpis enim,Cash Advance,IDR,1.4112,3656.82,7/3/2026,Approved,eget tincidunt eget tempus vel pede morbi porttitor lorem id ligula suspendisse ornare,Flipopia,sit amet diam in magna bibendum imperdiet nullam orci pede venenatis non sodales sed tincidunt eu,Far Behling,fbehlingcj@sourceforge.net,187-565-7367,37765 Spaight Alley,Maddarulug Norte,,3501
453,30019501686350,Mastercard,7/16/2030,165,Ban Rozzell,34 Blackbird Crossing,Xinyang,,,China,7832.88,6/30/2023,Oyope,Entertainment,nulla neque libero convallis eget eleifend luctus ultricies eu nibh quisque id justo sit amet sapien dignissim vestibulum,Cash Advance,CNY,1.146,231.59,1/2/2030,Declined,vivamus tortor duis mattis egestas metus aenean fermentum donec ut mauris eget massa tempor convallis,Oba,metus arcu adipiscing molestie hendrerit at vulputate vitae nisl aenean,Jabez Mowson,jmowsonck@google.fr,960-398-8271,1524 Browning Trail,Darungan,,
454,3573785146673030,American Express,1/8/2023,178,Wanids Grassick,23 Drewry Road,Sumberbening,,,Indonesia,9808.9,9/12/2029,Babbleset,Dining,congue eget semper rutrum nulla nunc purus phasellus in felis donec semper sapien a,Cash Advance,IDR,1.743,1409.14,1/30/2024,Approved,primis in faucibus orci luctus et ultrices posuere cubilia curae duis faucibus accumsan odio curabitur convallis duis consequat dui nec,Jaxnation,platea dictumst aliquam augue quam sollicitudin vitae consectetuer eget rutrum,Darell Hawkins,dhawkinscl@va.gov,307-257-6131,555 Kingsford Place,Tampa,FL,33680
455,4936241666160289,American Express,2/13/2028,512,Nicholas Guitt,1 Sherman Place,Ndom,,,Cameroon,5998.46,12/18/2028,Skiba,Entertainment,lectus pellentesque eget nunc donec quis orci eget orci vehicula condimentum curabitur in libero ut massa volutpat convallis,Purchase,XAF,1.1992,9614.92,9/15/2027,Approved,vel lectus in quam fringilla rhoncus mauris enim leo rhoncus sed vestibulum sit,Rhycero,massa id nisl venenatis lacinia aenean sit amet justo morbi ut,Roderich Riehm,rriehmcm@ft.com,334-315-8679,81526 Anhalt Parkway,Taungdwingyi,,
456,3537020934045653,American Express,3/11/2028,183,Camellia Kinnach,62712 American Ash Way,Mengenkrajan,,,Indonesia,974.1,10/29/2030,Dynabox,Retail,quisque ut erat curabitur gravida nisi at nibh in hac,Purchase,IDR,0.8765,6938.65,3/7/2029,Approved,pretium quis lectus suspendisse potenti in eleifend quam a odio in hac habitasse platea dictumst maecenas ut massa quis,Skilith,blandit mi in porttitor pede justo eu massa donec dapibus duis at velit eu est congue elementum,Alair Presman,apresmancn@elegantthemes.com,247-693-8171,5879 Roxbury Park,Kodyma,,
457,0604714589741608226,Visa,3/24/2030,760,Hogan Crosio,75336 Superior Center,Duluth,GA,30096,United States,3010.93,4/22/2026,Abata,Travel,faucibus accumsan odio curabitur convallis duis consequat dui nec nisi volutpat,Cash Advance,USD,1.7261,5353.89,4/13/2030,Declined,in consequat ut nulla sed accumsan felis ut at dolor quis odio consequat varius integer ac leo,Zoonder,eu est congue elementum in hac habitasse platea dictumst morbi vestibulum velit id pretium iaculis diam erat fermentum justo,Rachael Ruggen,rruggenco@globo.com,770-521-8375,54 Nancy Trail,Northern Suburbs Mc,NSW,1694
458,3542682767677986,Visa,5/10/2022,537,Tuck Fernie,027 Ohio Hill,Pasinan Barat,,,Indonesia,5481.2,5/18/2028,Jaxspan,Travel,at feugiat non pretium quis lectus suspendisse potenti in eleifend quam a odio in hac habitasse platea,Cash Advance,IDR,0.9794,3190.69,7/11/2027,Declined,accumsan tortor quis turpis sed ante vivamus tortor duis mattis,Kwilith,dui vel nisl duis ac nibh fusce lacus purus aliquet at feugiat,Conney Duran,cdurancp@lulu.com,166-394-9338,2029 Eagan Trail,Nihommatsu,,969-1513
459,5100179906295407,American Express,10/14/2023,172,Inna Camelia,6811 Almo Hill,Shangyi,,,China,7207.49,8/21/2024,Quire,Dining,platea dictumst maecenas ut massa quis augue luctus tincidunt nulla mollis molestie lorem quisque ut erat curabitur gravida nisi,Refund,CNY,1.0072,6290.15,9/25/2026,Approved,lacinia eget tincidunt eget tempus vel pede morbi porttitor lorem id ligula suspendisse,Yambee,nisi vulputate nonummy maecenas tincidunt lacus at velit vivamus vel,Starlin Stert,sstertcq@youku.com,689-334-1298,56 Reinke Drive,Hongyan,,
460,36735723655717,Mastercard,10/24/2027,487,Eileen Ingray,63744 Chive Park,Tanjungbatu,,,Indonesia,5753.51,3/18/2022,Trilia,Dining,eu tincidunt in leo maecenas pulvinar lobortis est phasellus sit amet erat nulla tempus vivamus in felis eu,Cash Advance,IDR,1.4877,7893.17,6/23/2023,Approved,condimentum curabitur in libero ut massa volutpat convallis morbi odio odio elementum,Quinu,aliquam augue quam sollicitudin vitae consectetuer eget rutrum at lorem,Audrie Jouhan,ajouhancr@squidoo.com,757-825-3307,92 Nova Street,Panxi,,
461,6759267967522514572,Mastercard,5/18/2027,160,Lew Watkiss,80441 La Follette Terrace,Stockholm,AB,141 99,Sweden,2809.72,5/14/2025,Brainverse,Travel,eros elementum pellentesque quisque porta volutpat erat quisque erat eros viverra eget congue eget semper rutrum nulla nunc,Refund,SEK,1.1311,8001.33,3/1/2026,Approved,magna at nunc commodo placerat praesent blandit nam nulla integer pede justo lacinia eget tincidunt eget tempus,Jaxworks,in sagittis dui vel nisl duis ac nibh fusce lacus purus aliquet,Donall Canniffe,dcanniffecs@example.com,816-728-8698,81 Rutledge Center,Itapemirim,,29330-000
462,3554067160186642,American Express,4/16/2022,964,Cass Mayor,65 Bunker Hill Junction,Khāngāh Dogrān,,39250,Pakistan,5303.46,1/27/2025,Gabspot,Travel,luctus rutrum nulla tellus in sagittis dui vel nisl duis ac nibh fusce lacus purus,Refund,PKR,0.8196,6802.91,7/31/2029,Declined,magna at nunc commodo placerat praesent blandit nam nulla integer pede justo lacinia eget tincidunt eget tempus vel pede,Yozio,amet turpis elementum ligula vehicula consequat morbi a ipsum integer a,Traver Chaffey,tchaffeyct@multiply.com,598-441-9559,48 Rockefeller Plaza,Dinskaya,,353226
463,3588050375401642,Mastercard,7/16/2023,293,Prudence Klemt,5 Golden Leaf Lane,Zolotyy Potik,,,Ukraine,3628.12,3/29/2024,Dabvine,Retail,ipsum primis in faucibus orci luctus et ultrices posuere cubilia curae donec pharetra magna vestibulum aliquet,Cash Advance,UAH,0.5049,9564.29,5/7/2027,Approved,nunc donec quis orci eget orci vehicula condimentum curabitur in libero ut massa volutpat,Geba,ante ipsum primis in faucibus orci luctus et ultrices posuere cubilia,Conan Oats,coatscu@umn.edu,119-480-8001,67690 Coleman Way,Bolotnoye,,633343
464,3561308929179168,Visa,12/4/2023,117,Shanan Dexter,03 Troy Hill,Linfen,,,China,3963.54,6/24/2024,Brainsphere,Entertainment,curae nulla dapibus dolor vel est donec odio justo sollicitudin ut suscipit a feugiat et eros vestibulum ac est lacinia,Cash Advance,CNY,0.628,8296.88,4/18/2022,Pending,vehicula consequat morbi a ipsum integer a nibh in quis justo maecenas rhoncus aliquam lacus morbi quis,Youtags,accumsan tellus nisi eu orci mauris lacinia sapien quis libero nullam sit,Osborn Morillas,omorillascv@meetup.com,689-727-9217,878 Messerschmidt Drive,El Progreso,OAX,68451
465,5010129168964637,American Express,5/14/2030,814,Denver Murfill,70844 Sundown Trail,La Curva,,,Peru,6038.24,1/23/2029,Teklist,Retail,ligula in lacus curabitur at ipsum ac tellus semper interdum mauris ullamcorper purus sit,Refund,PEN,0.6596,1224.24,7/9/2027,Approved,diam erat fermentum justo nec condimentum neque sapien placerat ante nulla justo,Wordpedia,curae duis faucibus accumsan odio curabitur convallis duis consequat dui nec nisi volutpat eleifend donec ut dolor,Powell Jahnisch,pjahnischcw@yolasite.com,324-221-2197,8 Pine View Point,Desakolot,,
466,6394971567748879,Visa,4/13/2029,890,Rafael Swate,6419 Lakeland Lane,Taloko,,,Indonesia,7961.61,3/12/2029,Meedoo,Retail,nam ultrices libero non mattis pulvinar nulla pede ullamcorper augue a suscipit nulla,Cash Advance,IDR,1.2709,5187.1,7/15/2023,Declined,convallis nulla neque libero convallis eget eleifend luctus ultricies eu nibh quisque,Quinu,montes nascetur ridiculus mus vivamus vestibulum sagittis sapien cum sociis natoque penatibus et magnis,Caralie von Grollmann,cvoncx@cargocollective.com,142-804-5226,724 Shasta Street,Gedaliang,,
467,3547513352318105,American Express,11/22/2024,705,Paulo Wren,806 Ilene Road,Nova Prata,,95320-000,Brazil,6395.54,5/19/2025,Wordify,Dining,est risus auctor sed tristique in tempus sit amet sem fusce consequat nulla nisl nunc nisl,Refund,BRL,0.7577,2531.36,3/2/2026,Declined,consequat nulla nisl nunc nisl duis bibendum felis sed interdum venenatis turpis enim,Aivee,mauris eget massa tempor convallis nulla neque libero convallis eget eleifend luctus ultricies eu nibh quisque,Loren Buntin,lbuntincy@illinois.edu,350-980-7979,1340 Sundown Junction,Soubré,,
468,6759654291352304,Mastercard,6/18/2025,358,Claudian Wolsey,301 Lakeland Court,Novo-Peredelkino,,143015,Russia,2386.93,11/7/2026,Meevee,Entertainment,sodales sed tincidunt eu felis fusce posuere felis sed lacus,Refund,RUB,0.7273,7691.16,7/3/2026,Declined,ultrices erat tortor sollicitudin mi sit amet lobortis sapien sapien non mi integer ac neque,Browsetype,elementum nullam varius nulla facilisi cras non velit nec nisi vulputate nonummy maecenas tincidunt lacus,Bondy Pionter,bpiontercz@springer.com,177-847-3224,0306 Redwing Circle,Sanjia,,
469,4936780026024647614,Mastercard,7/13/2029,507,Tyson Parkyn,129 Harbort Avenue,Karangasem,,,Indonesia,3301.03,12/5/2027,Oyoyo,Dining,sed lacus morbi sem mauris laoreet ut rhoncus aliquet pulvinar sed nisl nunc,Refund,IDR,1.3469,7569.67,10/15/2028,Declined,nisl ut volutpat sapien arcu sed augue aliquam erat volutpat in,Zooxo,ridiculus mus etiam vel augue vestibulum rutrum rutrum neque aenean auctor gravida sem praesent id,Brandice Milbank,bmilbankd0@fotki.com,213-497-9742,85 Goodland Pass,Hualingang,,
470,3587063972291747,American Express,9/18/2028,243,Tommi Braznell,5360 Schmedeman Street,Gbarnga,,,Liberia,4739.95,9/18/2029,Ailane,Retail,sed sagittis nam congue risus semper porta volutpat quam pede lobortis ligula sit amet eleifend pede libero,Refund,LRD,1.5272,8504.85,12/4/2024,Declined,non pretium quis lectus suspendisse potenti in eleifend quam a odio in hac habitasse,Skippad,sit amet eros suspendisse accumsan tortor quis turpis sed ante vivamus tortor duis mattis egestas metus aenean fermentum donec ut,Dixie Fliege,dflieged1@usatoday.com,553-399-6864,23386 Arapahoe Road,Wuqiao,,
471,201723347919197,Visa,4/20/2025,701,Jermaine Pindell,699 Hauk Place,Erími,,,Cyprus,756.55,12/30/2024,Zoomlounge,Dining,ante vel ipsum praesent blandit lacinia erat vestibulum sed magna at nunc commodo placerat praesent blandit nam nulla,Cash Advance,EUR,1.3582,1663.38,11/24/2025,Pending,proin at turpis a pede posuere nonummy integer non velit donec diam neque,Zoombeat,nec euismod scelerisque quam turpis adipiscing lorem vitae mattis nibh ligula nec sem,Nicolette Ulrik,nulrikd2@ehow.com,176-496-9500,91954 Lillian Pass,Malo,,
472,5440563531444317,Visa,10/7/2029,209,Lindi Gilder,6216 Golf Parkway,Veldhoven,06,5509,Netherlands,5892.45,9/11/2029,Oyope,Entertainment,ultrices posuere cubilia curae duis faucibus accumsan odio curabitur convallis duis consequat dui nec,Cash Advance,EUR,0.534,3576.12,3/14/2030,Approved,lobortis vel dapibus at diam nam tristique tortor eu pede,Trilith,convallis duis consequat dui nec nisi volutpat eleifend donec ut dolor morbi vel lectus in quam fringilla rhoncus,Ginnie Kumar,gkumard3@desdev.cn,858-401-7619,8 Pawling Place,Sunnyvale,CA,94089
473,374288692707796,Visa,5/17/2030,562,Gratiana Pigny,56784 Heath Court,Mutum,,36955-000,Brazil,7855.41,4/11/2026,Yotz,Travel,potenti cras in purus eu magna vulputate luctus cum sociis natoque penatibus et magnis dis parturient montes nascetur ridiculus mus,Cash Advance,BRL,1.4303,200.55,1/12/2026,Declined,velit eu est congue elementum in hac habitasse platea dictumst morbi vestibulum velit id pretium iaculis,Blognation,non pretium quis lectus suspendisse potenti in eleifend quam a odio in hac habitasse platea dictumst maecenas ut,Pierson Roach,proachd4@blogs.com,115-121-9034,1 Forest Dale Avenue,Ponggeok,,
474,3574157872537533,Mastercard,10/23/2024,163,Catriona Swatradge,4938 Ridge Oak Court,Clifden,,H71,Ireland,5895.97,1/13/2029,Mudo,Dining,rhoncus dui vel sem sed sagittis nam congue risus semper porta volutpat quam pede lobortis ligula sit,Cash Advance,EUR,1.8337,7263.06,3/31/2023,Pending,lectus pellentesque at nulla suspendisse potenti cras in purus eu magna vulputate luctus cum sociis natoque,Photolist,vestibulum sit amet cursus id turpis integer aliquet massa id lobortis convallis tortor risus dapibus augue vel accumsan,Eunice Prior,epriord5@unc.edu,639-224-3946,8140 Dixon Place,Kagawasan,,7036
475,3535105328092635,Visa,10/9/2023,810,Frances Bagwell,1019 Heath Court,Liang,,,Indonesia,733.31,4/26/2025,Zoonder,Dining,vestibulum vestibulum ante ipsum primis in faucibus orci luctus et ultrices posuere cubilia curae nulla,Cash Advance,IDR,1.2565,2449.35,5/28/2028,Pending,imperdiet sapien urna pretium nisl ut volutpat sapien arcu sed augue aliquam erat volutpat in congue etiam justo etiam pretium,Quatz,in ante vestibulum ante ipsum primis in faucibus orci luctus et ultrices posuere cubilia curae duis faucibus accumsan odio curabitur,Gerhardt Cotta,gcottad6@businessweek.com,897-789-3737,08 Acker Drive,Xiaoguwei,,
476,30169094936074,Mastercard,5/6/2024,373,Gavra Inworth,8 Starling Pass,Saguenay,QC,G7K,Canada,8642.02,10/15/2028,Vidoo,Travel,sapien in sapien iaculis congue vivamus metus arcu adipiscing molestie,Purchase,CAD,1.6705,8666.57,12/4/2028,Pending,lorem ipsum dolor sit amet consectetuer adipiscing elit proin risus praesent lectus,Edgeblab,consequat morbi a ipsum integer a nibh in quis justo maecenas rhoncus aliquam lacus morbi quis tortor id nulla,Heloise Croxon,hcroxond7@123-reg.co.uk,643-604-4673,17 Carioca Drive,Tunis,,
477,5602225109193833,American Express,12/17/2029,897,Marylou Mawman,8 Nelson Terrace,Xinquan,,,China,6991.35,8/17/2028,Mynte,Retail,in sagittis dui vel nisl duis ac nibh fusce lacus purus aliquet at feugiat,Refund,CNY,1.9862,2270.6,5/20/2027,Pending,sit amet cursus id turpis integer aliquet massa id lobortis,Eare,nec nisi volutpat eleifend donec ut dolor morbi vel lectus in quam fringilla rhoncus mauris enim leo rhoncus sed vestibulum,Erina Gogie,egogied8@comsenz.com,125-109-1068,2 Kingsford Alley,San Antonio,,735538
478,3558454537446576,American Express,2/17/2024,383,Allard Gillman,16782 Ridgeway Trail,Pointe-à-Pitre,GP,97159 CEDEX,Guadeloupe,739.46,9/28/2027,Oba,Travel,vestibulum vestibulum ante ipsum primis in faucibus orci luctus et ultrices posuere,Purchase,EUR,1.3916,6371.99,7/30/2024,Pending,vivamus in felis eu sapien cursus vestibulum proin eu mi nulla ac,Gigabox,congue vivamus metus arcu adipiscing molestie hendrerit at vulputate vitae nisl aenean lectus pellentesque eget nunc donec quis orci eget,Nickie Dranfield,ndranfieldd9@imdb.com,910-995-4075,15 Bartillon Drive,La Charité-sur-Loire,A1,58404 CEDEX
479,6333482527000880094,Mastercard,5/26/2029,337,Maggee Iorizzo,6796 Porter Parkway,Alvesta,G,342 80,Sweden,6255.94,8/21/2030,Twitterlist,Retail,a feugiat et eros vestibulum ac est lacinia nisi venenatis tristique fusce congue diam,Refund,SEK,1.3595,6964.25,10/18/2029,Declined,purus eu magna vulputate luctus cum sociis natoque penatibus et magnis dis parturient,Brightdog,velit eu est congue elementum in hac habitasse platea dictumst morbi,Thornie Cervantes,tcervantesda@wikipedia.org,132-359-4928,60966 Knutson Road,Hualgayoc,,
480,201655396791970,American Express,9/24/2024,539,Jud Dimitru,0 Ridge Oak Parkway,Fuwayriţ,,,Qatar,9989.34,11/22/2029,Mycat,Entertainment,molestie lorem quisque ut erat curabitur gravida nisi at nibh,Refund,QAR,0.9848,8351.49,5/15/2023,Pending,lectus pellentesque at nulla suspendisse potenti cras in purus eu magna vulputate luctus cum sociis natoque penatibus et magnis,Devpoint,mi pede malesuada in imperdiet et commodo vulputate justo in blandit ultrices enim,Etan Pietesch,epieteschdb@digg.com,879-707-6747,9032 Heffernan Parkway,Baishuitan,,
481,3561162431143810,American Express,5/12/2022,675,Patrizio Cattellion,76118 Graedel Alley,Heshengbao,,,China,7470.84,2/7/2023,Tagfeed,Dining,platea dictumst etiam faucibus cursus urna ut tellus nulla ut,Purchase,CNY,1.0509,1432.31,10/21/2030,Pending,pulvinar sed nisl nunc rhoncus dui vel sem sed sagittis nam congue risus semper porta,Mydeo,volutpat convallis morbi odio odio elementum eu interdum eu tincidunt in leo maecenas pulvinar lobortis est phasellus sit amet,Carlie Gristock,cgristockdc@forbes.com,730-401-8580,10 Warbler Circle,Hendaye,97,64704 CEDEX
482,560225476583712405,Mastercard,10/13/2030,632,Margo Trahear,54428 Morningstar Junction,Shabqadar,,45401,Pakistan,3520.12,2/17/2026,Tanoodle,Retail,nulla tempus vivamus in felis eu sapien cursus vestibulum proin eu mi nulla ac enim in tempor,Cash Advance,PKR,1.8774,34.89,6/6/2024,Declined,et magnis dis parturient montes nascetur ridiculus mus etiam vel augue vestibulum rutrum,Avavee,convallis nulla neque libero convallis eget eleifend luctus ultricies eu nibh quisque id justo,Vivi Britzius,vbritziusdd@oracle.com,188-415-5749,6037 Onsgard Way,Miskindzha,,368757
483,3578240457755500,Mastercard,10/3/2022,674,Pooh Berns,5 Luster Lane,Cachan,A8,94234 CEDEX,France,4525.52,8/12/2026,Ailane,Retail,nisl nunc rhoncus dui vel sem sed sagittis nam congue risus semper porta volutpat quam pede lobortis ligula,Cash Advance,EUR,1.1354,311.92,1/27/2030,Pending,consequat ut nulla sed accumsan felis ut at dolor quis odio consequat varius,Eare,felis eu sapien cursus vestibulum proin eu mi nulla ac enim in tempor turpis nec euismod scelerisque quam,Mikaela MacLure,mmaclurede@xrea.com,794-771-5293,1842 Oak Valley Terrace,Banī Walīd,,
484,4175006028078390,American Express,11/28/2024,801,Billie Duiged,526 Morningstar Trail,Campo Verde,,78840-000,Brazil,4419.97,2/15/2028,Edgeblab,Travel,curae nulla dapibus dolor vel est donec odio justo sollicitudin ut suscipit a feugiat et,Purchase,BRL,1.6703,3777.9,11/28/2026,Pending,diam in magna bibendum imperdiet nullam orci pede venenatis non sodales sed tincidunt eu felis fusce posuere felis,Browsedrive,lobortis ligula sit amet eleifend pede libero quis orci nullam molestie nibh,Donica Trayford,dtrayforddf@aol.com,682-474-3619,2 Anthes Drive,Ccuntuma,,
485,3569544617944859,American Express,9/4/2027,959,Di Glassard,26791 Old Gate Center,Grand Junction,CO,81505,United States,9579.27,8/15/2027,Feedfish,Travel,ipsum ac tellus semper interdum mauris ullamcorper purus sit amet nulla quisque,Purchase,USD,0.9393,1177.72,5/22/2023,Declined,gravida sem praesent id massa id nisl venenatis lacinia aenean sit amet justo morbi ut odio cras,Twiyo,molestie hendrerit at vulputate vitae nisl aenean lectus pellentesque eget nunc donec quis orci eget orci vehicula condimentum,Thorndike Chamberlen,tchamberlendg@wikipedia.org,970-631-2990,28221 Harper Trail,Kota Kinabalu,SBH,88778
486,36016472549777,Visa,11/19/2026,949,Alidia Kelbie,209 Eggendart Terrace,Paprotnia,,08-107,Poland,3123.35,7/16/2025,Feedfish,Entertainment,arcu sed augue aliquam erat volutpat in congue etiam justo etiam pretium iaculis,Refund,PLN,1.9726,3987.63,9/12/2022,Approved,cubilia curae mauris viverra diam vitae quam suspendisse potenti nullam porttitor lacus at turpis,Dabjam,integer ac neque duis bibendum morbi non quam nec dui,Goldina Kinnen,gkinnendh@indiatimes.com,984-229-7070,8 Blackbird Alley,Tashtagol,,652993
487,4405450059896464,American Express,12/20/2024,560,Marquita Shaudfurth,82 Drewry Way,Zabłocie,,43-523,Poland,6433.34,7/17/2028,Realcube,Travel,odio condimentum id luctus nec molestie sed justo pellentesque viverra pede ac diam cras pellentesque volutpat dui maecenas,Cash Advance,PLN,0.9044,8205.88,3/24/2027,Approved,mi integer ac neque duis bibendum morbi non quam nec dui luctus rutrum nulla tellus in sagittis dui vel nisl,Jaxspan,sit amet eleifend pede libero quis orci nullam molestie nibh in lectus pellentesque at nulla suspendisse potenti cras,Tildi Ettridge,tettridgedi@skyrock.com,408-204-8596,18 Barnett Center,Magumeri,,
488,503821760168344678,Mastercard,6/2/2030,397,Joyan Magrane,12 Jenifer Plaza,Kazanlŭk,,6165,Bulgaria,2713.21,4/18/2030,Vipe,Travel,nulla tellus in sagittis dui vel nisl duis ac nibh fusce lacus purus aliquet,Cash Advance,BGN,1.2456,4613.57,7/27/2023,Declined,convallis nunc proin at turpis a pede posuere nonummy integer non velit donec diam neque vestibulum,Fatz,luctus et ultrices posuere cubilia curae nulla dapibus dolor vel,Pearla Dyde,pdydedj@howstuffworks.com,697-577-2777,5 Division Lane,Hradec Králové,,500 02
489,3572896230904156,Visa,3/13/2027,571,Cullen Tobin,161 Badeau Alley,Mulhouse,C1,68092 CEDEX 2,France,1958.47,9/3/2024,Skinix,Dining,dis parturient montes nascetur ridiculus mus etiam vel augue vestibulum,Refund,EUR,0.7734,6509.55,9/5/2026,Pending,mi integer ac neque duis bibendum morbi non quam nec dui luctus rutrum nulla tellus in sagittis,Edgepulse,a libero nam dui proin leo odio porttitor id consequat in,Corrina Bellanger,cbellangerdk@godaddy.com,194-404-0822,5845 Sycamore Court,Bibai,,879-0444
490,3569467349764017,Visa,4/15/2026,158,Buck Fursland,55694 Miller Parkway,Huayuanli,,,China,2653.05,9/27/2024,Buzzdog,Travel,non lectus aliquam sit amet diam in magna bibendum imperdiet nullam orci pede venenatis non sodales sed tincidunt eu felis,Refund,CNY,1.9982,7158.74,6/14/2030,Declined,sed tristique in tempus sit amet sem fusce consequat nulla nisl nunc nisl,Camimbo,nulla eget eros elementum pellentesque quisque porta volutpat erat quisque erat eros viverra eget congue eget semper,Marthena Dunsmore,mdunsmoredl@cnet.com,156-246-8403,0 Carioca Circle,Quinipot,,2505
491,4917798273991870,Mastercard,2/22/2024,354,Mimi Chopin,949 Old Gate Road,Qal‘eh Ganj,,,Iran,6113.54,9/6/2027,Vinte,Travel,id ligula suspendisse ornare consequat lectus in est risus auctor sed tristique in tempus sit,Refund,IRR,1.9645,9076.51,3/4/2028,Pending,proin at turpis a pede posuere nonummy integer non velit donec diam neque vestibulum eget vulputate,Innojam,primis in faucibus orci luctus et ultrices posuere cubilia curae,Amanda Craighill,acraighilldm@umn.edu,289-983-3751,8505 Oneill Trail,Všestary,,503 12
492,374622707387071,Visa,12/3/2022,895,Jo Canas,28 Veith Crossing,Rogóźno,,86-318,Poland,7617.82,6/3/2024,Trilia,Travel,sit amet lobortis sapien sapien non mi integer ac neque duis bibendum morbi non quam nec dui luctus rutrum nulla,Purchase,PLN,1.5549,6359.89,7/18/2028,Declined,a suscipit nulla elit ac nulla sed vel enim sit amet nunc viverra dapibus nulla suscipit ligula in lacus curabitur,Muxo,curabitur at ipsum ac tellus semper interdum mauris ullamcorper purus sit amet nulla quisque arcu libero rutrum ac lobortis vel,Moore Kellick,mkellickdn@squarespace.com,413-645-1360,0268 Northridge Crossing,Log pri Brezovici,,1358
493,6304085937052547,Mastercard,1/7/2023,238,Lyell Hartless,9 Colorado Circle,Vanderhoof,BC,G9A,Canada,3303.53,2/22/2027,Eimbee,Dining,amet consectetuer adipiscing elit proin risus praesent lectus vestibulum quam sapien varius ut blandit non interdum in ante vestibulum,Purchase,CAD,1.9044,2459.88,1/12/2027,Approved,pulvinar nulla pede ullamcorper augue a suscipit nulla elit ac nulla sed vel,Midel,fermentum justo nec condimentum neque sapien placerat ante nulla justo aliquam,Morrie Gillinghams,mgillinghamsdo@washingtonpost.com,347-791-1249,5 Superior Crossing,Talisayan,,9012
494,3553561605266382,Mastercard,11/24/2022,285,Matthus Beadell,48599 Butterfield Court,Liješnica,,,Bosnia and Herzegovina,5487.83,2/10/2027,Linkbridge,Retail,augue vestibulum ante ipsum primis in faucibus orci luctus et ultrices,Refund,BAM,1.6887,3647.68,10/29/2023,Pending,ipsum praesent blandit lacinia erat vestibulum sed magna at nunc commodo placerat praesent blandit nam nulla integer,Latz,justo in hac habitasse platea dictumst etiam faucibus cursus urna ut tellus,Bendicty Labbez,blabbezdp@businessinsider.com,588-426-8025,924 Susan Street,Ādīs Zemen,,
495,30232480880783,Mastercard,2/16/2026,625,Ced Haborn,7 Mitchell Street,Terny,,,Ukraine,1995.28,9/10/2023,Demivee,Entertainment,morbi odio odio elementum eu interdum eu tincidunt in leo maecenas pulvinar lobortis est phasellus,Purchase,UAH,1.8186,2752.9,12/8/2028,Declined,ut tellus nulla ut erat id mauris vulputate elementum nullam varius nulla facilisi cras non velit nec,Realfire,id nisl venenatis lacinia aenean sit amet justo morbi ut odio cras mi,Carissa McKoy,cmckoydq@plala.or.jp,171-660-3681,74259 Laurel Lane,Rawuk,,
496,30316255551099,American Express,5/29/2030,982,Jocelin McNickle,917 Mosinee Place,Huanxi,,,China,5625.4,9/9/2022,Realcube,Dining,erat fermentum justo nec condimentum neque sapien placerat ante nulla justo aliquam quis,Purchase,CNY,0.8079,860.5,12/4/2027,Approved,dolor vel est donec odio justo sollicitudin ut suscipit a feugiat et eros vestibulum ac est lacinia,Avaveo,vulputate vitae nisl aenean lectus pellentesque eget nunc donec quis orci eget,Clemence Klejna,cklejnadr@xrea.com,697-652-7260,603 Dwight Alley,Heshang,,
497,3548528437532354,American Express,2/1/2025,737,Adella Sambiedge,45 Bayside Parkway,Vityazevo,,353421,Russia,1906.53,7/18/2030,DabZ,Dining,nulla sed vel enim sit amet nunc viverra dapibus nulla suscipit ligula in lacus,Cash Advance,RUB,1.9228,4381.1,3/16/2024,Approved,a odio in hac habitasse platea dictumst maecenas ut massa quis augue luctus tincidunt nulla mollis molestie lorem,Latz,dui vel sem sed sagittis nam congue risus semper porta volutpat quam pede lobortis,Mair Manders,mmandersds@oaic.gov.au,881-929-3030,6 Barnett Hill,Rancasadang,,
498,4917573820339067,American Express,5/6/2028,134,Shaun Wakelam,47 Hoard Junction,Shuangcheng,,,China,2502.7,6/16/2026,Realbuzz,Dining,tellus in sagittis dui vel nisl duis ac nibh fusce lacus purus aliquet at feugiat non pretium quis lectus suspendisse,Purchase,CNY,1.1024,6619.85,8/25/2026,Approved,pellentesque at nulla suspendisse potenti cras in purus eu magna vulputate luctus,Tekfly,euismod scelerisque quam turpis adipiscing lorem vitae mattis nibh ligula,Maurene Bahike,mbahikedt@yale.edu,471-415-8385,7836 Boyd Place,Łopuszna,,34-432
499,5575980137896996,American Express,7/4/2029,967,Yettie Ianittello,168 Green Hill,Qinghaihu,,,China,8124.19,5/18/2024,Quamba,Travel,quam suspendisse potenti nullam porttitor lacus at turpis donec posuere metus vitae,Purchase,CNY,1.4349,463.82,3/27/2022,Pending,massa tempor convallis nulla neque libero convallis eget eleifend luctus ultricies eu,Skynoodle,duis mattis egestas metus aenean fermentum donec ut mauris eget massa tempor convallis nulla,Fitzgerald MacIver,fmaciverdu@facebook.com,463-996-4025,8 Waubesa Parkway,Loudun,B7,86206 CEDEX
500,5007668947087355,Visa,5/14/2022,419,Dallis Hearons,56 Weeping Birch Lane,Boafeo,,,Indonesia,5541.17,4/24/2022,Meezzy,Travel,aliquam augue quam sollicitudin vitae consectetuer eget rutrum at lorem integer tincidunt ante,Purchase,IDR,0.8294,6772.2,9/12/2023,Approved,vel nulla eget eros elementum pellentesque quisque porta volutpat erat quisque erat eros viverra eget congue,Lazzy,interdum eu tincidunt in leo maecenas pulvinar lobortis est phasellus sit amet erat nulla tempus vivamus in felis eu sapien,Denys Barlie,dbarliedv@quantcast.com,205-442-8603,0569 Morningstar Road,Agía Paraskeví,,
501,5610703299537106378,American Express,2/11/2026,149,Arni Pinkney,7925 Mandrake Court,Fresnes,A8,94269 CEDEX,France,960.8,6/28/2029,Meemm,Travel,consequat lectus in est risus auctor sed tristique in tempus sit,Cash Advance,EUR,1.1419,535.25,1/10/2027,Approved,velit eu est congue elementum in hac habitasse platea dictumst,Kanoodle,aenean auctor gravida sem praesent id massa id nisl venenatis lacinia aenean sit amet justo morbi ut,Aubrey Cowsby,acowsbydw@biblegateway.com,814-732-2339,13 Autumn Leaf Terrace,Sergiyev Posad,,141309
502,30226137223249,Visa,3/10/2029,735,Branden Blowick,4 Norway Maple Point,Oslo,03,0102,Norway,1496.27,2/17/2027,Demizz,Entertainment,ultrices aliquet maecenas leo odio condimentum id luctus nec molestie sed justo pellentesque viverra pede ac diam cras,Purchase,NOK,1.9486,5403.5,8/15/2025,Declined,varius integer ac leo pellentesque ultrices mattis odio donec vitae nisi nam ultrices libero non,Minyx,ultrices posuere cubilia curae donec pharetra magna vestibulum aliquet ultrices erat tortor sollicitudin mi sit amet lobortis sapien sapien non,Tyne Lloyds,tlloydsdx@wsj.com,747-996-3153,1 Ridgeway Court,Savyon,,
503,67094040510922737,Mastercard,5/6/2023,215,Moina Nigh,1 Tomscot Hill,Katur,,,Indonesia,3577.41,6/23/2025,Minyx,Dining,ornare consequat lectus in est risus auctor sed tristique in tempus,Refund,IDR,1.4699,5128.98,11/3/2028,Declined,nisl venenatis lacinia aenean sit amet justo morbi ut odio cras mi pede malesuada in imperdiet et commodo vulputate,Yakijo,erat vestibulum sed magna at nunc commodo placerat praesent blandit nam nulla integer pede justo,Jenica Serman,jsermandy@washingtonpost.com,298-298-8871,915 Prairieview Trail,Kakata,,
504,6393972297914295,Mastercard,11/4/2026,328,Antonina Kelston,922 Sachs Avenue,Qunsheng,,,China,9415.44,10/25/2024,Photobug,Retail,vehicula condimentum curabitur in libero ut massa volutpat convallis morbi odio odio elementum eu interdum eu tincidunt in,Refund,CNY,1.1901,1615.7,4/19/2027,Declined,nisi venenatis tristique fusce congue diam id ornare imperdiet sapien urna pretium nisl ut volutpat sapien arcu sed,Talane,porttitor lacus at turpis donec posuere metus vitae ipsum aliquam non mauris morbi non lectus aliquam sit amet diam in,Greggory Freeth,gfreethdz@bravesites.com,181-571-0212,28220 Helena Junction,Liuzhi,,
505,201950581034967,American Express,12/13/2026,403,Sella Ure,749 Old Shore Drive,Whitehorse,YT,Y1A,Canada,699.96,4/28/2023,Feedfish,Entertainment,orci luctus et ultrices posuere cubilia curae nulla dapibus dolor vel est donec odio,Cash Advance,CAD,1.1104,1059.75,7/6/2023,Approved,rhoncus aliquam lacus morbi quis tortor id nulla ultrices aliquet,Thoughtbridge,dui nec nisi volutpat eleifend donec ut dolor morbi vel lectus in quam fringilla rhoncus mauris enim leo rhoncus,Margette Fochs,mfochse0@time.com,497-570-7272,277 Boyd Point,Kastsyukowka,,
506,201750586629351,Mastercard,7/31/2028,325,Brooke Cathery,423 Summit Circle,Tuti,,,Peru,2436.24,12/1/2030,Skimia,Travel,nulla quisque arcu libero rutrum ac lobortis vel dapibus at diam nam tristique tortor eu,Cash Advance,PEN,1.3914,5066.02,9/29/2025,Pending,amet erat nulla tempus vivamus in felis eu sapien cursus vestibulum proin eu mi nulla ac enim in tempor,Photolist,nulla tellus in sagittis dui vel nisl duis ac nibh fusce lacus purus,Andy LeEstut,aleestute1@archive.org,457-805-4058,691 Sutherland Avenue,Lapu-Lapu City,,6015
507,5602252371718659,Visa,9/11/2025,373,Genevra Lowdham,4 Village Green Crossing,Camacha,31,9135-054,Portugal,7368.84,3/29/2027,Meemm,Entertainment,vel ipsum praesent blandit lacinia erat vestibulum sed magna at nunc commodo placerat praesent blandit nam nulla integer pede justo,Purchase,EUR,1.7375,640.65,8/28/2023,Pending,id justo sit amet sapien dignissim vestibulum vestibulum ante ipsum primis in faucibus orci luctus et ultrices posuere cubilia curae,JumpXS,tempor convallis nulla neque libero convallis eget eleifend luctus ultricies eu nibh quisque id justo sit amet sapien dignissim,Davidde Folke,dfolkee2@ox.ac.uk,830-798-1012,6605 1st Drive,Hongqi,,
508,4905146243150074,Mastercard,2/12/2029,488,Wittie Felton,0 Dwight Plaza,Rajūzah,,,Yemen,658.73,6/30/2022,Tagchat,Dining,quis turpis sed ante vivamus tortor duis mattis egestas metus,Cash Advance,YER,1.075,7347.44,12/20/2022,Pending,commodo vulputate justo in blandit ultrices enim lorem ipsum dolor sit amet consectetuer adipiscing elit proin,Rhynoodle,ac diam cras pellentesque volutpat dui maecenas tristique est et tempus semper est quam pharetra magna ac consequat,Geno Leas,glease3@scientificamerican.com,829-665-1020,22 Delaware Circle,Kabac,,6052
509,5002353229355607,Visa,6/8/2030,479,Katherina Baelde,10 Vidon Terrace,Sekampung,,,Indonesia,1610.85,10/26/2022,Brainbox,Entertainment,justo lacinia eget tincidunt eget tempus vel pede morbi porttitor lorem id ligula suspendisse ornare,Cash Advance,IDR,1.2695,3608.12,12/10/2025,Pending,suspendisse ornare consequat lectus in est risus auctor sed tristique,Eidel,mauris viverra diam vitae quam suspendisse potenti nullam porttitor lacus at turpis donec,Solomon Leijs,sleijse4@epa.gov,277-689-4631,965 Tomscot Center,Tanagara,,
510,5142859868128692,Mastercard,12/15/2027,425,Wilmer Wickman,52 Coleman Place,Mawang,,,China,4442.71,8/4/2028,Blognation,Entertainment,aliquam erat volutpat in congue etiam justo etiam pretium iaculis justo in hac habitasse,Cash Advance,CNY,1.1637,8834.91,10/28/2024,Declined,praesent lectus vestibulum quam sapien varius ut blandit non interdum in ante vestibulum ante,Tagpad,iaculis justo in hac habitasse platea dictumst etiam faucibus cursus urna,Coriss Gabriely,cgabrielye5@technorati.com,965-611-7870,516 Schmedeman Alley,Guandian,,
511,676766267831526351,American Express,5/14/2027,227,Carl Senior,264 Stephen Way,Lawdar,,,Yemen,995.52,7/9/2029,Skimia,Dining,sapien cum sociis natoque penatibus et magnis dis parturient montes nascetur ridiculus mus etiam vel augue,Cash Advance,YER,1.0005,8757.91,6/2/2025,Declined,molestie sed justo pellentesque viverra pede ac diam cras pellentesque volutpat,Yozio,eget massa tempor convallis nulla neque libero convallis eget eleifend luctus ultricies,Hilton Jillitt,hjillitte6@homestead.com,948-664-3800,335 Raven Junction,Kadumelati,,
512,3530067275891275,Mastercard,1/1/2026,875,Keelia Holston,3 High Crossing Drive,Curiapo,,,Venezuela,4120.11,10/24/2023,InnoZ,Travel,pharetra magna ac consequat metus sapien ut nunc vestibulum ante ipsum primis in faucibus orci,Purchase,VEF,0.8096,4901.76,7/24/2023,Approved,bibendum imperdiet nullam orci pede venenatis non sodales sed tincidunt eu felis fusce posuere,Photobug,risus auctor sed tristique in tempus sit amet sem fusce consequat nulla nisl nunc nisl duis bibendum felis sed interdum,Kellby Krysztowczyk,kkrysztowczyke7@nature.com,622-323-2540,5 Lawn Point,Varginha,,37000-000
513,3586508551472515,Visa,11/22/2025,611,Celestia Gooderson,08362 Dapin Circle,Calvário,03,4820-449,Portugal,4297.01,10/28/2029,Voolia,Entertainment,congue vivamus metus arcu adipiscing molestie hendrerit at vulputate vitae,Cash Advance,EUR,1.6653,9339.96,12/5/2028,Approved,tortor id nulla ultrices aliquet maecenas leo odio condimentum id luctus nec molestie sed justo pellentesque,Tagfeed,dapibus duis at velit eu est congue elementum in hac habitasse platea dictumst morbi vestibulum velit id pretium iaculis,Cathyleen Marchbank,cmarchbanke8@wordpress.com,529-200-0643,17876 Moose Pass,Ban Haet,,10700
514,3569199988265796,Visa,2/11/2022,778,Emlynn Tulloch,70262 Magdeline Alley,Raoshi,,,China,541.13,5/24/2030,Rooxo,Travel,vulputate nonummy maecenas tincidunt lacus at velit vivamus vel nulla eget eros elementum,Purchase,CNY,1.1688,5977.22,12/28/2023,Pending,metus vitae ipsum aliquam non mauris morbi non lectus aliquam sit,Gigazoom,ipsum praesent blandit lacinia erat vestibulum sed magna at nunc commodo placerat praesent blandit nam,Olimpia Thoumas,othoumase9@pinterest.com,268-158-8108,34 Linden Alley,Kruševac,,
515,670650124824202049,Mastercard,8/28/2025,575,Kaleena Simecek,3894 Gerald Point,Razumnoye,,309276,Russia,465.29,5/23/2022,Zoombox,Retail,nisi venenatis tristique fusce congue diam id ornare imperdiet sapien urna pretium nisl ut volutpat sapien,Refund,RUB,1.7568,4028.74,8/22/2026,Approved,turpis donec posuere metus vitae ipsum aliquam non mauris morbi non lectus aliquam sit amet diam in magna,Wikido,elit ac nulla sed vel enim sit amet nunc viverra dapibus nulla,Patton Lindenstrauss,plindenstraussea@tripod.com,853-278-4717,5704 Waubesa Place,Louisville,KY,40293
516,201955323786428,Visa,12/1/2022,807,Clint Paike,6 Comanche Lane,Wanagiri,,,Indonesia,1962.1,11/18/2025,Babbleopia,Travel,nibh in hac habitasse platea dictumst aliquam augue quam sollicitudin,Refund,IDR,1.1939,4008.41,12/5/2025,Approved,massa volutpat convallis morbi odio odio elementum eu interdum eu tincidunt in leo,Buzzdog,turpis nec euismod scelerisque quam turpis adipiscing lorem vitae mattis,Fidole Flint,fflinteb@ihg.com,472-152-0760,88617 Spaight Drive,Bartniczka,,87-321
517,3538654456790137,Mastercard,5/28/2028,710,Hyacinthe Huygens,59 Hoffman Circle,Berlin,BE,10179,Germany,3927.13,6/14/2026,Vipe,Dining,ultrices posuere cubilia curae mauris viverra diam vitae quam suspendisse potenti nullam porttitor lacus at,Purchase,EUR,0.5749,3755.24,8/22/2027,Pending,sapien sapien non mi integer ac neque duis bibendum morbi non quam nec dui,Meevee,proin interdum mauris non ligula pellentesque ultrices phasellus id sapien in sapien iaculis congue vivamus metus,Blane Brixey,bbrixeyec@bing.com,261-669-7444,63 Badeau Lane,Los Santos,,
518,3585393331919841,Visa,2/8/2024,928,Tyrus Anscott,4 Rutledge Avenue,Itaituba,,68180-000,Brazil,5778.58,11/16/2030,Aivee,Travel,neque sapien placerat ante nulla justo aliquam quis turpis eget elit sodales scelerisque mauris sit,Purchase,BRL,1.8235,3027.41,8/21/2028,Pending,ut nunc vestibulum ante ipsum primis in faucibus orci luctus et ultrices posuere,Mydo,neque libero convallis eget eleifend luctus ultricies eu nibh quisque id justo sit amet sapien dignissim vestibulum vestibulum,Cassie Croxley,ccroxleyed@bloglovin.com,619-608-1765,379 Lyons Terrace,Aplahoué,,
519,3583394066949344,American Express,5/30/2028,257,Bordie Pottberry,638 Starling Junction,Hongshanyao,,,China,2846.07,10/18/2029,Zooxo,Entertainment,sed lacus morbi sem mauris laoreet ut rhoncus aliquet pulvinar sed,Purchase,CNY,1.7907,508.79,6/20/2022,Declined,nulla suscipit ligula in lacus curabitur at ipsum ac tellus,Thoughtstorm,tincidunt nulla mollis molestie lorem quisque ut erat curabitur gravida nisi at nibh in hac habitasse platea dictumst aliquam augue,Bernhard Barnish,bbarnishee@google.com.br,913-394-6607,12 East Way,Bagong Pagasa,,1477
520,3586139474461482,American Express,3/3/2026,651,Lindsey Balazs,086 Blue Bill Park Place,Jifeng,,,China,240.92,1/9/2030,Jatri,Dining,tincidunt eu felis fusce posuere felis sed lacus morbi sem mauris laoreet ut rhoncus aliquet pulvinar sed nisl nunc,Cash Advance,CNY,0.8507,1268.24,3/11/2023,Approved,diam neque vestibulum eget vulputate ut ultrices vel augue vestibulum ante ipsum primis in faucibus,Feedmix,gravida sem praesent id massa id nisl venenatis lacinia aenean sit amet justo morbi,Maddie Hrinchishin,mhrinchishinef@washingtonpost.com,309-791-9139,507 Sherman Lane,Okinawa,,904-2244
521,201768765710214,Visa,5/18/2027,439,Layla Poveleye,9307 Nova Terrace,Navatat,,0905,Philippines,972.07,8/5/2025,Eire,Retail,erat eros viverra eget congue eget semper rutrum nulla nunc purus phasellus,Purchase,PHP,1.5739,2492.86,9/9/2024,Approved,sagittis dui vel nisl duis ac nibh fusce lacus purus aliquet at feugiat non pretium quis lectus suspendisse potenti,Wordware,non quam nec dui luctus rutrum nulla tellus in sagittis dui,Izabel Hachette,ihachetteeg@msu.edu,386-262-5064,93442 Memorial Avenue,Shumikhinskiy,,618283
522,5602215933380128,Visa,9/19/2030,689,Jarrod Doctor,80556 Dennis Junction,Malian,,,China,2686.01,3/29/2030,Edgepulse,Travel,id ligula suspendisse ornare consequat lectus in est risus auctor sed tristique in,Refund,CNY,0.7089,9009.77,12/17/2027,Declined,eleifend pede libero quis orci nullam molestie nibh in lectus pellentesque at nulla suspendisse potenti cras in purus,Flashdog,non quam nec dui luctus rutrum nulla tellus in sagittis dui vel nisl duis ac nibh,Ebba Malcolmson,emalcolmsoneh@huffingtonpost.com,557-318-8046,82 Lake View Drive,Bordeaux,97,33100
523,670903257724412659,Visa,7/18/2022,124,Glen Speight,59 Bunker Hill Point,Skinnskatteberg,U,739 30,Sweden,2757.6,7/30/2028,Divape,Retail,enim blandit mi in porttitor pede justo eu massa donec dapibus duis at velit,Purchase,SEK,1.9298,7065.99,2/3/2028,Declined,semper rutrum nulla nunc purus phasellus in felis donec semper sapien a libero nam,Devshare,aenean lectus pellentesque eget nunc donec quis orci eget orci vehicula condimentum curabitur in libero ut massa volutpat,Aurelia Birdall,abirdallei@wired.com,901-793-0436,9198 Holy Cross Lane,Upper San Mateo,,9406
524,3576070289672371,Mastercard,7/9/2026,778,Godfrey Shrimpling,07464 Arkansas Avenue,Mi’ersi,,,China,3064.61,12/6/2023,Mynte,Dining,elit proin interdum mauris non ligula pellentesque ultrices phasellus id sapien in sapien iaculis congue vivamus,Cash Advance,CNY,1.1242,1043.99,4/29/2030,Declined,molestie nibh in lectus pellentesque at nulla suspendisse potenti cras in purus eu magna vulputate,Bluezoom,pharetra magna ac consequat metus sapien ut nunc vestibulum ante ipsum primis in,Sarine Dykes,sdykesej@sohu.com,744-861-0895,7 Farragut Street,Donggaocun,,
525,5020981337697956870,Visa,3/4/2024,799,Kelci Stiegars,3989 Tennyson Pass,Solina,,,Bosnia and Herzegovina,7005.75,3/3/2027,Shuffledrive,Travel,interdum mauris non ligula pellentesque ultrices phasellus id sapien in sapien iaculis congue vivamus metus arcu adipiscing,Refund,BAM,1.1174,7125.72,4/21/2023,Approved,platea dictumst morbi vestibulum velit id pretium iaculis diam erat,Brightdog,molestie sed justo pellentesque viverra pede ac diam cras pellentesque volutpat dui maecenas tristique est et tempus semper est quam,Arlinda Osbaldeston,aosbaldestonek@amazon.co.jp,296-382-4146,59 Cordelia Junction,Nankou,,
526,5602214577778119,Visa,8/27/2025,131,Diego Yakushkev,71 Prairie Rose Park,Malbork,,82-210,Poland,1443.34,1/10/2028,Babbleopia,Travel,sapien in sapien iaculis congue vivamus metus arcu adipiscing molestie hendrerit at,Cash Advance,PLN,0.9553,5307.07,12/20/2028,Pending,quis tortor id nulla ultrices aliquet maecenas leo odio condimentum id luctus nec molestie sed justo pellentesque viverra,Gevee,leo odio condimentum id luctus nec molestie sed justo pellentesque viverra pede ac diam,Eartha Mettrick,emettrickel@theguardian.com,271-152-5496,4 Jackson Way,Barão de Melgaço,,78190-000
527,374288593538241,Visa,7/27/2026,597,Vic Gonneau,70 Jay Park,Santana do Livramento,,97570-000,Brazil,9380.63,9/7/2024,Blognation,Retail,in imperdiet et commodo vulputate justo in blandit ultrices enim lorem ipsum dolor,Refund,BRL,0.7699,2523.18,2/2/2022,Declined,feugiat et eros vestibulum ac est lacinia nisi venenatis tristique fusce congue,Flashset,vel est donec odio justo sollicitudin ut suscipit a feugiat et eros vestibulum ac est lacinia nisi venenatis,Opal Copeman,ocopemanem@devhub.com,187-872-8838,3 Towne Terrace,Henghe,,
528,6333115469596188282,Mastercard,2/23/2030,735,Bili Armiger,70 Rusk Center,Si That,,41230,Thailand,4024.03,7/13/2030,Pixoboo,Entertainment,sapien cum sociis natoque penatibus et magnis dis parturient montes nascetur ridiculus mus,Purchase,THB,1.5787,5772.67,4/4/2028,Pending,pharetra magna ac consequat metus sapien ut nunc vestibulum ante,Tagcat,vestibulum aliquet ultrices erat tortor sollicitudin mi sit amet lobortis sapien sapien non,Emmanuel Lattka,elattkaen@omniture.com,701-267-6025,8106 Westport Crossing,Zamoskvorech’ye,,142817
529,201755427134909,American Express,3/2/2023,758,Griffie Gheorghe,4 Butterfield Road,Loangmaka,,,Indonesia,8777.48,1/12/2028,Yoveo,Dining,consequat dui nec nisi volutpat eleifend donec ut dolor morbi vel lectus in quam fringilla rhoncus mauris,Refund,IDR,0.7963,5716.34,9/14/2024,Pending,et ultrices posuere cubilia curae duis faucibus accumsan odio curabitur convallis duis consequat dui,Demizz,maecenas ut massa quis augue luctus tincidunt nulla mollis molestie lorem quisque ut,Hastie Morlon,hmorloneo@dedecms.com,346-248-6502,53 Mifflin Center,Bayabas,,8303
530,3533132931487061,Visa,10/26/2028,120,Gus Bragg,95825 Melrose Avenue,Krechevitsy,,346020,Russia,8313.07,5/11/2022,Kwimbee,Entertainment,odio odio elementum eu interdum eu tincidunt in leo maecenas pulvinar lobortis est phasellus sit amet erat nulla tempus,Purchase,RUB,0.5691,4073.71,9/14/2029,Approved,lorem integer tincidunt ante vel ipsum praesent blandit lacinia erat vestibulum sed magna at nunc commodo placerat praesent blandit,Browseblab,velit nec nisi vulputate nonummy maecenas tincidunt lacus at velit vivamus vel nulla,John Duffil,jduffilep@soundcloud.com,418-745-4196,97062 Anthes Circle,Sungai Nyamuk,,
531,3543909691412563,Visa,3/2/2028,813,Dur Faichney,05 Algoma Terrace,Zhuxi,,,China,9915.14,7/12/2023,Skajo,Entertainment,felis sed interdum venenatis turpis enim blandit mi in porttitor pede,Refund,CNY,0.7914,3371.29,12/3/2027,Declined,ultrices posuere cubilia curae nulla dapibus dolor vel est donec odio,Jabbertype,ac tellus semper interdum mauris ullamcorper purus sit amet nulla quisque arcu libero rutrum ac lobortis vel,Mendel Aneley,maneleyeq@feedburner.com,875-454-8914,3257 Loftsgordon Hill,Smidary,,503 53
532,5602250835976715,American Express,1/25/2023,264,Kynthia Babinski,37 Gale Place,Changtu,,,China,2265.24,12/15/2029,Eire,Dining,gravida sem praesent id massa id nisl venenatis lacinia aenean sit,Cash Advance,CNY,1.3588,6062.58,12/3/2024,Approved,id justo sit amet sapien dignissim vestibulum vestibulum ante ipsum primis in faucibus orci luctus et ultrices,Camimbo,integer ac leo pellentesque ultrices mattis odio donec vitae nisi,Zorah Juanes,zjuaneser@printfriendly.com,754-803-2400,13629 Corry Drive,Caicara,,
533,3552224296444401,Mastercard,6/5/2022,985,Dal Bertot,23489 Graedel Way,Mujur Satu,,,Indonesia,1389.92,5/2/2030,Demivee,Dining,nunc donec quis orci eget orci vehicula condimentum curabitur in libero ut massa volutpat convallis morbi odio odio elementum eu,Purchase,IDR,1.2432,1903.82,1/1/2024,Approved,duis mattis egestas metus aenean fermentum donec ut mauris eget massa tempor,Mycat,non mi integer ac neque duis bibendum morbi non quam,Robbyn Merton,rmertones@tmall.com,301-468-7029,970 Iowa Park,Taloqan,,
534,3536929932796144,American Express,1/9/2030,804,Nadya Reoch,42662 Grayhawk Lane,Dengfeng,,,China,5267.57,12/17/2026,Rhynoodle,Dining,tempor convallis nulla neque libero convallis eget eleifend luctus ultricies eu nibh quisque id,Cash Advance,CNY,0.8826,1783.73,4/27/2027,Approved,nisl nunc rhoncus dui vel sem sed sagittis nam congue risus,Realblab,sem fusce consequat nulla nisl nunc nisl duis bibendum felis sed interdum venenatis turpis,Adriane Thornewell,athornewellet@t-online.de,911-723-8482,7 Thackeray Crossing,Lębork,,84-310
535,5602234159799537352,American Express,11/30/2024,444,Philis Willmott,34 Clarendon Point,Lloque,,,Peru,8312.04,10/12/2023,Oyoba,Dining,risus praesent lectus vestibulum quam sapien varius ut blandit non interdum in ante vestibulum ante ipsum primis in,Refund,PEN,1.0017,5207.34,2/2/2025,Pending,sapien urna pretium nisl ut volutpat sapien arcu sed augue aliquam erat volutpat in,Realblab,libero convallis eget eleifend luctus ultricies eu nibh quisque id justo sit amet,Alejandro Dripp,adrippeu@mapy.cz,876-749-5572,6 Pond Park,Ning’an,,
536,5568360736120453,Mastercard,5/6/2029,148,Karly Edmead,470 Sunbrook Park,Banī Khaddāsh,,,Tunisia,1065.51,3/11/2030,Centidel,Retail,risus auctor sed tristique in tempus sit amet sem fusce consequat nulla nisl nunc,Cash Advance,TND,0.6646,3083.92,5/2/2024,Approved,consequat dui nec nisi volutpat eleifend donec ut dolor morbi vel,Realbuzz,ipsum praesent blandit lacinia erat vestibulum sed magna at nunc commodo placerat praesent blandit,Ainsley Arrighi,aarrighiev@shareasale.com,611-815-5273,4 Kingsford Place,Calimete,,
537,0604158395842608567,Mastercard,8/9/2028,939,Lew Salleir,15109 South Way,Haputale,,90160,Sri Lanka,4387.83,4/15/2023,Wikizz,Dining,vitae ipsum aliquam non mauris morbi non lectus aliquam sit amet diam in magna bibendum,Refund,LKR,1.7874,7606.5,2/6/2027,Declined,congue etiam justo etiam pretium iaculis justo in hac habitasse,Riffwire,hac habitasse platea dictumst maecenas ut massa quis augue luctus tincidunt,Darci Ebben,debbenew@free.fr,361-172-7218,6 Packers Court,Topeka,KS,66611
538,3554157130549365,American Express,5/28/2030,339,Chickie Rabley,1469 Mayfield Junction,Acli,,1470,Philippines,7365.08,8/8/2026,Livefish,Retail,suscipit a feugiat et eros vestibulum ac est lacinia nisi venenatis tristique fusce congue diam id ornare imperdiet,Refund,PHP,1.5222,7905.86,3/9/2030,Pending,amet eleifend pede libero quis orci nullam molestie nibh in lectus pellentesque,Plajo,fusce congue diam id ornare imperdiet sapien urna pretium nisl ut volutpat sapien arcu sed,Diane-marie Toleman,dtolemanex@purevolume.com,658-964-4182,3953 Buena Vista Alley,Jiulonggang,,
539,3580833533406936,Visa,5/28/2028,832,Dex Andrioli,6631 Novick Terrace,Venëv,,301320,Russia,2416.94,11/15/2028,Mydo,Travel,nibh quisque id justo sit amet sapien dignissim vestibulum vestibulum ante,Refund,RUB,1.9969,8584.86,12/2/2023,Pending,id luctus nec molestie sed justo pellentesque viverra pede ac diam cras pellentesque,Zoombox,nulla sed vel enim sit amet nunc viverra dapibus nulla suscipit ligula in lacus curabitur at ipsum ac,Alexa Blundin,ablundiney@hp.com,257-360-8242,33 Grasskamp Crossing,Massakory,,
540,3584509594497727,Mastercard,1/14/2029,834,Cole Georgins,6 Burning Wood Park,Kongwan,,,China,4117.64,12/31/2029,Trilia,Retail,nunc viverra dapibus nulla suscipit ligula in lacus curabitur at ipsum ac tellus semper,Refund,CNY,0.5097,7391.53,9/3/2028,Approved,curabitur gravida nisi at nibh in hac habitasse platea dictumst aliquam augue quam sollicitudin vitae consectetuer,Mudo,consequat dui nec nisi volutpat eleifend donec ut dolor morbi vel,Christean Priest,cpriestez@upenn.edu,340-894-1768,3375 Manufacturers Alley,Ogawa,,989-2471
541,5018325372782060,Visa,9/8/2028,898,Daryle Perri,2 Glendale Pass,Peliyagoda,,11830,Sri Lanka,8371.9,4/4/2027,Kimia,Dining,sapien in sapien iaculis congue vivamus metus arcu adipiscing molestie hendrerit at vulputate vitae nisl,Purchase,LKR,1.3546,1227.56,11/20/2030,Pending,etiam faucibus cursus urna ut tellus nulla ut erat id mauris vulputate elementum nullam varius,Linkbuzz,nisl aenean lectus pellentesque eget nunc donec quis orci eget orci vehicula,Ragnar Leopold,rleopoldf0@xing.com,710-438-8517,654 Debs Alley,Sandouping,,
542,201565888863791,Visa,12/19/2029,936,Ryann Markie,3572 Pankratz Place,Usogorsk,,169270,Russia,6084.27,7/16/2025,Zoombox,Dining,nisl aenean lectus pellentesque eget nunc donec quis orci eget orci vehicula condimentum,Purchase,RUB,1.705,371.61,5/11/2026,Approved,justo aliquam quis turpis eget elit sodales scelerisque mauris sit amet,Meemm,massa tempor convallis nulla neque libero convallis eget eleifend luctus ultricies eu nibh quisque id justo sit amet sapien,Korrie MacCracken,kmaccrackenf1@google.pl,964-437-6981,3112 Sunbrook Center,Lexington,KY,40510
543,3553846583924643,Mastercard,5/21/2027,401,Thibaut Khadir,4 Twin Pines Point,Cimalati,,,Indonesia,293.6,8/6/2022,Topicshots,Retail,luctus tincidunt nulla mollis molestie lorem quisque ut erat curabitur gravida nisi at nibh in hac habitasse platea dictumst aliquam,Cash Advance,IDR,1.8762,8075.89,9/27/2023,Declined,justo pellentesque viverra pede ac diam cras pellentesque volutpat dui maecenas,Centimia,ut erat id mauris vulputate elementum nullam varius nulla facilisi,Gus Bushel,gbushelf2@indiatimes.com,486-585-5615,84218 Blackbird Circle,Rū-ye Sang,,
544,3582468589524502,Mastercard,10/3/2029,120,Carly Keen,0025 Homewood Circle,Ani-e,,1109,Philippines,4032.05,3/14/2025,Edgetag,Retail,sem duis aliquam convallis nunc proin at turpis a pede posuere nonummy integer non velit donec diam neque vestibulum eget,Refund,PHP,1.5882,8107.77,8/18/2028,Declined,vivamus vel nulla eget eros elementum pellentesque quisque porta volutpat erat quisque erat eros viverra eget congue eget,Zoomzone,duis ac nibh fusce lacus purus aliquet at feugiat non pretium quis lectus suspendisse potenti in,Dionysus Tack,dtackf3@github.com,221-255-6557,4 Duke Trail,Serra D'El Rei,10,2525-805
545,201444271317734,Mastercard,1/19/2022,872,Evangelia Hender,706 Logan Plaza,Lyon,B9,69488 CEDEX 03,France,4326.36,8/8/2030,Skipfire,Dining,id nulla ultrices aliquet maecenas leo odio condimentum id luctus nec molestie sed justo pellentesque viverra pede ac diam cras,Refund,EUR,1.2598,9531.79,4/5/2029,Approved,porta volutpat erat quisque erat eros viverra eget congue eget semper rutrum nulla,Skimia,amet nulla quisque arcu libero rutrum ac lobortis vel dapibus at diam nam tristique,Ragnar Shafto,rshaftof4@buzzfeed.com,822-666-9781,9 Main Parkway,Szczawno-Zdrój,,58-310
546,201849061605538,Mastercard,9/1/2028,181,Trudey Shimony,2568 Vermont Terrace,Kradinan,,,Indonesia,4404.9,6/20/2022,Wordpedia,Retail,mattis pulvinar nulla pede ullamcorper augue a suscipit nulla elit,Purchase,IDR,0.7812,8844.31,12/21/2023,Pending,adipiscing elit proin interdum mauris non ligula pellentesque ultrices phasellus id,Eare,vivamus tortor duis mattis egestas metus aenean fermentum donec ut mauris eget massa tempor convallis nulla neque,Scotty Bortolozzi,sbortolozzif5@ask.com,812-768-4325,01 Washington Point,Coronel Fabriciano,,35170-000
547,3552019697030126,Mastercard,10/19/2023,413,Aurilia Lafrentz,478 Lotheville Point,Pavshino,,416102,Russia,546.71,7/12/2029,Jaxspan,Travel,dapibus nulla suscipit ligula in lacus curabitur at ipsum ac tellus semper interdum mauris ullamcorper purus,Purchase,RUB,1.4043,7261.78,3/12/2029,Declined,dui vel sem sed sagittis nam congue risus semper porta volutpat quam pede lobortis ligula sit amet eleifend pede libero,Mydeo,felis eu sapien cursus vestibulum proin eu mi nulla ac enim in tempor turpis nec euismod,Ted Benka,tbenkaf6@cbc.ca,163-606-1334,4 Nancy Circle,Gaotieling,,
548,3567110394689695,Visa,6/20/2025,384,Edouard Hanaford,50564 Comanche Pass,Fresno,CA,93704,United States,7178.97,12/10/2027,Skimia,Dining,amet consectetuer adipiscing elit proin interdum mauris non ligula pellentesque ultrices phasellus id sapien,Purchase,USD,0.5717,684.55,11/14/2025,Declined,molestie hendrerit at vulputate vitae nisl aenean lectus pellentesque eget,Tavu,odio in hac habitasse platea dictumst maecenas ut massa quis augue luctus tincidunt nulla,Ban Hamner,bhamnerf7@behance.net,209-743-7569,16281 Doe Crossing Court,Namangan Shahri,,
549,201978548446461,American Express,8/30/2028,697,Nady Huitt,5 Old Shore Place,Unanu,,,Micronesia,3938.17,12/13/2025,Meedoo,Dining,cras mi pede malesuada in imperdiet et commodo vulputate justo in blandit ultrices enim lorem ipsum dolor sit amet,Cash Advance,USD,0.6249,9412.46,6/28/2023,Pending,consequat morbi a ipsum integer a nibh in quis justo maecenas rhoncus aliquam lacus morbi,Jetwire,sapien cursus vestibulum proin eu mi nulla ac enim in tempor turpis nec euismod,Sybil Kas,skasf8@google.co.uk,121-734-2264,38 Lotheville Plaza,Tafeng,,
550,3565207963518149,Mastercard,6/9/2024,725,Herold Buddington,52777 Northview Circle,Feondari,,,Indonesia,2959.23,2/26/2025,Realblab,Dining,at lorem integer tincidunt ante vel ipsum praesent blandit lacinia erat vestibulum sed magna at nunc commodo placerat praesent,Cash Advance,IDR,0.9129,7268.38,1/18/2024,Approved,justo maecenas rhoncus aliquam lacus morbi quis tortor id nulla ultrices aliquet,Skinix,sem duis aliquam convallis nunc proin at turpis a pede,Theda Orford,torfordf9@trellian.com,384-519-7651,699 Shelley Pass,Ewirgol,,
551,201451717738597,American Express,12/20/2027,431,Aldous Blowing,232 Packers Terrace,Karlskoga,T,691 78,Sweden,5925.35,4/11/2023,Snaptags,Entertainment,ante vel ipsum praesent blandit lacinia erat vestibulum sed magna at nunc,Purchase,SEK,0.7524,9974.32,6/21/2026,Declined,egestas metus aenean fermentum donec ut mauris eget massa tempor convallis nulla neque libero convallis eget eleifend,Kwimbee,montes nascetur ridiculus mus etiam vel augue vestibulum rutrum rutrum neque aenean auctor gravida sem praesent id,Prince Goodnow,pgoodnowfa@baidu.com,956-676-6884,2175 Montana Crossing,Valenciennes,B4,59304 CEDEX
552,4017954120394821,Mastercard,11/12/2024,445,Harlene Balasin,5934 Di Loreto Plaza,Tawangrejo,,,Indonesia,105.1,1/13/2024,Meembee,Retail,nullam orci pede venenatis non sodales sed tincidunt eu felis fusce posuere,Cash Advance,IDR,1.7776,6901.88,9/4/2023,Approved,felis sed interdum venenatis turpis enim blandit mi in porttitor,Twitterworks,ante ipsum primis in faucibus orci luctus et ultrices posuere cubilia curae mauris,Philippa Ranvoise,pranvoisefb@wordpress.org,537-483-0686,51586 Memorial Drive,Katoúna,,
553,201548974746021,American Express,3/3/2023,288,Claudine Keynes,85974 Brown Pass,Jiujianfang,,,China,5613.46,10/1/2025,Skiptube,Retail,eu est congue elementum in hac habitasse platea dictumst morbi,Refund,CNY,0.998,1299.92,8/25/2026,Declined,congue diam id ornare imperdiet sapien urna pretium nisl ut volutpat sapien arcu sed,Babbleopia,amet justo morbi ut odio cras mi pede malesuada in imperdiet,George Barock,gbarockfc@howstuffworks.com,266-708-1153,79593 Spenser Drive,Chengbei,,
554,5481377388285487,Mastercard,10/23/2022,534,Ashlin Brandino,368 Acker Pass,Taoyuan,,,China,2896.45,2/6/2025,Yadel,Travel,vitae nisi nam ultrices libero non mattis pulvinar nulla pede,Refund,CNY,1.2871,3043.33,9/1/2030,Approved,ipsum dolor sit amet consectetuer adipiscing elit proin interdum mauris non,Twitterlist,ac enim in tempor turpis nec euismod scelerisque quam turpis adipiscing,Angy Kasper,akasperfd@spiegel.de,711-669-1982,28 Morrow Junction,Stockholm,AB,114 84
555,3559340732095632,Mastercard,9/29/2028,509,Tawnya Mew,0 Nobel Crossing,Qorovulbozor,,,Uzbekistan,2860.45,10/22/2025,Jayo,Retail,posuere metus vitae ipsum aliquam non mauris morbi non lectus aliquam sit amet diam in magna bibendum imperdiet,Cash Advance,UZS,0.5794,9633.32,10/21/2029,Declined,luctus cum sociis natoque penatibus et magnis dis parturient montes nascetur ridiculus mus vivamus vestibulum sagittis sapien cum,Voomm,potenti nullam porttitor lacus at turpis donec posuere metus vitae ipsum,Ephraim Nosworthy,enosworthyfe@yahoo.co.jp,740-716-6278,7 Talmadge Pass,Kombolcha,,
556,6762464076626296709,Visa,5/1/2029,511,Clio Simak,327 Anderson Parkway,Toktogul,,,Kyrgyzstan,9927.9,2/23/2026,Skyndu,Dining,scelerisque mauris sit amet eros suspendisse accumsan tortor quis turpis sed ante,Cash Advance,KGS,0.9901,9212.61,12/24/2028,Declined,erat tortor sollicitudin mi sit amet lobortis sapien sapien non mi integer,Ailane,potenti in eleifend quam a odio in hac habitasse platea dictumst maecenas ut massa quis augue luctus,Regina Kittow,rkittowff@blogger.com,423-662-2587,92 6th Crossing,Liyang,,
557,3565354054937034,Visa,1/21/2029,409,Kassey Shearsby,3 Wayridge Avenue,Lubukgadang,,,Indonesia,5120.18,1/20/2030,Tazz,Travel,bibendum felis sed interdum venenatis turpis enim blandit mi in porttitor pede justo eu massa donec dapibus duis at,Cash Advance,IDR,0.6167,9693.9,3/15/2027,Pending,proin interdum mauris non ligula pellentesque ultrices phasellus id sapien in sapien iaculis congue vivamus metus arcu adipiscing,Wordtune,turpis enim blandit mi in porttitor pede justo eu massa donec dapibus duis at velit,Marlowe Champley,mchampleyfg@google.ru,589-399-4940,8 Mccormick Hill,Yurla,,619222
558,5364627263813296,Visa,12/17/2022,715,Riccardo Kleinhausen,52 Fuller Trail,Gabrovo,,5347,Bulgaria,8818.73,2/28/2028,Dazzlesphere,Retail,convallis nulla neque libero convallis eget eleifend luctus ultricies eu nibh quisque id justo sit amet sapien dignissim vestibulum vestibulum,Refund,BGN,1.1417,1245.9,12/28/2027,Pending,tincidunt eu felis fusce posuere felis sed lacus morbi sem mauris laoreet,Teklist,pede posuere nonummy integer non velit donec diam neque vestibulum eget vulputate ut ultrices vel augue vestibulum ante ipsum,Tybalt Loache,tloachefh@sitemeter.com,338-280-4455,408 Moland Plaza,Zhetian,,
559,3578935899732690,Visa,9/22/2025,743,Marcello Burditt,0 Coleman Point,Zhaocun,,,China,1021.1,4/20/2026,Twitterworks,Entertainment,non ligula pellentesque ultrices phasellus id sapien in sapien iaculis,Refund,CNY,0.7571,1709.13,8/19/2026,Declined,in sagittis dui vel nisl duis ac nibh fusce lacus purus aliquet at feugiat non pretium quis lectus suspendisse potenti,Browsecat,lacinia aenean sit amet justo morbi ut odio cras mi pede malesuada in imperdiet et commodo vulputate justo,Starlin Wolffers,swolffersfi@infoseek.co.jp,663-556-9164,6 Clove Drive,Yuxi,,
560,6763534355313212037,Visa,11/1/2029,291,Tedra McClory,99458 Lyons Trail,Sapele,,,Nigeria,6530.66,11/23/2024,DabZ,Retail,montes nascetur ridiculus mus etiam vel augue vestibulum rutrum rutrum neque aenean,Cash Advance,NGN,1.5294,5509.05,8/23/2023,Declined,eleifend luctus ultricies eu nibh quisque id justo sit amet sapien dignissim,Bluejam,nulla justo aliquam quis turpis eget elit sodales scelerisque mauris sit amet eros suspendisse accumsan,Hallsy Aronovitz,haronovitzfj@go.com,628-632-6840,8947 Susan Avenue,Ottawa,ON,J8Y
561,3579058695712615,Mastercard,11/3/2027,389,Mickey Zmitrovich,145 Shoshone Hill,Quimper,A2,29551 CEDEX 9,France,1159.8,2/4/2026,Edgetag,Travel,ligula sit amet eleifend pede libero quis orci nullam molestie nibh in lectus pellentesque at nulla suspendisse potenti cras in,Refund,EUR,0.7854,2985.09,6/16/2027,Declined,ut nulla sed accumsan felis ut at dolor quis odio consequat varius integer ac leo,Meevee,ac consequat metus sapien ut nunc vestibulum ante ipsum primis,Nelli MacGarrity,nmacgarrityfk@mashable.com,348-549-2385,97 Milwaukee Road,Jīma,,
562,5318385729736950,American Express,9/11/2023,669,Archer McGuffog,84 Harper Park,Cikotok,,,Indonesia,4469.58,10/27/2027,Photofeed,Dining,ridiculus mus vivamus vestibulum sagittis sapien cum sociis natoque penatibus et magnis dis parturient montes nascetur ridiculus mus,Purchase,IDR,1.742,3294.85,9/3/2025,Approved,vulputate justo in blandit ultrices enim lorem ipsum dolor sit amet consectetuer adipiscing elit,Kwimbee,faucibus cursus urna ut tellus nulla ut erat id mauris vulputate elementum nullam,Kassie Philippson,kphilippsonfl@elpais.com,418-236-0728,1691 Fulton Parkway,Liutan,,
563,30159640709257,Visa,5/17/2025,984,Jodie Groarty,4703 Merchant Way,Wan’an,,,China,1265.13,11/17/2023,Zoombox,Dining,ante ipsum primis in faucibus orci luctus et ultrices posuere cubilia curae duis faucibus accumsan odio curabitur convallis,Cash Advance,CNY,1.2503,2517.55,11/8/2024,Declined,volutpat dui maecenas tristique est et tempus semper est quam pharetra,Pixoboo,est risus auctor sed tristique in tempus sit amet sem fusce consequat nulla,Marika Ganiclef,mganicleffm@purevolume.com,543-965-7598,86669 Prairieview Plaza,Djibouti,,
564,3580192406619947,Mastercard,5/10/2022,114,Wanids Mullenger,884 Village Green Street,Rybnaya Sloboda,,422650,Russia,5512.13,10/6/2023,Riffwire,Travel,luctus nec molestie sed justo pellentesque viverra pede ac diam cras pellentesque volutpat dui maecenas,Cash Advance,RUB,1.5981,6909.86,10/29/2025,Declined,non mi integer ac neque duis bibendum morbi non quam nec dui luctus rutrum,Thoughtbridge,quisque erat eros viverra eget congue eget semper rutrum nulla nunc purus phasellus in felis donec semper sapien,Haley Brumfitt,hbrumfittfn@nih.gov,143-660-6186,67 Fallview Court,Letlhakeng,,
565,201746734902047,Visa,4/24/2030,918,Peadar Whitworth,1049 Mcbride Point,Breda,06,4839,Netherlands,7190.48,11/16/2028,Bluejam,Entertainment,non pretium quis lectus suspendisse potenti in eleifend quam a odio in hac habitasse platea dictumst maecenas,Refund,EUR,1.8342,9888.33,3/1/2030,Declined,elit sodales scelerisque mauris sit amet eros suspendisse accumsan tortor quis turpis sed ante vivamus tortor duis mattis,Meetz,aliquet massa id lobortis convallis tortor risus dapibus augue vel accumsan tellus nisi eu orci mauris,Heinrik McCrackem,hmccrackemfo@jimdo.com,349-382-6589,269 Armistice Park,Soriano,,
566,30408501594567,American Express,2/5/2030,104,Porty Adin,45 Dryden Trail,Yam,,142008,Russia,3395.16,4/27/2022,Geba,Retail,massa id lobortis convallis tortor risus dapibus augue vel accumsan tellus nisi eu orci mauris,Cash Advance,RUB,1.3688,7994.59,8/27/2022,Pending,tortor id nulla ultrices aliquet maecenas leo odio condimentum id luctus nec molestie sed justo pellentesque viverra,Gabtune,fermentum donec ut mauris eget massa tempor convallis nulla neque libero convallis eget eleifend luctus ultricies,Florida Marskell,fmarskellfp@goodreads.com,350-621-2607,050 Spohn Avenue,Miastko,,77-201
567,5048371871231088,Visa,1/29/2029,639,Devin Brigstock,74137 Texas Road,Māmu Kānjan,,57301,Pakistan,6991.05,5/15/2023,Buzzbean,Dining,mi nulla ac enim in tempor turpis nec euismod scelerisque quam turpis adipiscing lorem vitae mattis nibh ligula,Cash Advance,PKR,0.5222,431.87,10/21/2024,Pending,porttitor id consequat in consequat ut nulla sed accumsan felis,Izio,in hac habitasse platea dictumst maecenas ut massa quis augue luctus tincidunt nulla mollis molestie lorem,Lorrie Eggar,leggarfq@intel.com,336-321-0012,16 Clemons Junction,Pico Truncado,,9015
568,3537067582279142,American Express,7/25/2027,980,Ashli Coggan,9260 Mandrake Park,Kalibunder,,,Indonesia,5068.68,9/1/2023,Jabberstorm,Retail,sit amet sem fusce consequat nulla nisl nunc nisl duis bibendum felis,Purchase,IDR,0.5572,2451.46,1/31/2024,Approved,porttitor lacus at turpis donec posuere metus vitae ipsum aliquam non,Dazzlesphere,faucibus orci luctus et ultrices posuere cubilia curae mauris viverra diam vitae quam suspendisse potenti nullam porttitor,Megan Kepling,mkeplingfr@yahoo.co.jp,712-334-4287,77946 7th Way,Sabang,,
569,5602245440855510,Mastercard,11/9/2026,155,Yoko Sage,2031 Harbort Circle,Kulykiv,,,Ukraine,8380.51,7/14/2028,Skyba,Dining,ultrices libero non mattis pulvinar nulla pede ullamcorper augue a suscipit nulla elit ac nulla sed vel enim sit amet,Cash Advance,UAH,1.1852,9086.42,2/18/2030,Approved,duis mattis egestas metus aenean fermentum donec ut mauris eget massa tempor convallis nulla neque libero convallis,Feedspan,nibh ligula nec sem duis aliquam convallis nunc proin at turpis a,Austin Langthorn,alangthornfs@ifeng.com,296-337-8613,6202 Glendale Terrace,Stratford,ON,C1B
570,6398344765507107,American Express,9/11/2027,540,Byran Pickworth,4 Merchant Alley,Saint-Herblain,B5,44815 CEDEX,France,469.41,10/10/2029,Skyba,Travel,auctor gravida sem praesent id massa id nisl venenatis lacinia aenean sit amet justo morbi ut odio,Purchase,EUR,1.7676,5597.58,7/12/2022,Pending,amet consectetuer adipiscing elit proin interdum mauris non ligula pellentesque ultrices phasellus id sapien,Gabtype,libero nam dui proin leo odio porttitor id consequat in consequat ut nulla sed accumsan felis ut at dolor,Willi Habbershon,whabbershonft@live.com,808-362-7844,9 Scott Court,Rezovac,,33000
571,201777150152007,Mastercard,11/13/2030,235,Chas Childe,72 Meadow Ridge Place,Qingyang,,,China,1036.7,10/26/2022,Mydo,Retail,eros suspendisse accumsan tortor quis turpis sed ante vivamus tortor duis mattis egestas metus,Cash Advance,CNY,1.5963,9692.52,4/23/2026,Approved,augue vestibulum ante ipsum primis in faucibus orci luctus et ultrices posuere cubilia,Wikibox,nisl duis bibendum felis sed interdum venenatis turpis enim blandit mi in porttitor,Doy Plaschke,dplaschkefu@live.com,205-478-8738,022 Maywood Court,Akashi,,950-0084
572,3550295841039021,Mastercard,1/23/2022,812,Pamella Racher,69 Clemons Road,Hongxi,,,China,2408.38,11/22/2029,Digitube,Entertainment,nunc purus phasellus in felis donec semper sapien a libero nam dui proin,Purchase,CNY,1.7392,378.71,7/9/2027,Pending,augue luctus tincidunt nulla mollis molestie lorem quisque ut erat curabitur gravida nisi at nibh in hac habitasse platea dictumst,Tanoodle,posuere felis sed lacus morbi sem mauris laoreet ut rhoncus aliquet pulvinar sed nisl nunc rhoncus dui vel sem sed,Astrid Cereceres,acereceresfv@wordpress.org,570-858-3135,62250 Schlimgen Street,Dobřív,,338 44
573,3570023201947203,Visa,7/31/2026,524,Reeta Kinnie,86623 Hayes Place,San Miguel,,8301,Philippines,947.29,8/8/2030,Voonyx,Dining,ut odio cras mi pede malesuada in imperdiet et commodo vulputate justo in blandit ultrices enim,Refund,PHP,0.847,4379.03,9/1/2022,Pending,odio elementum eu interdum eu tincidunt in leo maecenas pulvinar lobortis est phasellus sit amet erat nulla tempus,Flipopia,in ante vestibulum ante ipsum primis in faucibus orci luctus et ultrices,Christa Foxton,cfoxtonfw@home.pl,966-658-6265,659 Amoth Plaza,Luna,,3813
574,378734025873116,Visa,9/5/2025,429,Mickie Alans,451 Rockefeller Terrace,Amaraji,,55515-000,Brazil,2998.18,10/10/2023,Dynabox,Travel,sem mauris laoreet ut rhoncus aliquet pulvinar sed nisl nunc rhoncus dui,Refund,BRL,1.9288,4645.81,1/6/2024,Pending,tempor convallis nulla neque libero convallis eget eleifend luctus ultricies eu nibh quisque,Camimbo,felis donec semper sapien a libero nam dui proin leo,Sasha Wilacot,swilacotfx@cafepress.com,320-782-9188,1794 Graedel Circle,Gudang,,
575,06043930506258825,Visa,3/27/2029,785,Mable Starking,16 Hoepker Crossing,Ariana,,,Tunisia,1933.73,9/12/2025,Yozio,Travel,ut volutpat sapien arcu sed augue aliquam erat volutpat in congue etiam justo,Purchase,TND,1.3405,3412.28,2/28/2029,Declined,odio cras mi pede malesuada in imperdiet et commodo vulputate justo,Linkbuzz,posuere felis sed lacus morbi sem mauris laoreet ut rhoncus aliquet pulvinar sed nisl nunc rhoncus dui vel sem sed,Hannah Davidwitz,hdavidwitzfy@va.gov,424-655-5576,6734 Schmedeman Trail,Villa Allende,,5105
576,3530464279440177,American Express,4/4/2029,236,Shem Molyneaux,3 Nova Park,Merke,,,Kazakhstan,4246.01,9/7/2023,Jaloo,Travel,in blandit ultrices enim lorem ipsum dolor sit amet consectetuer adipiscing elit proin interdum mauris,Refund,KZT,1.6862,365.49,4/8/2024,Approved,justo in hac habitasse platea dictumst etiam faucibus cursus urna ut tellus nulla ut erat id mauris,Zoomcast,nec dui luctus rutrum nulla tellus in sagittis dui vel nisl duis,Boote Luckett,bluckettfz@comcast.net,102-143-6750,5 Pleasure Plaza,Thị Trấn Yên Châu,,
577,201896619663873,Visa,9/16/2028,785,Art Trouncer,387 Shasta Park,San José,,40602,Costa Rica,6761.08,4/4/2030,Myworks,Retail,donec pharetra magna vestibulum aliquet ultrices erat tortor sollicitudin mi sit amet lobortis sapien sapien non mi integer,Purchase,CRC,1.8049,831.41,3/31/2025,Declined,quis libero nullam sit amet turpis elementum ligula vehicula consequat morbi a ipsum integer a nibh in quis justo maecenas,Voonix,at ipsum ac tellus semper interdum mauris ullamcorper purus sit amet nulla quisque arcu libero,Bennie Mantram,bmantramg0@stanford.edu,584-984-8705,82 Maple Wood Pass,Cali,,760050
578,36615596475452,American Express,11/7/2028,376,Wat Petruskevich,702 Sage Hill,Lianhe,,,China,9756.64,2/18/2030,Teklist,Travel,a odio in hac habitasse platea dictumst maecenas ut massa quis augue,Cash Advance,CNY,1.7898,6397.61,10/10/2024,Pending,nam dui proin leo odio porttitor id consequat in consequat ut nulla sed accumsan felis ut at,Ozu,vestibulum ac est lacinia nisi venenatis tristique fusce congue diam id ornare,Ana Gadsby,agadsbyg1@4shared.com,727-595-4453,21414 Lindbergh Hill,Saripin,,
579,30069687769983,Mastercard,5/30/2030,972,Alice Goldberg,8559 Loftsgordon Trail,Sedayulawas,,,Indonesia,1601.46,4/17/2023,Jetwire,Entertainment,ante ipsum primis in faucibus orci luctus et ultrices posuere cubilia,Purchase,IDR,0.7579,1026.32,5/24/2030,Pending,in felis donec semper sapien a libero nam dui proin leo odio porttitor id consequat in consequat,Zoonder,mi integer ac neque duis bibendum morbi non quam nec dui luctus rutrum nulla tellus in sagittis dui,Kath Marcum,kmarcumg2@comsenz.com,976-114-1410,330 Ohio Crossing,Novi Slankamen,,
580,6334505889602597,American Express,6/14/2023,469,Beatrisa Briztman,2 Mosinee Alley,Płoniawy-Bramura,,06-210,Poland,4980.55,7/20/2023,Buzzster,Entertainment,primis in faucibus orci luctus et ultrices posuere cubilia curae nulla dapibus dolor vel est donec odio,Refund,PLN,1.7114,4040.18,1/6/2023,Pending,lacus morbi quis tortor id nulla ultrices aliquet maecenas leo odio condimentum id luctus,Lajo,sed accumsan felis ut at dolor quis odio consequat varius integer ac leo pellentesque ultrices,Shea Menhci,smenhcig3@baidu.com,646-120-3429,8 Mcbride Way,Poljčane,,2319
581,3586624733361565,Mastercard,11/10/2026,970,Gail Fierman,259 Scofield Drive,Bāfq,,,Iran,9791.07,9/30/2030,Meetz,Entertainment,non mauris morbi non lectus aliquam sit amet diam in magna bibendum imperdiet nullam orci pede venenatis non sodales,Refund,IRR,1.8198,2526.69,9/17/2029,Declined,vivamus metus arcu adipiscing molestie hendrerit at vulputate vitae nisl,Demizz,ut tellus nulla ut erat id mauris vulputate elementum nullam varius nulla facilisi,Aloin Nathan,anathang4@php.net,749-454-9211,28 Packers Center,Dobczyce,,32-410
582,6395147022186133,American Express,6/19/2024,833,Basilius Cafferty,339 Algoma Pass,Rondonópolis,,78700-000,Brazil,2664.05,10/16/2024,Demimbu,Retail,vestibulum velit id pretium iaculis diam erat fermentum justo nec condimentum neque sapien placerat ante nulla,Refund,BRL,0.7149,5689.98,6/6/2022,Pending,eget eleifend luctus ultricies eu nibh quisque id justo sit amet sapien dignissim vestibulum,Jabberstorm,vivamus metus arcu adipiscing molestie hendrerit at vulputate vitae nisl aenean lectus,Kristal Kaminski,kkaminskig5@1688.com,266-135-4007,462 South Circle,Nice,B8,06182 CEDEX 2
583,5602228851421089,American Express,11/26/2023,937,Devan Milius,6 Pierstorff Street,Mudian,,,China,7629.62,8/6/2027,Thoughtsphere,Travel,posuere felis sed lacus morbi sem mauris laoreet ut rhoncus aliquet pulvinar sed nisl nunc,Cash Advance,CNY,1.398,6181.42,7/22/2023,Approved,cum sociis natoque penatibus et magnis dis parturient montes nascetur ridiculus mus etiam vel augue vestibulum rutrum rutrum,Agivu,sagittis dui vel nisl duis ac nibh fusce lacus purus aliquet at feugiat non pretium quis lectus suspendisse,Bald Pleuman,bpleumang6@xinhuanet.com,887-618-3576,0 Burning Wood Park,Xiangyang,,
584,5183795616599794,Visa,5/9/2029,299,Millard Sheldon,80638 Mccormick Junction,Sacanche,,,Peru,9918.56,6/23/2022,Jetpulse,Travel,tortor sollicitudin mi sit amet lobortis sapien sapien non mi,Purchase,PEN,1.3232,5405.14,12/9/2027,Approved,adipiscing lorem vitae mattis nibh ligula nec sem duis aliquam convallis nunc proin at turpis a pede,Tagopia,mauris sit amet eros suspendisse accumsan tortor quis turpis sed,Louisette Sante,lsanteg7@dedecms.com,186-871-9587,9 Tennyson Road,Santa Bárbara de Padrões,02,7780-460
585,3532452002132656,American Express,2/1/2027,704,Ches Cantera,171 Erie Place,Betioky,,,Madagascar,6317.84,12/7/2027,Quatz,Entertainment,erat quisque erat eros viverra eget congue eget semper rutrum nulla nunc purus phasellus,Refund,MGA,1.4188,4221.07,1/2/2022,Pending,sapien cursus vestibulum proin eu mi nulla ac enim in tempor turpis nec euismod scelerisque quam turpis adipiscing,BlogXS,leo maecenas pulvinar lobortis est phasellus sit amet erat nulla tempus vivamus in felis eu,Archibaldo Penson,apensong8@walmart.com,678-697-9387,89535 Claremont Place,Mañazo,,
586,58937657413771224,American Express,10/4/2022,403,Welbie McCafferty,60427 Mitchell Parkway,Mādabā,,,Jordan,6344.22,7/12/2022,Mybuzz,Entertainment,justo nec condimentum neque sapien placerat ante nulla justo aliquam quis turpis,Cash Advance,JOD,1.2388,7093.3,2/15/2024,Pending,interdum mauris non ligula pellentesque ultrices phasellus id sapien in sapien iaculis congue vivamus metus,Chatterpoint,bibendum morbi non quam nec dui luctus rutrum nulla tellus in,Courtnay Maldin,cmalding9@wunderground.com,137-807-9408,18 Buell Hill,Tarica,,
587,5241980891405202,American Express,8/21/2024,392,Warden Whitter,07 Gateway Pass,Pashkovskiy,,385228,Russia,1701.37,11/18/2024,Feedbug,Travel,vulputate elementum nullam varius nulla facilisi cras non velit nec nisi vulputate nonummy maecenas tincidunt lacus at velit,Cash Advance,RUB,0.8048,5243.22,3/31/2030,Declined,posuere cubilia curae donec pharetra magna vestibulum aliquet ultrices erat tortor sollicitudin mi sit amet lobortis sapien sapien non mi,Thoughtmix,ante ipsum primis in faucibus orci luctus et ultrices posuere cubilia curae nulla,Meade Carverhill,mcarverhillga@ucoz.com,569-338-5093,288 Dunning Pass,Síkinos,,
588,5602228438636076,Visa,12/6/2028,163,Tuckie Sapwell,1540 Hanson Trail,Siqiao,,,China,9965.35,9/6/2028,Camido,Retail,bibendum morbi non quam nec dui luctus rutrum nulla tellus in sagittis dui,Cash Advance,CNY,1.1632,2770.58,7/23/2025,Approved,posuere metus vitae ipsum aliquam non mauris morbi non lectus aliquam,Abatz,posuere cubilia curae nulla dapibus dolor vel est donec odio justo,Clyde Carryer,ccarryergb@aol.com,888-827-3187,435 Cambridge Pass,Créteil,A8,94009 CEDEX
589,3558110513970233,Visa,4/11/2022,532,Luise Whitchurch,5 Gina Terrace,Villa Atamisqui,,4317,Argentina,4276.86,2/21/2029,Ntag,Travel,lectus pellentesque eget nunc donec quis orci eget orci vehicula condimentum curabitur in libero ut massa volutpat convallis,Cash Advance,ARS,1.0924,193.81,11/25/2030,Pending,consectetuer eget rutrum at lorem integer tincidunt ante vel ipsum praesent blandit lacinia erat vestibulum sed magna,Quimba,sit amet turpis elementum ligula vehicula consequat morbi a ipsum integer a nibh in quis justo maecenas,Regan Androck,randrockgc@ucoz.ru,826-630-3811,7 Kedzie Way,Geghanist,,
590,3576716619934796,Visa,11/2/2028,632,Tobi Edelheit,8 Surrey Trail,Finzes,13,4785-228,Portugal,1035.02,5/6/2026,Twinder,Entertainment,augue vestibulum ante ipsum primis in faucibus orci luctus et ultrices posuere cubilia curae donec pharetra magna vestibulum,Cash Advance,EUR,0.6985,3038.23,5/7/2025,Pending,velit id pretium iaculis diam erat fermentum justo nec condimentum neque sapien,Feedspan,auctor gravida sem praesent id massa id nisl venenatis lacinia aenean sit amet justo morbi ut odio cras mi pede,Rosie Rignoldes,rrignoldesgd@house.gov,725-600-7864,73241 Darwin Plaza,Pavlohrad,,
591,3584572531748719,American Express,9/4/2028,817,Nomi Kernell,329 New Castle Hill,Quimilí,,3740,Argentina,6033.86,7/5/2027,Topiclounge,Travel,nam ultrices libero non mattis pulvinar nulla pede ullamcorper augue a suscipit nulla elit ac,Purchase,ARS,1.6218,5756.03,6/7/2027,Declined,sodales sed tincidunt eu felis fusce posuere felis sed lacus morbi sem mauris laoreet ut rhoncus aliquet pulvinar,Babbleopia,ac diam cras pellentesque volutpat dui maecenas tristique est et tempus semper est quam pharetra magna ac consequat metus,Mayor Fullalove,mfullalovege@eepurl.com,302-957-6727,388 Rowland Place,Jincheng,,
592,374288123529439,Mastercard,9/21/2028,708,Arlette Skocroft,4318 Coolidge Crossing,Bungbulang,,,Indonesia,3996.65,3/1/2023,Youbridge,Retail,sagittis dui vel nisl duis ac nibh fusce lacus purus aliquet at,Cash Advance,IDR,1.5067,7363.85,5/21/2029,Approved,sed ante vivamus tortor duis mattis egestas metus aenean fermentum donec ut mauris eget massa tempor convallis nulla neque libero,Dabfeed,justo etiam pretium iaculis justo in hac habitasse platea dictumst etiam faucibus cursus urna ut tellus nulla ut,Fabio Risely,friselygf@shinystat.com,408-916-6019,084 Kings Place,Uummannaq,,3961
593,337941686864157,American Express,6/6/2026,896,Mommy Malarkey,02 Forest Park,Muqi,,,China,621.31,3/21/2022,Photolist,Travel,nunc purus phasellus in felis donec semper sapien a libero nam dui proin leo odio porttitor id consequat,Refund,CNY,1.9088,145.79,3/15/2028,Pending,urna pretium nisl ut volutpat sapien arcu sed augue aliquam erat volutpat in congue etiam justo etiam pretium,Quatz,dui luctus rutrum nulla tellus in sagittis dui vel nisl duis ac nibh fusce lacus purus aliquet at feugiat,Kayla Buddock,kbuddockgg@bizjournals.com,779-625-8727,58 Magdeline Place,Buensuseso,,2011
594,633328060517287188,American Express,4/8/2030,229,Ira Kingswoode,6 Bluestem Crossing,Sydney South,NSW,1235,Australia,8523.64,12/19/2024,Mydeo,Entertainment,imperdiet sapien urna pretium nisl ut volutpat sapien arcu sed augue aliquam erat volutpat in congue etiam justo,Refund,AUD,1.7762,8.49,10/13/2023,Declined,ac neque duis bibendum morbi non quam nec dui luctus rutrum nulla tellus in sagittis dui vel nisl duis ac,Latz,elit proin interdum mauris non ligula pellentesque ultrices phasellus id sapien in sapien iaculis congue vivamus,Frederica Awty,fawtygh@digg.com,115-263-6819,27103 Cody Court,Mocun,,
595,4917076811749229,Mastercard,3/25/2024,807,Redd Robers,8 Emmet Center,Umbanyar,,,Indonesia,525.92,10/6/2023,Topiczoom,Travel,ultrices erat tortor sollicitudin mi sit amet lobortis sapien sapien non mi integer ac neque duis,Cash Advance,IDR,0.6698,3456.92,1/5/2027,Declined,duis at velit eu est congue elementum in hac habitasse platea dictumst morbi vestibulum velit,Bubblemix,a suscipit nulla elit ac nulla sed vel enim sit amet nunc viverra dapibus nulla suscipit,Queenie Usmar,qusmargi@booking.com,411-786-9269,31405 Shoshone Place,Sundbyberg,AB,174 59
596,3588664544721050,Mastercard,3/23/2029,230,Natty Clopton,7 Sachs Center,Dukuhsia,,,Indonesia,8351.85,10/29/2022,Jayo,Travel,ac nulla sed vel enim sit amet nunc viverra dapibus nulla suscipit,Refund,IDR,1.3524,9447.78,1/13/2022,Pending,dui luctus rutrum nulla tellus in sagittis dui vel nisl duis ac nibh fusce lacus purus aliquet at,Topicstorm,pellentesque ultrices mattis odio donec vitae nisi nam ultrices libero non mattis pulvinar nulla,Aguistin Mowsdill,amowsdillgj@redcross.org,461-442-8756,16 Portage Trail,Água Levada,13,4745-380
597,3533854209576933,Mastercard,9/4/2028,565,Cordy Gerant,88 Valley Edge Park,Nürnberg,BY,90480,Germany,8578.4,10/15/2025,Viva,Entertainment,nunc viverra dapibus nulla suscipit ligula in lacus curabitur at ipsum,Refund,EUR,1.2753,4116.72,7/24/2022,Declined,turpis elementum ligula vehicula consequat morbi a ipsum integer a nibh in quis justo maecenas,Wikizz,at ipsum ac tellus semper interdum mauris ullamcorper purus sit amet nulla quisque arcu libero rutrum,Nicoline Ethington,nethingtongk@wunderground.com,562-428-7451,433 Petterle Circle,Lokorae,,
598,374622584359060,Mastercard,8/3/2026,267,Peria Jozwiak,6 Vahlen Point,An Châu,,,Vietnam,8876.32,11/7/2029,Tagcat,Entertainment,sit amet erat nulla tempus vivamus in felis eu sapien cursus vestibulum proin eu,Refund,VND,0.7635,5084.68,6/27/2025,Pending,eu tincidunt in leo maecenas pulvinar lobortis est phasellus sit amet erat nulla,Skinix,dolor sit amet consectetuer adipiscing elit proin interdum mauris non ligula pellentesque ultrices phasellus id sapien in sapien iaculis congue,Patrizio Wiggans,pwiggansgl@ocn.ne.jp,151-984-8893,106 Roth Street,San Nicolas,,4207
599,6304803896498414,Visa,9/24/2022,589,Ninette Copelli,5 Forest Run Terrace,Merkezköy,34,34829,Turkey,2148.01,4/18/2025,Janyx,Travel,blandit non interdum in ante vestibulum ante ipsum primis in faucibus orci luctus,Refund,TRY,1.232,9833.03,9/18/2026,Approved,posuere metus vitae ipsum aliquam non mauris morbi non lectus aliquam sit amet diam in magna bibendum,Shuffledrive,ac est lacinia nisi venenatis tristique fusce congue diam id ornare,Michele de Mendoza,mdegm@google.com.au,820-429-3350,2288 Lakeland Pass,Mutsu,,491-0014
600,201432635749965,American Express,9/1/2022,804,Aylmar Wollard,7 Hermina Circle,Kubanskiy,,102085,Russia,1457.71,5/24/2030,Zooveo,Entertainment,hac habitasse platea dictumst aliquam augue quam sollicitudin vitae consectetuer eget rutrum at lorem integer tincidunt ante vel,Cash Advance,RUB,1.6876,5913.42,6/20/2024,Declined,in magna bibendum imperdiet nullam orci pede venenatis non sodales,Avamba,est phasellus sit amet erat nulla tempus vivamus in felis eu sapien cursus vestibulum proin eu mi,Boy Bouttell,bbouttellgn@ask.com,176-936-8016,3000 Lien Lane,Dado,,5037
601,5100134838942865,Visa,11/9/2022,254,Bale Tomsa,1 Village Green Crossing,Mende,A9,48005 CEDEX,France,2921.11,4/27/2023,Dazzlesphere,Entertainment,vestibulum ante ipsum primis in faucibus orci luctus et ultrices posuere cubilia curae nulla dapibus dolor vel est,Cash Advance,EUR,1.4904,7257.62,7/13/2023,Pending,consectetuer adipiscing elit proin interdum mauris non ligula pellentesque ultrices phasellus id sapien in,Twitterwire,nullam porttitor lacus at turpis donec posuere metus vitae ipsum aliquam non mauris morbi non,Laurene Scriviner,lscrivinergo@stanford.edu,141-717-2874,93213 Valley Edge Lane,San Nicolás de los Arroyos,,2900
602,3541658302759498,Mastercard,10/19/2030,439,Lin Dunckley,87 Esker Junction,Zhonghekou,,,China,8047.87,4/1/2024,Fadeo,Retail,accumsan felis ut at dolor quis odio consequat varius integer ac leo pellentesque ultrices mattis odio donec vitae nisi nam,Refund,CNY,0.6868,936.52,6/10/2026,Declined,nonummy maecenas tincidunt lacus at velit vivamus vel nulla eget eros elementum pellentesque quisque porta volutpat erat quisque erat eros,Divanoodle,at ipsum ac tellus semper interdum mauris ullamcorper purus sit,Madeline Garfirth,mgarfirthgp@nyu.edu,622-921-4678,8669 Clemons Parkway,Cernik,,51219
603,3537091243272635,Visa,1/16/2029,253,Blithe Tillerton,64662 Dawn Plaza,Gombangan,,,Indonesia,2151.42,1/1/2028,Twimm,Travel,aenean sit amet justo morbi ut odio cras mi pede malesuada in imperdiet et commodo vulputate justo in,Cash Advance,IDR,0.8015,6130.98,7/17/2024,Approved,sed nisl nunc rhoncus dui vel sem sed sagittis nam congue risus semper porta volutpat quam pede lobortis ligula sit,Topicware,pede justo lacinia eget tincidunt eget tempus vel pede morbi porttitor lorem id ligula,Brandie Wensley,bwensleygq@ed.gov,882-374-5447,654 Onsgard Drive,Velykyy Burluk,,
604,3558508055732921,American Express,1/14/2022,583,Hilda McIlhatton,971 Fair Oaks Terrace,Cametá,,68400-000,Brazil,1978.7,8/6/2029,Demimbu,Travel,lacus at turpis donec posuere metus vitae ipsum aliquam non mauris morbi non lectus aliquam sit amet,Refund,BRL,1.2975,9035.34,11/9/2023,Pending,lacinia nisi venenatis tristique fusce congue diam id ornare imperdiet sapien urna pretium,Kayveo,non velit donec diam neque vestibulum eget vulputate ut ultrices vel augue vestibulum ante ipsum primis in faucibus orci,Stacee Yurkov,syurkovgr@wired.com,417-133-5005,036 Waxwing Road,Gävle,X,802 85
605,676785772028224196,Mastercard,5/31/2024,935,Erica Kleuer,260 Jackson Point,Lopatyn,,,Ukraine,3919.09,8/13/2023,Fadeo,Travel,lectus pellentesque eget nunc donec quis orci eget orci vehicula condimentum curabitur in libero ut massa volutpat convallis morbi,Cash Advance,UAH,1.9653,5518.53,1/26/2030,Approved,vestibulum vestibulum ante ipsum primis in faucibus orci luctus et,Ainyx,augue aliquam erat volutpat in congue etiam justo etiam pretium iaculis justo in hac habitasse platea,Annmaria Chippin,achippings@oaic.gov.au,532-714-9676,20 Aberg Parkway,Arivonimamo,,
606,6389256035646088,American Express,10/12/2028,416,Jaine Blazeby,08614 Blackbird Trail,Qingjiangqiao,,,China,4233.95,1/13/2025,Dynazzy,Retail,orci mauris lacinia sapien quis libero nullam sit amet turpis elementum ligula,Refund,CNY,0.5853,875.95,11/3/2026,Declined,vel enim sit amet nunc viverra dapibus nulla suscipit ligula in lacus curabitur at ipsum,Centimia,ridiculus mus vivamus vestibulum sagittis sapien cum sociis natoque penatibus et magnis dis parturient montes nascetur,Nance De Benedetti,ndegt@cmu.edu,905-602-7859,9 Mitchell Drive,Dordrecht,11,3309
607,3561125166075663,Mastercard,10/2/2029,594,Diannne Ourry,60 Mayer Place,Huangma,,,China,6081.31,8/30/2024,Nlounge,Retail,lacinia sapien quis libero nullam sit amet turpis elementum ligula vehicula consequat morbi a,Refund,CNY,1.1365,3791.93,8/8/2024,Pending,sit amet diam in magna bibendum imperdiet nullam orci pede venenatis non sodales sed tincidunt eu felis,Gigabox,dictumst maecenas ut massa quis augue luctus tincidunt nulla mollis molestie lorem quisque ut erat curabitur gravida nisi at nibh,Linea Crumpe,lcrumpegu@newyorker.com,315-441-5815,48 Pine View Hill,Caramay,,1607
608,5602214540549068,Mastercard,8/24/2030,929,Cedric Springate,711 Caliangt Junction,San Lucas Tolimán,,07013,Guatemala,9917.03,3/2/2025,Trilith,Entertainment,integer ac leo pellentesque ultrices mattis odio donec vitae nisi,Cash Advance,GTQ,1.1339,3446.84,8/15/2026,Pending,habitasse platea dictumst morbi vestibulum velit id pretium iaculis diam erat fermentum justo nec condimentum,Zoomcast,urna pretium nisl ut volutpat sapien arcu sed augue aliquam erat volutpat in congue,Ulrich Pellew,upellewgv@amazon.de,806-657-7315,70 Express Place,Jinsha,,
609,4041379186714516,American Express,9/27/2022,411,Beale Moxom,327 Gale Hill,Barrancabermeja,,687047,Colombia,8471.94,10/4/2028,Jabbercube,Dining,fusce posuere felis sed lacus morbi sem mauris laoreet ut,Purchase,COP,0.8464,7641.66,3/26/2028,Approved,convallis nunc proin at turpis a pede posuere nonummy integer non velit donec,Voonix,nullam sit amet turpis elementum ligula vehicula consequat morbi a ipsum integer a nibh in quis justo maecenas rhoncus,Ddene Alves,dalvesgw@lycos.com,622-474-2513,21 Magdeline Street,Saint-Ambroise,QC,G7P
610,3557495819709521,American Express,9/7/2029,130,Morganica Barkaway,2 Calypso Street,Marseille,B8,13456 CEDEX 13,France,8738.26,5/9/2025,Kwimbee,Travel,ipsum integer a nibh in quis justo maecenas rhoncus aliquam lacus morbi,Purchase,EUR,0.9054,8073.85,12/15/2023,Declined,amet consectetuer adipiscing elit proin interdum mauris non ligula pellentesque ultrices phasellus id sapien in sapien iaculis congue vivamus metus,Vinte,mi nulla ac enim in tempor turpis nec euismod scelerisque quam,Cherice Benesevich,cbenesevichgx@symantec.com,690-408-3024,14236 Pleasure Court,Sukamaju,,
611,6763206631261036,American Express,4/5/2028,394,Lorrin Panons,552 Melvin Center,Mlimba,,,Tanzania,7348.06,5/4/2023,BlogXS,Dining,justo in hac habitasse platea dictumst etiam faucibus cursus urna ut tellus nulla ut erat,Refund,TZS,0.7163,685.08,1/25/2027,Declined,pellentesque ultrices phasellus id sapien in sapien iaculis congue vivamus metus arcu,Tagtune,a libero nam dui proin leo odio porttitor id consequat in consequat ut,Gustavo Scrivin,gscrivingy@ihg.com,188-239-5526,7811 Sugar Drive,Krasnaya Polyana,,352947
612,3561487268546664,Mastercard,8/22/2024,695,Koren Loughren,64789 Stephen Crossing,Guapimirim,,25940-000,Brazil,9101.54,3/17/2025,Devpoint,Retail,nulla integer pede justo lacinia eget tincidunt eget tempus vel pede morbi porttitor lorem id ligula suspendisse,Purchase,BRL,1.2548,1073.74,7/5/2029,Pending,nullam orci pede venenatis non sodales sed tincidunt eu felis fusce posuere,Camido,nulla neque libero convallis eget eleifend luctus ultricies eu nibh quisque id justo sit,Si Saby,ssabygz@gmpg.org,505-335-4267,8177 Cherokee Pass,Taksimo,,671560
613,201446654329483,American Express,9/9/2029,307,Glenn Kuhnke,12 Myrtle Drive,Padaimut,,,Indonesia,129.75,9/3/2028,Minyx,Retail,sit amet eros suspendisse accumsan tortor quis turpis sed ante vivamus tortor duis mattis egestas metus aenean fermentum donec,Purchase,IDR,1.1707,3222.44,9/26/2025,Declined,maecenas leo odio condimentum id luctus nec molestie sed justo,Eidel,vel augue vestibulum rutrum rutrum neque aenean auctor gravida sem praesent id massa id nisl venenatis lacinia aenean sit,Persis Matt,pmatth0@4shared.com,798-460-2886,6 Forest Junction,Chongjin,,
614,5342732925206462,Visa,2/4/2024,844,Doretta Argrave,0 Reinke Avenue,Santa Fe,,6513,Philippines,2181.51,5/1/2023,Wordpedia,Travel,at nunc commodo placerat praesent blandit nam nulla integer pede justo,Cash Advance,PHP,1.7641,8929.96,4/7/2028,Pending,tempus semper est quam pharetra magna ac consequat metus sapien ut nunc vestibulum ante ipsum primis in faucibus orci,Feedfish,orci luctus et ultrices posuere cubilia curae mauris viverra diam vitae quam suspendisse potenti nullam porttitor,Domingo Houseago,dhouseagoh1@naver.com,550-620-3810,5 Coleman Plaza,Bedadung Kulon,,
615,3531096137121232,Visa,2/16/2030,399,Rasla Werrit,2 Carioca Plaza,Zhucun,,,China,9620.9,12/4/2026,Voomm,Dining,sapien placerat ante nulla justo aliquam quis turpis eget elit,Cash Advance,CNY,0.7076,1128.4,4/25/2029,Pending,pulvinar sed nisl nunc rhoncus dui vel sem sed sagittis nam congue risus semper porta,Youfeed,bibendum felis sed interdum venenatis turpis enim blandit mi in porttitor pede justo eu massa donec dapibus duis,Tasha Mattioli,tmattiolih2@yellowbook.com,570-652-4192,5 Sunnyside Way,Trai Ngau,,
616,3564860002972148,Mastercard,2/25/2027,235,Pavla Roderigo,223 Twin Pines Pass,San Rafael,,5039,Philippines,696.91,4/21/2023,Realbuzz,Entertainment,ac tellus semper interdum mauris ullamcorper purus sit amet nulla,Cash Advance,PHP,0.6033,5709.54,9/16/2029,Approved,nulla sed vel enim sit amet nunc viverra dapibus nulla,Dynazzy,feugiat non pretium quis lectus suspendisse potenti in eleifend quam a odio,Ricca Aldam,raldamh3@spotify.com,560-645-7849,03 Arapahoe Point,Rivesaltes,A9,66605 CEDEX
617,4903891088720984,American Express,10/20/2028,288,Maurice Sebright,76 Elka Crossing,Sop Moei,,58110,Thailand,9664.5,9/2/2022,Npath,Retail,pellentesque quisque porta volutpat erat quisque erat eros viverra eget congue eget semper rutrum nulla nunc purus,Purchase,THB,1.2303,8332.11,1/28/2022,Pending,porttitor lacus at turpis donec posuere metus vitae ipsum aliquam non mauris morbi non,Trudeo,justo morbi ut odio cras mi pede malesuada in imperdiet et commodo vulputate justo,Bertine Sawbridge,bsawbridgeh4@prweb.com,445-111-7832,5724 Union Drive,Radā‘,,
618,3567334963982022,Visa,4/23/2026,461,Jaclyn Schwier,02 Vera Circle,Misungwi,,,Tanzania,328.75,12/23/2027,Fivebridge,Retail,non interdum in ante vestibulum ante ipsum primis in faucibus orci luctus et ultrices posuere,Purchase,TZS,1.2482,3817.63,8/16/2026,Declined,faucibus orci luctus et ultrices posuere cubilia curae duis faucibus,Flashset,phasellus id sapien in sapien iaculis congue vivamus metus arcu adipiscing molestie hendrerit at vulputate vitae nisl aenean lectus pellentesque,Johnathan Perle,jperleh5@ning.com,492-956-3102,70714 Granby Place,Xiaofayi,,
619,3549382098552908,Visa,10/14/2024,809,Sergent Olivazzi,9 Old Gate Lane,Huaidao,,,China,5611.52,7/28/2030,Quamba,Retail,nonummy maecenas tincidunt lacus at velit vivamus vel nulla eget eros elementum,Cash Advance,CNY,1.868,5074.2,8/17/2026,Pending,id ligula suspendisse ornare consequat lectus in est risus auctor sed tristique,Feedbug,sed augue aliquam erat volutpat in congue etiam justo etiam pretium iaculis,Meyer Winsor,mwinsorh6@ibm.com,349-435-0551,4 Mariners Cove Trail,Shenzhengqiao,,
620,5409686377883683,Visa,1/2/2030,286,Karrie Maun,43299 1st Park,Tunal,,,Peru,6377.04,7/17/2029,Tagfeed,Travel,praesent id massa id nisl venenatis lacinia aenean sit amet justo morbi ut odio cras,Cash Advance,PEN,1.4634,5755.02,10/10/2022,Approved,bibendum felis sed interdum venenatis turpis enim blandit mi in porttitor pede justo,Quamba,varius ut blandit non interdum in ante vestibulum ante ipsum primis in faucibus orci,Nathanil Woodfine,nwoodfineh7@usatoday.com,980-296-7507,762 Grasskamp Junction,Las Ánimas,,
621,30196807126719,Visa,11/5/2025,416,Barb Asmus,3 8th Lane,Fare,,,French Polynesia,5674.09,12/21/2029,Meembee,Dining,vivamus tortor duis mattis egestas metus aenean fermentum donec ut mauris eget,Cash Advance,XPF,0.9794,4374.05,12/31/2022,Pending,quam sollicitudin vitae consectetuer eget rutrum at lorem integer tincidunt ante vel ipsum praesent blandit,Twitterworks,elementum pellentesque quisque porta volutpat erat quisque erat eros viverra eget congue,Padgett Erat,perath8@craigslist.org,659-839-0167,8 Esch Way,Nangen,,
622,201492273906004,Visa,9/21/2030,185,Sal Whorall,70 Reinke Street,Langkapcaang Hilir,,,Indonesia,3416.53,3/16/2025,Katz,Entertainment,nibh quisque id justo sit amet sapien dignissim vestibulum vestibulum ante,Purchase,IDR,1.1602,8963.99,3/2/2026,Declined,fermentum donec ut mauris eget massa tempor convallis nulla neque libero convallis eget,Zoomcast,a feugiat et eros vestibulum ac est lacinia nisi venenatis tristique fusce congue,Ellswerth Sieghard,esieghardh9@bbb.org,710-998-7602,06479 Independence Lane,Sembung,,
623,3575168374024895,Visa,4/22/2022,789,Collen Colbran,0509 Waywood Junction,Marfino,,416325,Russia,2349.24,4/29/2026,Gabtype,Retail,pede justo eu massa donec dapibus duis at velit eu est congue,Refund,RUB,1.8264,1213.02,4/23/2022,Pending,nibh quisque id justo sit amet sapien dignissim vestibulum vestibulum ante ipsum primis in faucibus orci,Yozio,lorem ipsum dolor sit amet consectetuer adipiscing elit proin risus praesent lectus,Ryley Moiser,rmoiserha@dmoz.org,963-196-9095,3629 Harbort Court,Krajan Waturoyo,,
624,5208333427302512,Visa,7/2/2030,854,Fidole Unstead,2 High Crossing Junction,Santa Cecília,,89540-000,Brazil,4704.33,12/28/2028,Oyope,Travel,tellus nisi eu orci mauris lacinia sapien quis libero nullam sit amet turpis elementum ligula,Purchase,BRL,1.4686,2097.73,12/23/2027,Declined,donec vitae nisi nam ultrices libero non mattis pulvinar nulla pede,Zoovu,ligula nec sem duis aliquam convallis nunc proin at turpis a,Agna Rablin,arablinhb@cnet.com,102-158-2307,9 Stuart Avenue,Lucban,,4328
625,5602225236340141,American Express,11/15/2023,486,Creigh Pegrum,30 Mosinee Place,Aasiaat,,3950,Greenland,8186.98,7/10/2025,Twimbo,Entertainment,diam in magna bibendum imperdiet nullam orci pede venenatis non,Refund,DKK,0.7068,6419.27,8/26/2030,Approved,eu orci mauris lacinia sapien quis libero nullam sit amet turpis,Gabspot,at ipsum ac tellus semper interdum mauris ullamcorper purus sit amet nulla quisque arcu libero rutrum ac,Adlai Lammerich,alammerichhc@wiley.com,977-754-4765,471 Butternut Parkway,Bourges,A3,18013 CEDEX
626,4917369145363258,Mastercard,9/20/2025,777,Arman McKerlie,3245 Lawn Street,Taipingzhuang,,,China,1870.69,2/23/2025,Divape,Entertainment,sociis natoque penatibus et magnis dis parturient montes nascetur ridiculus mus,Purchase,CNY,0.6568,7107.32,10/28/2028,Approved,sem fusce consequat nulla nisl nunc nisl duis bibendum felis sed,Gigazoom,et ultrices posuere cubilia curae nulla dapibus dolor vel est donec odio justo sollicitudin ut suscipit a feugiat,Renae Mylchreest,rmylchreesthd@blinklist.com,257-390-5059,2816 Messerschmidt Pass,Elias Fausto,,13350-000
627,30374900498034,Mastercard,12/3/2028,132,Rubie Buddell,5 Eliot Avenue,Carriedo,,2446,Philippines,2181.02,4/16/2027,Gevee,Retail,quam sollicitudin vitae consectetuer eget rutrum at lorem integer tincidunt ante,Purchase,PHP,0.6707,8077.5,12/29/2030,Declined,mi nulla ac enim in tempor turpis nec euismod scelerisque quam turpis adipiscing lorem vitae mattis,Skinix,ultrices libero non mattis pulvinar nulla pede ullamcorper augue a suscipit nulla elit ac nulla sed vel enim sit amet,Lavinie Rossin,lrossinhe@mashable.com,837-236-3214,46697 Reindahl Avenue,Hacı Zeynalabdin,,
628,3559486605408756,American Express,3/16/2023,408,Townie Moreinu,610 Melody Circle,Qingfenglin,,,China,7855.03,1/21/2030,Oyoba,Travel,rhoncus mauris enim leo rhoncus sed vestibulum sit amet cursus id turpis integer aliquet massa id,Cash Advance,CNY,1.6224,9647.77,12/25/2025,Declined,orci luctus et ultrices posuere cubilia curae donec pharetra magna vestibulum aliquet ultrices erat,Dablist,adipiscing lorem vitae mattis nibh ligula nec sem duis aliquam convallis nunc proin at turpis a pede posuere nonummy integer,Willyt Mighele,wmighelehf@ezinearticles.com,537-807-6469,12 Summerview Point,Krasnokamensk,,662955
629,6391914988704512,American Express,12/20/2027,504,Lonnard Harse,3 Del Sol Point,Lesozavodsk,,431435,Russia,7994.67,8/27/2028,Quimba,Travel,maecenas rhoncus aliquam lacus morbi quis tortor id nulla ultrices aliquet maecenas leo odio condimentum id luctus nec molestie sed,Purchase,RUB,0.844,4866.74,10/13/2029,Approved,donec posuere metus vitae ipsum aliquam non mauris morbi non lectus aliquam sit amet diam in magna bibendum,Devpoint,a suscipit nulla elit ac nulla sed vel enim sit amet nunc viverra dapibus nulla suscipit ligula,Mischa Killelea,mkilleleahg@chronoengine.com,598-409-0381,76527 Arkansas Avenue,Erandique,,
630,3566844139269758,American Express,1/28/2025,981,Kristoffer Bussetti,76795 Buhler Circle,Fougamou,,,Gabon,5783.5,9/27/2028,Meevee,Dining,maecenas tincidunt lacus at velit vivamus vel nulla eget eros elementum pellentesque quisque porta volutpat erat quisque erat eros viverra,Refund,XAF,1.5153,8589.2,4/9/2029,Declined,aliquet ultrices erat tortor sollicitudin mi sit amet lobortis sapien sapien non mi integer,Voolia,primis in faucibus orci luctus et ultrices posuere cubilia curae nulla,Odo Robertet,orobertethh@mac.com,487-632-2702,240 Sherman Parkway,Santa Monica,,8422
631,5100175883796599,Visa,2/8/2024,284,Lettie Barnhart,95 Tennyson Alley,Obo,,,Central African Republic,9464.8,10/10/2023,Roomm,Dining,venenatis lacinia aenean sit amet justo morbi ut odio cras mi pede malesuada in imperdiet et commodo vulputate justo in,Purchase,XAF,1.1278,4503.55,4/8/2025,Pending,condimentum id luctus nec molestie sed justo pellentesque viverra pede ac diam cras pellentesque volutpat dui,Photojam,curae donec pharetra magna vestibulum aliquet ultrices erat tortor sollicitudin mi sit amet lobortis sapien sapien,Sena Ondrich,sondrichhi@mozilla.org,757-993-4990,814 Russell Park,Riga,,
632,3549987675454391,Mastercard,7/20/2030,537,Kristal Gonnel,725 Independence Court,Tabon,,6710,Philippines,399.49,8/20/2026,Feedfire,Retail,odio donec vitae nisi nam ultrices libero non mattis pulvinar nulla pede ullamcorper augue a suscipit nulla elit ac,Refund,PHP,0.5506,2803.02,10/28/2030,Approved,in tempor turpis nec euismod scelerisque quam turpis adipiscing lorem vitae mattis,Avamba,sapien cursus vestibulum proin eu mi nulla ac enim in tempor turpis nec euismod scelerisque quam turpis adipiscing lorem vitae,Bogey Pala,bpalahj@biblegateway.com,818-212-9077,540 Shelley Junction,Kultuk,,665911
633,378826713212449,American Express,10/8/2023,110,Genevieve Hugonet,2863 Tomscot Trail,Calle Blancos,,10803,Costa Rica,1050.17,6/7/2028,Yombu,Entertainment,proin interdum mauris non ligula pellentesque ultrices phasellus id sapien in sapien iaculis congue vivamus metus,Refund,CRC,1.1286,5746.16,2/26/2030,Declined,curae mauris viverra diam vitae quam suspendisse potenti nullam porttitor lacus at turpis donec posuere metus vitae ipsum aliquam,Feedbug,augue quam sollicitudin vitae consectetuer eget rutrum at lorem integer tincidunt ante vel,Marina Stileman,mstilemanhk@forbes.com,901-685-4145,2576 Tomscot Park,Changtian,,
634,3587014089734962,Visa,5/4/2029,313,Regina Stuchburie,12 Lotheville Court,Broumov,,550 01,Czech Republic,3946.25,11/8/2025,Wikizz,Travel,vehicula condimentum curabitur in libero ut massa volutpat convallis morbi odio odio,Purchase,CZK,1.1633,182.86,12/3/2022,Approved,pede lobortis ligula sit amet eleifend pede libero quis orci nullam molestie nibh in lectus pellentesque at nulla suspendisse potenti,Gigashots,vestibulum sagittis sapien cum sociis natoque penatibus et magnis dis parturient montes nascetur ridiculus,Pepe Beauly,pbeaulyhl@skype.com,825-472-8901,13 Blaine Center,Anuling,,4501
635,3563408963868789,American Express,3/28/2028,993,Vivi Briffett,1496 Merry Terrace,Dno,,182670,Russia,4476.59,1/7/2030,Pixonyx,Travel,placerat praesent blandit nam nulla integer pede justo lacinia eget tincidunt eget tempus vel pede,Cash Advance,RUB,0.5663,8961.85,5/18/2024,Pending,diam neque vestibulum eget vulputate ut ultrices vel augue vestibulum ante,Dabtype,donec dapibus duis at velit eu est congue elementum in hac habitasse platea dictumst morbi vestibulum velit id pretium iaculis,Loreen Wibrow,lwibrowhm@mysql.com,942-924-4026,4 Forest Terrace,Gaoqiao,,
636,3535571567278252,American Express,4/28/2027,588,Gerry Tesauro,020 Arizona Circle,Dengmingsi,,,China,8892.49,1/12/2028,Wikizz,Retail,suspendisse accumsan tortor quis turpis sed ante vivamus tortor duis mattis,Cash Advance,CNY,0.7359,1668.19,8/31/2025,Declined,id luctus nec molestie sed justo pellentesque viverra pede ac diam cras pellentesque volutpat,Jabbersphere,sociis natoque penatibus et magnis dis parturient montes nascetur ridiculus mus vivamus,Umeko Code,ucodehn@devhub.com,335-426-6943,3267 Lerdahl Alley,Dailing,,
637,3573363518712099,Visa,12/11/2024,114,Valerie Faunt,33871 Emmet Place,Freire,,,Chile,949.21,6/20/2026,Edgeclub,Entertainment,orci luctus et ultrices posuere cubilia curae duis faucibus accumsan odio curabitur convallis duis consequat dui nec nisi volutpat,Purchase,CLP,0.853,9643.69,9/19/2029,Approved,curae donec pharetra magna vestibulum aliquet ultrices erat tortor sollicitudin,Abata,felis ut at dolor quis odio consequat varius integer ac leo pellentesque ultrices mattis odio,Sal Poxon,spoxonho@prnewswire.com,743-806-8990,4 Chinook Terrace,San Marcos,,
638,6333405217030382410,Mastercard,10/4/2022,872,Theo Vereker,4 Village Green Circle,Alenquer,11,2580-306,Portugal,1133.04,7/23/2022,Browsebug,Dining,convallis nulla neque libero convallis eget eleifend luctus ultricies eu nibh quisque id justo sit amet sapien dignissim vestibulum,Refund,EUR,1.6904,9347.85,11/1/2030,Approved,erat volutpat in congue etiam justo etiam pretium iaculis justo in,Photobug,in blandit ultrices enim lorem ipsum dolor sit amet consectetuer adipiscing elit proin interdum mauris non ligula pellentesque ultrices,Moll Osipenko,mosipenkohp@booking.com,603-819-9381,828 Claremont Road,San Gregorio,,4325
639,3531961084657027,Mastercard,4/25/2030,798,Agathe Filippazzo,3265 West Road,Sukamaju,,,Indonesia,9249.59,4/12/2027,Zoomdog,Travel,hac habitasse platea dictumst etiam faucibus cursus urna ut tellus nulla ut erat id mauris vulputate elementum nullam,Cash Advance,IDR,1.3609,4872.95,2/5/2030,Pending,quis augue luctus tincidunt nulla mollis molestie lorem quisque ut erat curabitur gravida nisi at nibh in,Yakidoo,imperdiet nullam orci pede venenatis non sodales sed tincidunt eu felis fusce posuere,Anabella Lacky,alackyhq@constantcontact.com,858-992-8437,00366 Troy Crossing,Bulungu,,
640,3531758507100886,Visa,8/31/2029,923,Ethel Powlett,90141 Manitowish Court,Halteu,,,Indonesia,7959.56,10/3/2030,Eazzy,Retail,iaculis congue vivamus metus arcu adipiscing molestie hendrerit at vulputate vitae,Refund,IDR,0.5315,3325.93,8/4/2026,Pending,dui nec nisi volutpat eleifend donec ut dolor morbi vel lectus in quam fringilla rhoncus mauris enim,Realcube,integer tincidunt ante vel ipsum praesent blandit lacinia erat vestibulum sed magna at nunc commodo,Johnath Prettyjohn,jprettyjohnhr@phoca.cz,791-793-3596,87382 Helena Circle,Gongji,,
641,3580121857922989,Mastercard,7/25/2030,852,Demetria Bentote,0 Lawn Point,Hässleholm,M,281 23,Sweden,2605.08,3/11/2024,Chatterbridge,Entertainment,porta volutpat erat quisque erat eros viverra eget congue eget semper rutrum,Purchase,SEK,1.1625,2570.21,10/11/2025,Pending,vel ipsum praesent blandit lacinia erat vestibulum sed magna at nunc commodo placerat,Linkbuzz,donec quis orci eget orci vehicula condimentum curabitur in libero ut,Joni Keune,jkeunehs@tmall.com,655-447-0402,7418 7th Hill,Whittier,CA,90605
642,5171180701962120,Visa,7/8/2027,814,Shell Domico,10 5th Place,Nantou,,,China,4775.53,5/20/2029,Photolist,Entertainment,massa volutpat convallis morbi odio odio elementum eu interdum eu tincidunt in leo maecenas pulvinar,Cash Advance,CNY,0.8511,4717.87,5/11/2022,Declined,elementum in hac habitasse platea dictumst morbi vestibulum velit id pretium iaculis diam erat fermentum,Skiptube,eget semper rutrum nulla nunc purus phasellus in felis donec semper sapien a libero nam dui proin leo odio porttitor,Ambrose Pren,aprenht@apache.org,750-814-9206,0 7th Lane,Weiwangzhuang,,
643,3570848253023671,American Express,11/6/2029,178,Hetti Klink,1870 Shelley Lane,Changfa,,,China,3089.18,4/4/2022,Mydeo,Retail,at ipsum ac tellus semper interdum mauris ullamcorper purus sit amet nulla quisque arcu libero rutrum ac,Purchase,CNY,0.9051,4401.46,12/11/2024,Declined,justo nec condimentum neque sapien placerat ante nulla justo aliquam quis turpis eget elit,Skipfire,primis in faucibus orci luctus et ultrices posuere cubilia curae mauris viverra diam vitae quam suspendisse potenti,Helen Millott,hmillotthu@irs.gov,327-758-3276,955 Cordelia Street,Huangdao,,
644,3569659781575527,Visa,1/24/2025,261,Ulla Tamplin,38 Gulseth Alley,Toritama,,55125-000,Brazil,3169.66,10/16/2030,Quimm,Travel,tempus vivamus in felis eu sapien cursus vestibulum proin eu mi nulla ac enim in tempor turpis nec,Refund,BRL,1.6009,2491.2,1/7/2025,Declined,tortor duis mattis egestas metus aenean fermentum donec ut mauris eget,Realpoint,condimentum neque sapien placerat ante nulla justo aliquam quis turpis,Drud Danslow,ddanslowhv@google.de,817-478-0544,093 Lerdahl Junction,Abū Ghaush,,
645,3543869981751734,Visa,6/30/2027,429,Birdie Strewther,45578 Forest Run Avenue,Ishinomaki,,986-2344,Japan,7250.09,6/17/2022,Skiptube,Entertainment,lorem vitae mattis nibh ligula nec sem duis aliquam convallis nunc proin at turpis a pede,Purchase,JPY,1.482,4485.6,11/9/2023,Pending,in magna bibendum imperdiet nullam orci pede venenatis non sodales sed tincidunt eu felis fusce posuere felis sed lacus,Tagpad,ipsum dolor sit amet consectetuer adipiscing elit proin interdum mauris non ligula pellentesque ultrices phasellus id sapien,Cleon Broadberry,cbroadberryhw@xinhuanet.com,657-404-3884,96219 Park Meadow Plaza,Mukhen,,355011
646,3544488233048366,Mastercard,3/16/2027,592,Pierrette Goare,250 Hovde Drive,Paombong,,3001,Philippines,3959.52,10/18/2027,Meejo,Entertainment,nullam sit amet turpis elementum ligula vehicula consequat morbi a ipsum integer a nibh in quis justo maecenas rhoncus,Cash Advance,PHP,0.8136,6709.85,4/16/2028,Pending,aenean sit amet justo morbi ut odio cras mi pede malesuada in imperdiet,Centidel,enim lorem ipsum dolor sit amet consectetuer adipiscing elit proin interdum mauris non ligula,Bertrando Chesters,bchestershx@cdc.gov,806-952-5946,3566 Anniversary Circle,Songqiao,,
647,3574365935135621,Mastercard,6/18/2030,640,Kaylee Armitage,744 Hudson Crossing,Magetlegar,,,Indonesia,7408.57,10/24/2022,Tagfeed,Travel,orci nullam molestie nibh in lectus pellentesque at nulla suspendisse potenti cras in purus eu magna vulputate luctus,Refund,IDR,0.8286,5700.75,2/19/2025,Approved,eros elementum pellentesque quisque porta volutpat erat quisque erat eros viverra eget congue eget,Trunyx,orci eget orci vehicula condimentum curabitur in libero ut massa volutpat,Lanni Lorenzini,llorenzinihy@vimeo.com,842-965-8155,7 Bluejay Alley,Soufrière,,
648,5602248606372622146,Visa,11/24/2025,514,Neale Keeping,4 Bayside Terrace,Manaulanan,,2622,Philippines,5485.67,10/4/2025,Mydo,Retail,tincidunt in leo maecenas pulvinar lobortis est phasellus sit amet erat nulla tempus vivamus in felis eu,Cash Advance,PHP,1.6053,8228.3,1/3/2025,Declined,ac enim in tempor turpis nec euismod scelerisque quam turpis adipiscing lorem vitae mattis nibh ligula nec sem duis,Twitterlist,pede morbi porttitor lorem id ligula suspendisse ornare consequat lectus in est risus auctor sed tristique in,Barclay Agent,bagenthz@java.com,826-258-3785,46343 Miller Court,Varkaus,,78900
649,5355790126746128,Mastercard,10/26/2022,737,Cece Cremins,55046 Porter Road,Höshigiyn-Ar,,,Mongolia,6091.34,9/23/2027,Lazzy,Retail,lacus purus aliquet at feugiat non pretium quis lectus suspendisse potenti in,Cash Advance,MNT,0.896,7244.26,1/9/2028,Pending,erat volutpat in congue etiam justo etiam pretium iaculis justo,Babbleset,praesent blandit nam nulla integer pede justo lacinia eget tincidunt eget tempus vel pede morbi porttitor lorem id,Nathaniel Grangier,ngrangieri0@mail.ru,291-277-0923,72693 Hazelcrest Avenue,Shakhty,,346530
650,3552825170768655,Visa,5/4/2024,577,Brose Wagg,3995 Tennessee Way,Sukodono,,,Indonesia,5226.11,3/3/2028,Blognation,Entertainment,eleifend quam a odio in hac habitasse platea dictumst maecenas ut massa quis augue,Cash Advance,IDR,1.6285,7222.22,4/28/2030,Declined,quam fringilla rhoncus mauris enim leo rhoncus sed vestibulum sit,Vipe,luctus et ultrices posuere cubilia curae mauris viverra diam vitae quam suspendisse potenti nullam porttitor lacus at turpis donec posuere,Athene Jedrysik,ajedrysiki1@i2i.jp,752-426-4412,8 Laurel Hill,Dornava,,2252
651,3537756643778023,American Express,7/27/2024,180,Brandyn Giuron,6 Spaight Plaza,Darovskoy,,612140,Russia,3255.71,5/10/2023,Trunyx,Retail,vivamus in felis eu sapien cursus vestibulum proin eu mi nulla ac enim in tempor turpis nec,Purchase,RUB,1.2129,7382.38,9/10/2028,Declined,sapien varius ut blandit non interdum in ante vestibulum ante ipsum primis,Realblab,et ultrices posuere cubilia curae duis faucibus accumsan odio curabitur convallis duis consequat dui nec nisi volutpat,Taber Clementucci,tclementuccii2@prnewswire.com,906-897-8652,29792 Sherman Junction,Nuradilovo,,368030
652,490388392580416002,Visa,2/28/2022,504,Brewer How to preserve,7028 Utah Court,Ollantaytambo,,,Peru,5217.2,2/10/2030,Tazz,Dining,at velit vivamus vel nulla eget eros elementum pellentesque quisque porta volutpat erat quisque erat eros viverra,Cash Advance,PEN,1.8355,9487.23,12/11/2024,Pending,erat volutpat in congue etiam justo etiam pretium iaculis justo in hac habitasse platea dictumst etiam faucibus cursus urna,Jabbersphere,vestibulum ante ipsum primis in faucibus orci luctus et ultrices posuere cubilia,Ashla Whal,awhali3@nydailynews.com,443-529-3403,897 Gale Park,Benito Juarez,DUR,35180
653,3579142263945276,American Express,4/4/2024,780,Cy Barthel,80581 Browning Park,Domašinec,,40318,Croatia,441.06,5/23/2025,Oba,Travel,odio donec vitae nisi nam ultrices libero non mattis pulvinar nulla pede ullamcorper augue a suscipit nulla elit ac,Purchase,HRK,0.5489,3829.46,10/18/2023,Pending,feugiat non pretium quis lectus suspendisse potenti in eleifend quam a odio in hac habitasse platea dictumst,Brainlounge,luctus tincidunt nulla mollis molestie lorem quisque ut erat curabitur gravida nisi at nibh in,Morton Mallabon,mmallaboni4@blog.com,132-649-3757,806 Bashford Circle,Nambalan,,2600
654,3555294306708050,Visa,8/17/2029,851,Randal Lillee,05 Tomscot Terrace,Pyay,,,Myanmar,3162.55,10/31/2030,Feedfish,Dining,eget eros elementum pellentesque quisque porta volutpat erat quisque erat eros viverra eget congue eget semper,Purchase,MMK,0.7142,4689.7,4/27/2026,Declined,amet lobortis sapien sapien non mi integer ac neque duis bibendum morbi non quam nec dui luctus rutrum nulla tellus,Oodoo,suspendisse potenti in eleifend quam a odio in hac habitasse platea dictumst maecenas ut massa quis augue luctus tincidunt nulla,Barnabas Amberg,bambergi5@yellowbook.com,196-725-3505,82 Kim Alley,Paccho,,
655,6763265276801423,American Express,5/26/2023,980,Ibrahim Iozefovich,426 Lakewood Plaza,Kediren,,,Indonesia,2043.07,2/8/2028,Twinte,Travel,curae donec pharetra magna vestibulum aliquet ultrices erat tortor sollicitudin mi sit amet lobortis sapien,Refund,IDR,0.6266,9807.05,7/19/2024,Pending,vulputate vitae nisl aenean lectus pellentesque eget nunc donec quis orci eget orci,Abata,tincidunt lacus at velit vivamus vel nulla eget eros elementum pellentesque quisque,Bernie Gillbard,bgillbardi6@clickbank.net,636-576-7186,65619 Starling Junction,Arcos,13,4480-014
656,30192284604286,Mastercard,5/25/2026,537,Yetty Ketteringham,378 Bluestem Terrace,Kafue,,,Zambia,9551.29,10/31/2026,Rhybox,Travel,ante vivamus tortor duis mattis egestas metus aenean fermentum donec ut mauris eget massa tempor convallis nulla,Refund,ZMW,0.9165,3875.58,8/18/2030,Declined,a suscipit nulla elit ac nulla sed vel enim sit amet nunc viverra dapibus nulla suscipit,Devify,vestibulum eget vulputate ut ultrices vel augue vestibulum ante ipsum primis in faucibus orci,Patrizio Losano,plosanoi7@com.com,993-428-9203,81 School Court,Santos Evos,18,3505-318
657,3534815669424897,American Express,3/14/2024,690,Jarrod Lyston,84 Westend Drive,Muzidian,,,China,5752.45,7/18/2023,Bubbletube,Dining,quam sollicitudin vitae consectetuer eget rutrum at lorem integer tincidunt ante,Purchase,CNY,1.7794,3432.65,4/21/2024,Declined,quam sapien varius ut blandit non interdum in ante vestibulum ante ipsum,Quaxo,amet nulla quisque arcu libero rutrum ac lobortis vel dapibus,Alexina Isgar,aisgari8@pcworld.com,525-600-1311,633 Shoshone Plaza,Vaitogi,,96799
658,3578742465054388,Mastercard,4/16/2028,833,Flemming Burtwhistle,7133 Shasta Alley,Zapatero,,,Peru,4531.33,9/19/2022,Browsetype,Travel,integer non velit donec diam neque vestibulum eget vulputate ut ultrices vel augue vestibulum ante ipsum primis in faucibus,Purchase,PEN,1.6052,5747.88,11/6/2022,Approved,sapien quis libero nullam sit amet turpis elementum ligula vehicula consequat morbi a ipsum integer a nibh,Wordtune,non velit nec nisi vulputate nonummy maecenas tincidunt lacus at velit vivamus vel nulla eget eros elementum pellentesque quisque porta,Pooh Stadding,pstaddingi9@auda.org.au,773-946-7814,6269 Bluejay Avenue,Fès,,
659,5105757039450000,Mastercard,9/25/2030,339,Idaline Melhuish,02845 Loftsgordon Alley,Burujul,,,Indonesia,6553.49,2/3/2023,Zoomcast,Travel,nulla nunc purus phasellus in felis donec semper sapien a libero nam dui proin leo odio porttitor id consequat,Purchase,IDR,1.2567,861.35,11/11/2024,Approved,pellentesque viverra pede ac diam cras pellentesque volutpat dui maecenas tristique est et tempus semper est quam,Fadeo,aliquet maecenas leo odio condimentum id luctus nec molestie sed justo pellentesque viverra pede ac diam cras pellentesque volutpat,Harriot Rispine,hrispineia@chronoengine.com,977-521-2848,1540 Marcy Park,Jacksonville,FL,32277
660,3537262164264576,Mastercard,4/2/2025,917,Eduardo Eede,24 Bluestem Alley,San Pa Tong,,50120,Thailand,2188.3,2/7/2025,Yodoo,Entertainment,lacus morbi quis tortor id nulla ultrices aliquet maecenas leo odio condimentum id luctus nec molestie sed justo pellentesque viverra,Refund,THB,0.6227,5639.12,11/27/2028,Pending,et ultrices posuere cubilia curae mauris viverra diam vitae quam suspendisse potenti nullam,Thoughtstorm,curabitur in libero ut massa volutpat convallis morbi odio odio elementum eu interdum eu tincidunt in,Maddalena Giraudy,mgiraudyib@hostgator.com,364-575-8821,82 Melrose Circle,Rāvar,,
661,6709052819265812,Mastercard,6/30/2022,542,Osmond Scala,7 Glacier Hill Junction,Nancun,,,China,3129.17,9/16/2022,Photojam,Entertainment,venenatis tristique fusce congue diam id ornare imperdiet sapien urna pretium,Refund,CNY,0.7707,7492.46,7/21/2027,Pending,neque sapien placerat ante nulla justo aliquam quis turpis eget elit sodales scelerisque mauris sit,Dabfeed,in imperdiet et commodo vulputate justo in blandit ultrices enim lorem ipsum,Jacquenette Downing,jdowningic@liveinternet.ru,876-619-1407,4 Melby Hill,Acao,,1116
662,6771703282361370,Visa,2/5/2024,247,Sarene Embery,232 Spaight Drive,Majiao,,,China,6857.13,4/3/2029,Fiveclub,Travel,nibh fusce lacus purus aliquet at feugiat non pretium quis lectus suspendisse potenti in eleifend quam a,Purchase,CNY,0.6474,3532.76,9/29/2028,Declined,mattis odio donec vitae nisi nam ultrices libero non mattis pulvinar nulla pede ullamcorper augue a,Brainsphere,lacinia nisi venenatis tristique fusce congue diam id ornare imperdiet sapien urna pretium nisl ut,Libbie Readhead,lreadheadid@cargocollective.com,141-713-6547,516 Merry Street,Naifaru,,
663,3534190356074078,American Express,10/19/2022,522,Jermain Beet,926 Hanson Alley,Dolavón,,5531,Argentina,7573.27,7/7/2026,Skyvu,Travel,sapien ut nunc vestibulum ante ipsum primis in faucibus orci luctus et ultrices posuere cubilia curae mauris viverra,Cash Advance,ARS,0.5971,6724.55,1/23/2022,Pending,justo sollicitudin ut suscipit a feugiat et eros vestibulum ac est lacinia nisi venenatis tristique fusce,Skajo,felis sed interdum venenatis turpis enim blandit mi in porttitor pede justo eu massa donec dapibus duis at velit,Colan Cappell,ccappellie@flickr.com,721-658-7136,2 Sauthoff Circle,Tešanj,,
664,3573736517942108,Visa,2/28/2023,802,Dylan Merrison,6109 Huxley Plaza,Qadsīyā,,,Syria,1483.4,5/14/2025,Vipe,Retail,gravida nisi at nibh in hac habitasse platea dictumst aliquam augue quam sollicitudin vitae consectetuer eget rutrum,Cash Advance,SYP,1.1859,904.65,9/19/2026,Declined,adipiscing elit proin interdum mauris non ligula pellentesque ultrices phasellus id sapien in sapien iaculis congue vivamus metus,Brainlounge,elit ac nulla sed vel enim sit amet nunc viverra dapibus nulla suscipit ligula in lacus curabitur,Petrina Bartke,pbartkeif@hostgator.com,170-167-7559,19583 Manitowish Court,Drammen,06,3012
665,4911822179168965,Mastercard,1/12/2030,157,Rickie Bowdidge,11 Cardinal Alley,Cincinnati,OH,45249,United States,7548.81,5/12/2030,Devpoint,Entertainment,eu nibh quisque id justo sit amet sapien dignissim vestibulum vestibulum ante,Cash Advance,USD,1.4279,6152.12,1/18/2025,Approved,luctus nec molestie sed justo pellentesque viverra pede ac diam cras pellentesque volutpat dui maecenas tristique est et tempus semper,Agivu,eget congue eget semper rutrum nulla nunc purus phasellus in felis donec semper sapien a,Dudley Crassweller,dcrasswellerig@quantcast.com,513-886-0305,935 Mallard Way,São Gotardo,,38800-000
666,490315007413094333,Visa,2/9/2029,617,Adrienne Seekings,818 Nova Lane,Zarechnyy,,164020,Russia,2469.06,3/19/2029,Photolist,Travel,etiam pretium iaculis justo in hac habitasse platea dictumst etiam faucibus cursus urna ut,Refund,RUB,1.6622,1487.96,5/2/2030,Declined,quam sapien varius ut blandit non interdum in ante vestibulum ante ipsum primis in faucibus orci luctus,Dabshots,commodo vulputate justo in blandit ultrices enim lorem ipsum dolor sit,Archer Aucoate,aaucoateih@list-manage.com,350-721-3508,02076 Coolidge Crossing,Pikalëvo,,187600
667,374288128365987,American Express,9/13/2029,218,Kristoffer Braksper,03 Kinsman Avenue,Shewopo,,,China,3512.69,8/14/2028,Innotype,Dining,pharetra magna vestibulum aliquet ultrices erat tortor sollicitudin mi sit amet lobortis sapien sapien non mi integer ac neque,Purchase,CNY,0.6246,9364.47,12/8/2024,Declined,pede ac diam cras pellentesque volutpat dui maecenas tristique est et tempus semper est quam pharetra magna ac consequat,Quamba,platea dictumst aliquam augue quam sollicitudin vitae consectetuer eget rutrum at lorem integer tincidunt ante vel ipsum praesent blandit lacinia,Shawn Josskovitz,sjosskovitzii@goo.gl,682-438-3213,6 Leroy Park,Scranton,PA,18505
668,30204592489043,Mastercard,9/18/2026,597,Demetria Alejandri,21 Burning Wood Circle,Tignoan,,8305,Philippines,941.44,1/1/2022,Jabbercube,Travel,nulla neque libero convallis eget eleifend luctus ultricies eu nibh quisque id justo sit amet sapien dignissim,Cash Advance,PHP,1.8642,2599.74,10/15/2022,Pending,neque duis bibendum morbi non quam nec dui luctus rutrum nulla tellus in sagittis dui vel,Realmix,id ornare imperdiet sapien urna pretium nisl ut volutpat sapien arcu sed augue aliquam erat volutpat in congue etiam,Tally Denidge,tdenidgeij@joomla.org,467-642-8149,29 Hanover Center,Torrevieja,VC,03184
669,3533793280436411,American Express,8/1/2028,321,Maria Bleckly,16338 Dovetail Place,Lulindi,,,Tanzania,6949.7,11/2/2030,Zoomcast,Dining,nulla facilisi cras non velit nec nisi vulputate nonummy maecenas tincidunt lacus at velit vivamus vel,Purchase,TZS,1.3946,7961.1,10/8/2029,Pending,vestibulum ante ipsum primis in faucibus orci luctus et ultrices posuere cubilia curae nulla dapibus dolor vel est donec odio,Realmix,eu felis fusce posuere felis sed lacus morbi sem mauris laoreet,Guss Limpricht,glimprichtik@ft.com,566-437-8676,5 Mifflin Terrace,Lingmen,,
670,30523686509006,American Express,2/5/2027,316,Marena Kitchener,2 Morningstar Avenue,Nanyuan,,,China,3411.03,4/11/2029,Youbridge,Dining,in faucibus orci luctus et ultrices posuere cubilia curae duis faucibus accumsan odio curabitur convallis,Purchase,CNY,0.8105,4659.29,5/23/2026,Pending,sed magna at nunc commodo placerat praesent blandit nam nulla,Flipbug,elementum pellentesque quisque porta volutpat erat quisque erat eros viverra,Crissy Kenningham,ckenninghamil@wikimedia.org,559-985-3558,428 Sherman Parkway,Koumac,,98850
671,3568222885885606,American Express,2/7/2026,492,Elisha Montfort,8776 Toban Point,Changbu,,,China,3652.61,11/1/2022,Edgeblab,Dining,vestibulum ac est lacinia nisi venenatis tristique fusce congue diam id ornare imperdiet sapien urna pretium nisl,Refund,CNY,1.4954,2948.23,6/12/2022,Declined,risus auctor sed tristique in tempus sit amet sem fusce consequat nulla,Brainverse,massa tempor convallis nulla neque libero convallis eget eleifend luctus ultricies eu nibh,Louisette Inggall,linggallim@icio.us,207-720-9978,46422 Main Park,Kiuteta,,
672,5602250798076659006,Mastercard,4/19/2030,654,Bonita Pavek,5360 Surrey Parkway,Maruoka,,997-0334,Japan,9398.43,1/6/2025,Dynabox,Dining,lectus suspendisse potenti in eleifend quam a odio in hac habitasse platea dictumst maecenas ut massa quis augue luctus,Purchase,JPY,0.6561,972.82,6/3/2029,Pending,justo sit amet sapien dignissim vestibulum vestibulum ante ipsum primis in,Demizz,a pede posuere nonummy integer non velit donec diam neque vestibulum eget vulputate,Camile Ceaplen,cceaplenin@ucoz.ru,700-111-1544,07387 Saint Paul Alley,Sobreiro,03,4730-040
673,490522320441307232,Mastercard,3/2/2023,991,Farra Elbourne,11042 Eagle Crest Pass,Gramaços,06,3400-044,Portugal,829.68,4/4/2022,Jaloo,Retail,eu magna vulputate luctus cum sociis natoque penatibus et magnis dis,Purchase,EUR,1.0788,1505.36,10/11/2024,Declined,hac habitasse platea dictumst morbi vestibulum velit id pretium iaculis diam erat fermentum justo nec condimentum neque,Izio,non lectus aliquam sit amet diam in magna bibendum imperdiet nullam orci pede venenatis non sodales sed tincidunt eu felis,Melli Lotte,mlotteio@foxnews.com,303-968-0904,7 Homewood Way,El Parco District,,
674,3553231168947097,Mastercard,10/14/2022,490,Rochette Goldstone,473 Ohio Parkway,Codajás,,69450-000,Brazil,145.6,2/25/2024,Meetz,Retail,a pede posuere nonummy integer non velit donec diam neque vestibulum eget,Refund,BRL,0.5297,639.53,4/8/2027,Declined,tortor sollicitudin mi sit amet lobortis sapien sapien non mi integer ac,Divavu,id lobortis convallis tortor risus dapibus augue vel accumsan tellus nisi eu orci mauris,Junette FitzGilbert,jfitzgilbertip@cocolog-nifty.com,602-113-2425,6 Sugar Plaza,Rönninge,AB,144 30
675,3561252327277069,American Express,11/3/2025,572,Tadd Hutcheon,3 Eastwood Circle,Jinshan,,,China,6907.08,6/23/2030,Dazzlesphere,Travel,morbi porttitor lorem id ligula suspendisse ornare consequat lectus in est risus,Cash Advance,CNY,0.6408,9091.6,6/3/2022,Declined,eu tincidunt in leo maecenas pulvinar lobortis est phasellus sit amet erat nulla tempus vivamus in felis,Mydo,diam id ornare imperdiet sapien urna pretium nisl ut volutpat sapien arcu sed augue aliquam erat,Errol Brundall,ebrundalliq@addthis.com,746-321-0805,94337 Sheridan Trail,Platičevo,,
676,5048375172493313,Visa,1/22/2028,745,Madelyn Macak,4195 Pankratz Road,Káto Dhiminió,,,Greece,9046.94,5/28/2025,Skiba,Dining,in magna bibendum imperdiet nullam orci pede venenatis non sodales sed tincidunt eu felis fusce posuere felis sed lacus,Cash Advance,EUR,1.0123,2694.89,3/11/2023,Declined,et magnis dis parturient montes nascetur ridiculus mus etiam vel augue vestibulum rutrum rutrum neque aenean auctor gravida sem,Skaboo,amet diam in magna bibendum imperdiet nullam orci pede venenatis non sodales sed tincidunt eu felis fusce posuere felis sed,Elwood Branwhite,ebranwhiteir@spiegel.de,936-817-5581,6 Columbus Park,Mengzhai,,
677,5007660826133053,Mastercard,1/23/2029,345,Maryanne Greve,170 Village Green Alley,Yangqiao,,,China,274.21,8/31/2029,Meedoo,Retail,dapibus duis at velit eu est congue elementum in hac habitasse platea dictumst morbi vestibulum velit id pretium iaculis diam,Refund,CNY,1.3128,6929.75,5/28/2028,Declined,maecenas rhoncus aliquam lacus morbi quis tortor id nulla ultrices aliquet maecenas leo odio,Quimm,tempor turpis nec euismod scelerisque quam turpis adipiscing lorem vitae mattis nibh ligula nec sem duis aliquam convallis,Tiena Howatt,thowattis@un.org,839-604-1440,8312 Cottonwood Center,Agrelo,03,4730-300
678,4405002890904898,Mastercard,7/14/2026,132,Natal Cornes,9 Maple Court,Johor Bahru,JHR,81310,Malaysia,390.21,8/29/2028,Cogibox,Retail,turpis donec posuere metus vitae ipsum aliquam non mauris morbi non,Cash Advance,MYR,0.853,6459.0,1/13/2025,Declined,vel augue vestibulum rutrum rutrum neque aenean auctor gravida sem praesent id massa,Blognation,tincidunt lacus at velit vivamus vel nulla eget eros elementum pellentesque quisque porta volutpat erat quisque erat eros viverra eget,Bail Hartfield,bhartfieldit@ft.com,689-378-8000,386 Westerfield Plaza,Frederiksberg,1084,1917
679,3535238829639305,Mastercard,2/9/2026,966,Bradford Spratley,8850 Rockefeller Road,Orléans,A3,45075 CEDEX 2,France,8497.27,4/9/2030,Yata,Retail,sit amet lobortis sapien sapien non mi integer ac neque duis bibendum morbi non quam nec dui luctus rutrum,Cash Advance,EUR,1.778,6401.14,7/10/2025,Pending,erat fermentum justo nec condimentum neque sapien placerat ante nulla justo aliquam quis turpis eget elit,Buzzbean,nec dui luctus rutrum nulla tellus in sagittis dui vel nisl duis ac,Bucky Banasevich,bbanasevichiu@miitbeian.gov.cn,879-721-3050,5 Farmco Parkway,Cruces de Anorí,,052857
680,3534523126780667,Mastercard,2/6/2025,563,Meryl Broddle,7 Warner Drive,Vary,,,Ukraine,9863.97,8/2/2024,Thoughtbeat,Travel,varius nulla facilisi cras non velit nec nisi vulputate nonummy maecenas,Cash Advance,UAH,1.1662,645.87,1/13/2027,Declined,ultricies eu nibh quisque id justo sit amet sapien dignissim vestibulum vestibulum ante ipsum primis,Snaptags,ut at dolor quis odio consequat varius integer ac leo pellentesque ultrices mattis,Lolita Goodsal,lgoodsaliv@mac.com,749-679-2782,0756 Manufacturers Hill,Sarzedo,06,3300-405
681,67623707197190347,Visa,2/21/2029,720,Dionne Rentalll,66 Washington Street,Patayac,,2419,Philippines,5228.97,7/19/2022,Mudo,Entertainment,sem praesent id massa id nisl venenatis lacinia aenean sit amet,Cash Advance,PHP,1.1086,5431.85,12/18/2025,Pending,faucibus orci luctus et ultrices posuere cubilia curae duis faucibus accumsan odio curabitur convallis duis,Yacero,libero quis orci nullam molestie nibh in lectus pellentesque at nulla suspendisse potenti cras in purus eu,Toddie Pemberton,tpembertoniw@usnews.com,852-648-0180,30 Algoma Circle,Changqi,,
682,3587614239503132,American Express,3/22/2028,337,Daisy Colman,1251 Bellgrove Pass,Taozhuang,,,China,8063.85,6/18/2025,Kare,Travel,est lacinia nisi venenatis tristique fusce congue diam id ornare imperdiet sapien urna,Purchase,CNY,1.0125,5327.56,7/2/2027,Declined,egestas metus aenean fermentum donec ut mauris eget massa tempor convallis nulla neque libero,Dabtype,ut ultrices vel augue vestibulum ante ipsum primis in faucibus orci luctus et,Kelsey Dalman,kdalmanix@latimes.com,612-715-8247,8 Southridge Plaza,Gaocheng,,
683,4041371312173014,Visa,12/7/2030,248,Tanner MacCauley,65503 Stoughton Road,Maofan,,,China,8241.33,2/20/2023,LiveZ,Entertainment,donec pharetra magna vestibulum aliquet ultrices erat tortor sollicitudin mi sit amet lobortis sapien,Purchase,CNY,0.9566,7552.02,4/8/2028,Declined,lectus in quam fringilla rhoncus mauris enim leo rhoncus sed vestibulum sit amet,Yacero,vulputate justo in blandit ultrices enim lorem ipsum dolor sit amet consectetuer adipiscing,Abagael Lambourne,alambourneiy@pagesperso-orange.fr,503-129-0595,0 Jenifer Parkway,Västerås,U,721 57
684,3537605304101985,American Express,1/17/2022,664,Kingsley Bardell,4 Eastwood Park,Pangkalanbunut,,,Indonesia,6743.33,6/2/2027,Demizz,Retail,et eros vestibulum ac est lacinia nisi venenatis tristique fusce congue diam id ornare imperdiet sapien urna pretium,Refund,IDR,0.949,3250.17,6/9/2023,Approved,nulla facilisi cras non velit nec nisi vulputate nonummy maecenas,Eare,nibh in hac habitasse platea dictumst aliquam augue quam sollicitudin vitae consectetuer eget rutrum at lorem,Mendel Pavie,mpavieiz@nymag.com,990-780-7410,82064 Menomonie Drive,Itaguaí,,23800-000
685,30317690487964,Mastercard,5/9/2029,247,Kathy Duns,19 Farragut Trail,Xiaochengzi,,,China,6778.4,10/25/2023,Wikido,Travel,lorem ipsum dolor sit amet consectetuer adipiscing elit proin risus praesent lectus vestibulum quam sapien varius ut,Cash Advance,CNY,0.6853,881.84,1/24/2024,Approved,suspendisse potenti cras in purus eu magna vulputate luctus cum sociis natoque penatibus et magnis,Snaptags,aliquam convallis nunc proin at turpis a pede posuere nonummy integer,Jonathon Castilla,jcastillaj0@ycombinator.com,209-621-6259,744 Longview Road,Al Qubbah,,
686,3535425272880367,Visa,12/17/2023,395,Iormina Kimbley,66512 Daystar Pass,Río Tercero,,5850,Argentina,9756.19,6/13/2030,Aibox,Dining,in hac habitasse platea dictumst etiam faucibus cursus urna ut tellus nulla ut erat id,Purchase,ARS,0.9858,9175.4,4/25/2029,Approved,sodales sed tincidunt eu felis fusce posuere felis sed lacus morbi sem mauris laoreet ut rhoncus aliquet pulvinar,Browsetype,enim leo rhoncus sed vestibulum sit amet cursus id turpis integer aliquet,Yule Stebbings,ystebbingsj1@1688.com,138-374-0446,4 Hooker Plaza,Guadalupe,CAM,24400
687,30424834576775,Visa,1/18/2029,539,Arvin Sutton,5379 Glacier Hill Street,Wysoka,,89-320,Poland,2057.78,8/11/2029,Rhynyx,Retail,orci eget orci vehicula condimentum curabitur in libero ut massa volutpat,Refund,PLN,0.8983,8734.82,4/13/2029,Approved,luctus et ultrices posuere cubilia curae donec pharetra magna vestibulum aliquet,Photospace,donec posuere metus vitae ipsum aliquam non mauris morbi non,Elmira Ovid,eovidj2@wiley.com,837-752-1658,17 Hansons Plaza,Houzhai,,
688,3538198187249591,American Express,8/16/2022,815,Rene Ambroise,9861 Mendota Center,Hejiaping,,,China,7257.01,12/3/2026,Topiclounge,Entertainment,interdum eu tincidunt in leo maecenas pulvinar lobortis est phasellus sit amet erat nulla,Refund,CNY,1.31,1509.97,10/29/2025,Approved,nulla suspendisse potenti cras in purus eu magna vulputate luctus cum,Browsebug,rhoncus mauris enim leo rhoncus sed vestibulum sit amet cursus id turpis integer aliquet massa id lobortis,Holli Shingler,hshinglerj3@phpbb.com,887-225-9477,422 Lawn Parkway,Fort Worth,TX,76110
689,3547188372208774,Mastercard,1/13/2029,231,Kerrill Brian,36 Bashford Parkway,Liaobu,,,China,6117.63,1/15/2023,Quaxo,Dining,orci vehicula condimentum curabitur in libero ut massa volutpat convallis,Cash Advance,CNY,0.9915,911.39,1/17/2030,Approved,ligula in lacus curabitur at ipsum ac tellus semper interdum mauris ullamcorper purus sit amet,Kamba,felis eu sapien cursus vestibulum proin eu mi nulla ac enim in tempor,Guthrey Kemmey,gkemmeyj4@yahoo.co.jp,240-540-0755,73 Luster Drive,Danbury,CT,06816
690,6709124861495103158,American Express,7/8/2024,942,Jarred Pudding,3 Judy Lane,Kotakan Selatan,,,Indonesia,1411.49,12/19/2028,Fiveclub,Dining,mattis nibh ligula nec sem duis aliquam convallis nunc proin at turpis a pede,Cash Advance,IDR,1.1104,8687.3,5/20/2027,Approved,lobortis est phasellus sit amet erat nulla tempus vivamus in felis eu sapien cursus vestibulum proin eu mi nulla ac,Skibox,massa id lobortis convallis tortor risus dapibus augue vel accumsan tellus nisi eu orci mauris lacinia sapien quis libero nullam,Sayer Flecknell,sflecknellj5@joomla.org,373-195-2496,2 Bellgrove Pass,Rakszawa,,37-111
691,3552637060175812,Visa,9/22/2028,418,Sheree Griss,8 Fuller Point,Kota Kinabalu,SBH,88861,Malaysia,4322.68,4/2/2030,Skinix,Travel,metus vitae ipsum aliquam non mauris morbi non lectus aliquam sit amet diam in magna bibendum,Refund,MYR,0.9647,5.81,7/3/2029,Approved,neque libero convallis eget eleifend luctus ultricies eu nibh quisque id justo sit amet sapien dignissim vestibulum,Bubblemix,nullam sit amet turpis elementum ligula vehicula consequat morbi a ipsum integer a nibh,Eadie Trays,etraysj6@businesswire.com,718-588-2468,0450 Cambridge Pass,Gasri,,
692,3569954581686057,American Express,12/26/2030,667,Bettine Zmitrovich,6 Oak Valley Center,Baojia,,,China,9574.02,11/4/2027,Babbleopia,Travel,consequat metus sapien ut nunc vestibulum ante ipsum primis in faucibus orci luctus et,Cash Advance,CNY,1.3332,2258.65,2/21/2024,Approved,convallis tortor risus dapibus augue vel accumsan tellus nisi eu orci mauris lacinia sapien quis libero nullam sit amet,Yodel,velit donec diam neque vestibulum eget vulputate ut ultrices vel augue vestibulum ante,Hilton Beteriss,hbeterissj7@exblog.jp,107-933-2074,5738 Straubel Avenue,Oemollo,,
693,3583448891233793,Mastercard,8/2/2028,853,Caria Flear,26 Sheridan Avenue,Al Bilād,,,Yemen,1889.07,11/7/2030,Roodel,Travel,ut blandit non interdum in ante vestibulum ante ipsum primis in faucibus orci,Purchase,YER,1.8552,6796.67,8/10/2024,Declined,nulla ultrices aliquet maecenas leo odio condimentum id luctus nec,Jaxworks,magnis dis parturient montes nascetur ridiculus mus etiam vel augue vestibulum rutrum,Corliss Pietersen,cpietersenj8@hugedomains.com,569-363-2958,37462 Golf Course Center,Kengyuan,,
694,56108945093962420,American Express,12/11/2029,830,Alisa Coon,5 Mesta Street,Houston,TX,77070,United States,3416.28,7/15/2030,Jazzy,Entertainment,at nibh in hac habitasse platea dictumst aliquam augue quam sollicitudin vitae consectetuer,Cash Advance,USD,1.4335,8398.86,8/30/2030,Approved,orci luctus et ultrices posuere cubilia curae donec pharetra magna vestibulum aliquet ultrices erat tortor sollicitudin mi sit amet lobortis,Wordify,porta volutpat quam pede lobortis ligula sit amet eleifend pede libero quis,Genna Caistor,gcaistorj9@ocn.ne.jp,832-671-5742,1 Donald Place,Changwon,,
695,372301653815755,American Express,3/1/2030,187,Buddy Dowry,142 Novick Parkway,Bridgewater,NS,B4V,Canada,3182.29,2/16/2029,Brightbean,Travel,orci pede venenatis non sodales sed tincidunt eu felis fusce posuere felis sed,Cash Advance,CAD,1.4348,8539.26,2/9/2028,Pending,consectetuer eget rutrum at lorem integer tincidunt ante vel ipsum praesent blandit lacinia erat vestibulum sed magna,Kazio,nunc proin at turpis a pede posuere nonummy integer non velit donec diam neque vestibulum eget vulputate,Roley Emanulsson,remanulssonja@devhub.com,891-287-9601,30 Rusk Hill,Dallas,TX,75397
696,3537312722422842,Visa,12/12/2023,451,Sigrid Gorce,6 La Follette Court,Lago da Pedra,,65715-000,Brazil,5795.64,9/21/2028,Feednation,Travel,vivamus metus arcu adipiscing molestie hendrerit at vulputate vitae nisl aenean lectus pellentesque eget nunc,Purchase,BRL,1.8979,3188.02,12/16/2030,Approved,nunc nisl duis bibendum felis sed interdum venenatis turpis enim blandit mi in porttitor,Yakidoo,dui vel nisl duis ac nibh fusce lacus purus aliquet at feugiat non pretium quis lectus,Ginnifer Darragh,gdarraghjb@123-reg.co.uk,548-523-9509,981 Talmadge Avenue,Bom Despacho,,35600-000
697,675976863282385533,Mastercard,1/7/2027,342,Albie Bengochea,2 Mandrake Drive,Danao,,6344,Philippines,8271.04,11/5/2030,Skajo,Dining,integer tincidunt ante vel ipsum praesent blandit lacinia erat vestibulum sed magna at nunc commodo placerat praesent,Cash Advance,PHP,1.2646,425.07,8/15/2023,Declined,luctus ultricies eu nibh quisque id justo sit amet sapien dignissim vestibulum vestibulum ante ipsum primis in faucibus orci,Meejo,id luctus nec molestie sed justo pellentesque viverra pede ac diam cras pellentesque volutpat dui maecenas,Gibby Fridlington,gfridlingtonjc@yahoo.co.jp,446-578-2279,0 Truax Lane,Banjar Bongangede,,
698,3552527418909337,Mastercard,2/16/2028,998,Annalise Shave,98 Autumn Leaf Plaza,Katsuta,,927-2162,Japan,7644.06,3/17/2024,Livetube,Dining,non interdum in ante vestibulum ante ipsum primis in faucibus orci luctus et ultrices posuere cubilia curae duis,Purchase,JPY,0.7282,3423.59,6/2/2022,Declined,sit amet nulla quisque arcu libero rutrum ac lobortis vel dapibus at,Zoombox,duis mattis egestas metus aenean fermentum donec ut mauris eget massa tempor convallis nulla neque libero convallis eget,Fritz Franciskiewicz,ffranciskiewiczjd@illinois.edu,860-971-3173,54 Petterle Junction,Balinad,,4506
699,3531620150834841,American Express,1/16/2022,721,Annaliese Sollom,01 Anderson Drive,Petukhovo,,641642,Russia,8292.47,9/1/2022,Zoomdog,Travel,montes nascetur ridiculus mus vivamus vestibulum sagittis sapien cum sociis natoque penatibus et magnis dis,Refund,RUB,0.6839,1587.38,11/16/2022,Pending,vestibulum eget vulputate ut ultrices vel augue vestibulum ante ipsum,Mita,morbi a ipsum integer a nibh in quis justo maecenas rhoncus aliquam lacus morbi quis tortor,Sam Perkis,sperkisje@epa.gov,762-938-4242,01100 Fairfield Trail,Schaumburg,IL,60193
700,5438232434721593,American Express,9/14/2029,139,Hendrika Golly,0456 Arrowood Drive,Mullsjö,F,565 31,Sweden,4111.38,7/14/2025,Tagcat,Entertainment,sapien arcu sed augue aliquam erat volutpat in congue etiam justo etiam pretium iaculis,Cash Advance,SEK,1.2558,2957.29,5/17/2022,Declined,in faucibus orci luctus et ultrices posuere cubilia curae duis faucibus accumsan odio curabitur,Zoomlounge,sollicitudin vitae consectetuer eget rutrum at lorem integer tincidunt ante vel,Yardley Okroy,yokroyjf@unblog.fr,654-418-8441,30632 Mitchell Court,Sungsang,,
701,372301404752430,American Express,5/18/2022,247,Merrill Petriello,2 Merry Place,New York City,NY,10060,United States,941.15,5/2/2028,Oyoba,Dining,ligula pellentesque ultrices phasellus id sapien in sapien iaculis congue vivamus metus arcu,Cash Advance,USD,0.754,5762.33,12/5/2025,Declined,erat tortor sollicitudin mi sit amet lobortis sapien sapien non,Jabbersphere,a pede posuere nonummy integer non velit donec diam neque vestibulum eget vulputate ut ultrices vel,Rochester May,rmayjg@exblog.jp,646-511-6656,0 Becker Road,Johanneshov,AB,121 12
702,5610810999199949,American Express,12/19/2030,565,Leela Kelemen,7 Spaight Drive,Taltal,,6715,Philippines,6462.09,4/7/2030,Plajo,Dining,in tempor turpis nec euismod scelerisque quam turpis adipiscing lorem vitae mattis nibh ligula nec,Cash Advance,PHP,1.0937,7983.91,12/26/2029,Approved,vel augue vestibulum ante ipsum primis in faucibus orci luctus et,Linklinks,pulvinar sed nisl nunc rhoncus dui vel sem sed sagittis nam congue risus semper,Melisandra Cherryman,mcherrymanjh@privacy.gov.au,912-925-3713,70 Mccormick Trail,Ogoja,,
703,3533165236046331,Visa,9/6/2025,632,Rafaellle Daughtery,8090 Stang Junction,Bayan,,,Indonesia,4763.05,12/16/2029,Jetwire,Retail,porttitor pede justo eu massa donec dapibus duis at velit eu est congue,Purchase,IDR,1.6984,8570.88,2/7/2026,Pending,potenti in eleifend quam a odio in hac habitasse platea dictumst maecenas ut massa quis augue luctus tincidunt nulla,Innojam,dictumst aliquam augue quam sollicitudin vitae consectetuer eget rutrum at lorem integer,Joy Bortolozzi,jbortolozziji@boston.com,864-485-8956,4 Esch Park,Aranguren,,3162
704,345489150550332,Visa,10/23/2023,489,Barton Ivanisov,41 Graceland Junction,Khlong Sam Wa,,10240,Thailand,732.19,2/12/2022,Brainverse,Dining,felis ut at dolor quis odio consequat varius integer ac leo pellentesque ultrices mattis,Refund,THB,0.8853,1155.02,7/4/2028,Approved,in lacus curabitur at ipsum ac tellus semper interdum mauris ullamcorper purus sit amet nulla,Jabbercube,interdum mauris non ligula pellentesque ultrices phasellus id sapien in sapien iaculis congue vivamus metus arcu adipiscing molestie hendrerit at,Rivkah Simonnet,rsimonnetjj@nasa.gov,415-262-5136,899 Commercial Junction,Łęki,,38-473
705,3529182575967098,American Express,2/19/2022,984,Gil Diament,14 International Road,Camacha,31,9135-054,Portugal,6627.24,2/21/2029,Camimbo,Dining,rhoncus sed vestibulum sit amet cursus id turpis integer aliquet massa id lobortis convallis,Purchase,EUR,1.0698,5158.37,8/8/2030,Declined,ut erat curabitur gravida nisi at nibh in hac habitasse platea dictumst aliquam augue quam sollicitudin vitae consectetuer,Thoughtmix,quam turpis adipiscing lorem vitae mattis nibh ligula nec sem duis,Matelda Thewless,mthewlessjk@engadget.com,520-214-4147,602 Mcguire Park,Hat Yai,,90110
706,201576336406992,American Express,7/18/2029,724,Weston Spellecy,83 Stang Crossing,Agbani,,,Nigeria,7266.8,12/21/2030,Dablist,Dining,gravida nisi at nibh in hac habitasse platea dictumst aliquam augue,Purchase,NGN,1.97,7698.53,2/8/2027,Pending,enim sit amet nunc viverra dapibus nulla suscipit ligula in lacus curabitur at ipsum ac tellus semper interdum,Blognation,posuere cubilia curae nulla dapibus dolor vel est donec odio justo sollicitudin ut suscipit a feugiat et,Catie Rowlin,crowlinjl@hugedomains.com,897-861-1186,39447 Eagan Junction,Cimalati,,
707,56022598151746657,Mastercard,5/29/2022,125,Maggy Staunton,3216 Mcbride Road,Nangen,,,South Korea,1230.27,1/24/2026,Kwilith,Travel,lectus vestibulum quam sapien varius ut blandit non interdum in ante vestibulum ante ipsum primis in faucibus orci luctus,Refund,KRW,1.8596,3441.99,2/18/2022,Approved,id ligula suspendisse ornare consequat lectus in est risus auctor sed tristique in tempus sit amet sem fusce consequat nulla,Gigaclub,et ultrices posuere cubilia curae donec pharetra magna vestibulum aliquet ultrices erat tortor sollicitudin mi sit amet lobortis sapien,Kirbie Sunderland,ksunderlandjm@angelfire.com,895-505-2503,28 Main Pass,Týrnavos,,
708,5602222562886131308,Visa,3/5/2029,162,Maddy Brabbs,3 Wayridge Terrace,Lipljan,,,Kosovo,9414.12,7/31/2025,Jayo,Dining,fringilla rhoncus mauris enim leo rhoncus sed vestibulum sit amet cursus id turpis integer aliquet,Cash Advance,EUR,1.9285,234.21,1/10/2029,Declined,dolor quis odio consequat varius integer ac leo pellentesque ultrices mattis odio donec,Realbridge,ipsum primis in faucibus orci luctus et ultrices posuere cubilia curae donec pharetra magna,Caril Froggatt,cfroggattjn@etsy.com,802-208-0652,93 Farmco Trail,Chillán,,
709,67065517425413105,Visa,11/18/2022,136,Joanne Turvie,7 Blackbird Circle,Talagasari,,,Indonesia,2230.77,2/20/2030,Abatz,Entertainment,blandit nam nulla integer pede justo lacinia eget tincidunt eget tempus vel pede morbi,Purchase,IDR,0.6331,3975.65,10/17/2024,Declined,vel sem sed sagittis nam congue risus semper porta volutpat quam pede,Yodo,sollicitudin vitae consectetuer eget rutrum at lorem integer tincidunt ante vel ipsum praesent blandit lacinia erat vestibulum,Philippe Tremblet,ptrembletjo@networkadvertising.org,321-187-5470,88 Center Junction,Solna,AB,171 78
710,4041379983452849,American Express,1/18/2026,685,Hollie Dooman,69 Golf View Avenue,Maslog,,6820,Philippines,4631.88,6/16/2030,Linktype,Entertainment,consequat in consequat ut nulla sed accumsan felis ut at dolor quis odio consequat,Refund,PHP,1.0027,3459.75,7/14/2025,Declined,curae donec pharetra magna vestibulum aliquet ultrices erat tortor sollicitudin mi sit amet lobortis sapien sapien non mi,Linklinks,hac habitasse platea dictumst aliquam augue quam sollicitudin vitae consectetuer eget rutrum at lorem integer tincidunt ante vel ipsum praesent,Agathe Lamputt,alamputtjp@studiopress.com,861-870-8586,163 Bluejay Pass,Banyliv,,
711,3585127100758356,Visa,8/26/2029,845,Mersey Mingey,8 Loftsgordon Court,Huyuan,,,China,2804.72,8/24/2022,Tagpad,Dining,duis ac nibh fusce lacus purus aliquet at feugiat non pretium quis lectus,Refund,CNY,1.4836,1534.44,5/8/2028,Approved,lobortis ligula sit amet eleifend pede libero quis orci nullam molestie nibh in lectus pellentesque at nulla suspendisse,Riffpath,vulputate justo in blandit ultrices enim lorem ipsum dolor sit,Dian Fairbairn,dfairbairnjq@miitbeian.gov.cn,541-501-9717,9 Moulton Park,Strohonivka,,
712,3554952586573996,Visa,4/12/2030,250,Brant Boone,86 American Ash Drive,Kisarazu,,299-0271,Japan,2293.91,6/10/2022,Myworks,Travel,placerat praesent blandit nam nulla integer pede justo lacinia eget tincidunt eget tempus vel pede morbi,Refund,JPY,1.8987,8774.99,6/11/2028,Pending,at lorem integer tincidunt ante vel ipsum praesent blandit lacinia erat vestibulum sed magna at nunc,Bubbletube,nisl aenean lectus pellentesque eget nunc donec quis orci eget orci,Homerus Pietraszek,hpietraszekjr@mapquest.com,481-123-4758,4 Glacier Hill Way,Ḏânan,,
713,3574466052845842,Mastercard,4/9/2030,786,Edythe Gregolin,4 Becker Hill,Chiara,,,Peru,9076.17,10/24/2028,Edgetag,Entertainment,a odio in hac habitasse platea dictumst maecenas ut massa,Purchase,PEN,1.3882,2333.49,8/14/2030,Approved,lacinia eget tincidunt eget tempus vel pede morbi porttitor lorem id ligula,Photolist,mollis molestie lorem quisque ut erat curabitur gravida nisi at nibh in hac habitasse,Taylor Housbey,thousbeyjs@amazon.de,987-737-2819,7782 Declaration Lane,Tanakawu Dua,,
714,3555706246305192,American Express,6/27/2025,807,Brandice Josipovitz,58253 Evergreen Place,Kula,,3818,Bulgaria,2721.74,9/14/2028,Meedoo,Entertainment,felis donec semper sapien a libero nam dui proin leo odio porttitor id consequat in consequat ut,Cash Advance,BGN,0.9095,5661.5,11/12/2023,Approved,parturient montes nascetur ridiculus mus vivamus vestibulum sagittis sapien cum sociis natoque penatibus,Camimbo,convallis nulla neque libero convallis eget eleifend luctus ultricies eu nibh quisque id justo sit,Liam Fellows,lfellowsjt@ebay.co.uk,525-987-9075,24 Vera Circle,Youxi,,
715,3532060677567724,American Express,8/30/2029,254,Joachim Witz,18723 Vahlen Hill,Basseterre,,,Saint Kitts and Nevis,8593.42,10/31/2027,Topicstorm,Retail,lobortis convallis tortor risus dapibus augue vel accumsan tellus nisi eu orci mauris,Purchase,XCD,1.2349,8808.92,2/19/2029,Declined,morbi porttitor lorem id ligula suspendisse ornare consequat lectus in est risus auctor sed tristique in tempus sit amet sem,Mybuzz,imperdiet nullam orci pede venenatis non sodales sed tincidunt eu felis fusce,Verine Tilliards,vtilliardsju@boston.com,392-765-7723,83 Grasskamp Terrace,Jiaogong,,
716,5048371088309107,American Express,8/27/2022,731,Nolan Thonason,4097 Independence Place,Skarbimierz Osiedle,,20-282,Poland,471.19,5/21/2022,Avavee,Retail,mauris vulputate elementum nullam varius nulla facilisi cras non velit nec nisi vulputate,Cash Advance,PLN,1.5166,1245.83,10/1/2028,Declined,lorem id ligula suspendisse ornare consequat lectus in est risus auctor sed tristique in tempus sit amet sem fusce consequat,Oloo,est congue elementum in hac habitasse platea dictumst morbi vestibulum velit id pretium,Venita Van Arsdalen,vvanjv@moonfruit.com,826-805-2952,09007 Alpine Center,Davyd-Haradok,,
717,3548334553936572,Mastercard,1/19/2025,786,Irvine Mansfield,4 Marcy Lane,Jincheng,,,China,1403.01,7/14/2025,Skaboo,Entertainment,eros elementum pellentesque quisque porta volutpat erat quisque erat eros viverra eget congue eget semper,Purchase,CNY,1.4678,9281.94,11/19/2028,Approved,ut massa volutpat convallis morbi odio odio elementum eu interdum eu tincidunt in leo maecenas pulvinar,Divavu,vestibulum velit id pretium iaculis diam erat fermentum justo nec condimentum neque,Rena Fisk,rfiskjw@51.la,833-116-2819,338 Hoepker Lane,Pitangueiras,,14750-000
718,3546544301948800,Mastercard,7/30/2029,700,Flossi Furnell,7 Thackeray Terrace,Auxerre,A1,89024 CEDEX,France,4168.23,11/10/2030,Demimbu,Travel,interdum eu tincidunt in leo maecenas pulvinar lobortis est phasellus sit amet,Refund,EUR,1.9533,1077.59,4/24/2025,Declined,nulla tempus vivamus in felis eu sapien cursus vestibulum proin eu mi nulla ac,Shufflester,pede justo lacinia eget tincidunt eget tempus vel pede morbi porttitor lorem id ligula suspendisse ornare,Jourdan Ensor,jensorjx@parallels.com,529-542-8556,08889 Sloan Road,Hongqi,,
719,5562730085841386,Visa,12/26/2022,159,Frederica Vakhonin,60768 Wayridge Circle,Norcasia,,175007,Colombia,1244.44,11/26/2025,Muxo,Retail,morbi ut odio cras mi pede malesuada in imperdiet et commodo vulputate justo in blandit,Cash Advance,COP,0.7764,1713.77,4/14/2029,Approved,libero nam dui proin leo odio porttitor id consequat in consequat ut nulla,Jaxbean,natoque penatibus et magnis dis parturient montes nascetur ridiculus mus,Kassi Holworth,kholworthjy@digg.com,590-110-3958,616 Dwight Drive,Jauja,,
720,5556490156033466,Mastercard,6/17/2023,204,Forrest Howchin,2494 Cascade Way,Winduraja,,,Indonesia,3811.95,8/11/2027,Yabox,Travel,arcu libero rutrum ac lobortis vel dapibus at diam nam tristique tortor,Cash Advance,IDR,1.9724,7221.21,1/9/2022,Approved,morbi non lectus aliquam sit amet diam in magna bibendum imperdiet nullam,Jetwire,lorem vitae mattis nibh ligula nec sem duis aliquam convallis nunc proin at turpis a pede,Cory Poff,cpoffjz@unicef.org,900-603-3453,4 Merry Plaza,San Marcos,,704038
721,30503986834197,American Express,2/7/2025,178,Cynthie Kermon,26608 Thompson Center,Maralal,,,Kenya,6066.92,3/16/2023,Thoughtmix,Retail,hendrerit at vulputate vitae nisl aenean lectus pellentesque eget nunc donec quis orci eget orci,Purchase,KES,1.6093,8618.56,7/20/2028,Pending,accumsan tellus nisi eu orci mauris lacinia sapien quis libero nullam sit,Agimba,amet lobortis sapien sapien non mi integer ac neque duis bibendum morbi non quam,Hollie Saunt,hsauntk0@ovh.net,154-277-5818,4231 Sunfield Parkway,Arbois,A6,39605 CEDEX
722,3565968078686127,Mastercard,1/17/2023,577,Faina Aberdein,69228 Hoepker Crossing,Bandar-e Māhshahr,,,Iran,2394.64,10/1/2029,Kwideo,Travel,sem sed sagittis nam congue risus semper porta volutpat quam,Purchase,IRR,1.7538,7831.73,11/24/2022,Approved,condimentum curabitur in libero ut massa volutpat convallis morbi odio,Avaveo,ridiculus mus etiam vel augue vestibulum rutrum rutrum neque aenean auctor gravida sem praesent,Netty Roskelley,nroskelleyk1@hostgator.com,878-311-1315,69548 Riverside Alley,Betania,,056077
723,3528958366243018,Visa,2/2/2029,437,Damon Maudson,46348 Namekagon Hill,Songjiang,,,China,3116.19,9/25/2029,Dabtype,Dining,nonummy integer non velit donec diam neque vestibulum eget vulputate ut ultrices vel augue vestibulum ante ipsum primis in,Cash Advance,CNY,0.5056,9376.58,4/10/2026,Declined,in est risus auctor sed tristique in tempus sit amet sem fusce,Zoombox,rhoncus aliquet pulvinar sed nisl nunc rhoncus dui vel sem sed sagittis nam congue risus semper porta volutpat quam pede,Linzy Gregoire,lgregoirek2@springer.com,604-480-9052,70554 Banding Court,Thị Trấn Triệu Sơn,,
724,30328226436037,Mastercard,10/11/2028,766,Augustina Rubens,8 Sunfield Park,Nakhon Luang,,13260,Thailand,6727.45,8/3/2022,Fivebridge,Dining,lobortis ligula sit amet eleifend pede libero quis orci nullam molestie nibh in lectus,Purchase,THB,1.3977,3640.65,9/23/2022,Declined,integer tincidunt ante vel ipsum praesent blandit lacinia erat vestibulum sed magna at,Fivechat,ante vestibulum ante ipsum primis in faucibus orci luctus et ultrices posuere,Brnaby Binder,bbinderk3@skyrock.com,944-544-8734,9 Cordelia Plaza,Dainan,,
725,3580258641546581,Mastercard,9/5/2030,453,Cos Tooley,293 Pennsylvania Junction,Barguzin,,671610,Russia,8923.32,10/15/2022,Talane,Retail,euismod scelerisque quam turpis adipiscing lorem vitae mattis nibh ligula nec sem duis aliquam convallis nunc proin at turpis a,Purchase,RUB,1.4742,4144.1,9/20/2024,Declined,nunc proin at turpis a pede posuere nonummy integer non velit donec diam neque,Kwinu,elementum ligula vehicula consequat morbi a ipsum integer a nibh in quis justo,Codie Peffer,cpefferk4@ning.com,131-686-3272,57 Homewood Junction,Arpajon,A8,91295 CEDEX
726,201898045234345,American Express,8/1/2022,806,Cassy Sear,1369 Lillian Trail,Pragen Selatan,,,Indonesia,3619.96,1/29/2023,Zoombox,Travel,quisque porta volutpat erat quisque erat eros viverra eget congue eget semper rutrum nulla nunc,Purchase,IDR,0.6037,8966.91,12/4/2029,Declined,condimentum neque sapien placerat ante nulla justo aliquam quis turpis,Realpoint,accumsan odio curabitur convallis duis consequat dui nec nisi volutpat eleifend donec ut dolor,Daffy Gorman,dgormank5@paginegialle.it,402-320-0594,12 Bonner Drive,Ciranca Satu,,
727,503822497586883313,Visa,1/7/2027,435,Biddie Abdee,61 Sommers Junction,Jefferson City,MO,65110,United States,7855.33,3/1/2024,Twinte,Travel,tincidunt nulla mollis molestie lorem quisque ut erat curabitur gravida nisi at nibh in hac habitasse platea dictumst aliquam,Purchase,USD,1.1404,4880.29,8/26/2027,Approved,consectetuer adipiscing elit proin risus praesent lectus vestibulum quam sapien varius ut blandit non interdum in ante,Thoughtstorm,sollicitudin vitae consectetuer eget rutrum at lorem integer tincidunt ante,Roselia Rugiero,rrugierok6@nsw.gov.au,573-337-4596,6049 Spaight Way,São Sebastião,43,9700-602
728,3574453737213588,American Express,1/2/2028,205,Gray Faas,175 Ilene Alley,Oneop,,,Micronesia,7963.23,7/26/2029,Aimbu,Travel,metus arcu adipiscing molestie hendrerit at vulputate vitae nisl aenean,Cash Advance,USD,0.8352,6730.99,7/3/2022,Approved,consectetuer eget rutrum at lorem integer tincidunt ante vel ipsum praesent blandit lacinia erat vestibulum sed magna at nunc commodo,Livefish,ut suscipit a feugiat et eros vestibulum ac est lacinia nisi venenatis,Derek Hymans,dhymansk7@statcounter.com,215-686-4760,96262 Vidon Pass,Panalanoy,,6516
729,502062723187984189,Visa,3/30/2023,454,Zelig Tommen,8113 Waywood Road,Dovhe,,,Ukraine,4474.28,12/25/2030,Voonix,Entertainment,et ultrices posuere cubilia curae mauris viverra diam vitae quam suspendisse,Refund,UAH,1.5471,2444.93,8/25/2028,Pending,maecenas leo odio condimentum id luctus nec molestie sed justo pellentesque viverra pede ac diam cras pellentesque volutpat dui maecenas,Vitz,sapien quis libero nullam sit amet turpis elementum ligula vehicula consequat morbi,Micaela Belasco,mbelascok8@meetup.com,951-964-8780,4625 Twin Pines Street,Khatanga,,647462
730,3561703627085248,American Express,3/23/2030,197,Patrizia Chellingworth,07 Starling Drive,Talambung Laok,,,Indonesia,2392.35,7/25/2030,Edgepulse,Dining,sit amet sem fusce consequat nulla nisl nunc nisl duis bibendum felis sed interdum,Purchase,IDR,1.2783,2871.4,11/29/2023,Approved,commodo vulputate justo in blandit ultrices enim lorem ipsum dolor sit amet consectetuer adipiscing elit proin interdum mauris non,Avaveo,quis orci nullam molestie nibh in lectus pellentesque at nulla suspendisse potenti cras in,Jervis Styant,jstyantk9@buzzfeed.com,112-489-6592,0 Bellgrove Lane,Amieirinha,10,2430-024
731,3533260750355042,Mastercard,10/7/2024,159,Alexander Ball,732 Sherman Place,Sanghan,,1773,Philippines,576.82,12/15/2027,Rhycero,Dining,nunc vestibulum ante ipsum primis in faucibus orci luctus et ultrices posuere,Cash Advance,PHP,0.8516,3457.25,1/27/2028,Approved,odio justo sollicitudin ut suscipit a feugiat et eros vestibulum ac est,Edgewire,nec nisi volutpat eleifend donec ut dolor morbi vel lectus,Aldous Cheesman,acheesmanka@auda.org.au,500-101-6142,2 Superior Terrace,Ōmihachiman,,527-0087
732,6393594264669221,Mastercard,10/15/2022,852,Nelia Korting,43071 Kinsman Street,Duobagou,,,China,9280.01,12/25/2027,Skalith,Retail,donec ut dolor morbi vel lectus in quam fringilla rhoncus mauris enim leo rhoncus sed vestibulum sit amet cursus,Cash Advance,CNY,1.9387,3187.79,8/31/2023,Declined,imperdiet et commodo vulputate justo in blandit ultrices enim lorem ipsum dolor sit amet consectetuer adipiscing elit,Zoonder,neque duis bibendum morbi non quam nec dui luctus rutrum nulla tellus in sagittis,Joyous Millican,jmillicankb@yolasite.com,568-856-0997,9 Becker Center,Salvaleón de Higüey,,11906
733,6771002086853577218,Mastercard,6/15/2023,563,Jessa Rouchy,29 Ridgeview Plaza,Velyki Sorochyntsi,,,Ukraine,7705.79,3/20/2029,Dabshots,Dining,maecenas leo odio condimentum id luctus nec molestie sed justo pellentesque,Purchase,UAH,0.8951,1232.01,5/4/2025,Approved,est donec odio justo sollicitudin ut suscipit a feugiat et eros vestibulum ac est lacinia nisi venenatis,Wikibox,vitae consectetuer eget rutrum at lorem integer tincidunt ante vel ipsum praesent blandit lacinia erat,Kikelia Halden,khaldenkc@behance.net,202-296-9956,8420 Havey Road,Yabuli,,
734,201649166741588,American Express,8/8/2028,154,Marci Varden,395 Jackson Place,Põltsamaa,,,Estonia,4720.08,7/7/2029,Meezzy,Dining,lacus morbi quis tortor id nulla ultrices aliquet maecenas leo odio condimentum id luctus,Refund,EUR,0.9102,2257.25,5/4/2026,Declined,magnis dis parturient montes nascetur ridiculus mus vivamus vestibulum sagittis sapien cum sociis natoque penatibus et,Yodoo,est lacinia nisi venenatis tristique fusce congue diam id ornare imperdiet sapien urna pretium nisl ut volutpat sapien arcu sed,Fayina McCaughey,fmccaugheykd@tiny.cc,222-562-1081,4 Cherokee Parkway,Islāmkot,,69240
735,6759554753185387916,Visa,11/14/2027,605,Claus Kenrack,647 Cottonwood Alley,Tampocon,,6210,Philippines,6929.94,7/4/2028,Youtags,Entertainment,cursus id turpis integer aliquet massa id lobortis convallis tortor risus dapibus augue vel accumsan tellus nisi eu,Purchase,PHP,0.6215,9917.86,5/2/2025,Pending,sapien urna pretium nisl ut volutpat sapien arcu sed augue aliquam erat,Bubbletube,sagittis nam congue risus semper porta volutpat quam pede lobortis,Myrle De Few,mdeke@wired.com,931-924-7945,522 Norway Maple Center,Luleå,BD,974 42
736,3543798255212562,American Express,6/29/2027,283,Jane Lugsdin,060 Meadow Valley Way,Arras,B4,62025 CEDEX,France,896.64,1/5/2027,Jabbertype,Travel,fringilla rhoncus mauris enim leo rhoncus sed vestibulum sit amet cursus id turpis,Cash Advance,EUR,1.8873,9740.79,7/26/2024,Approved,natoque penatibus et magnis dis parturient montes nascetur ridiculus mus,Yodel,consequat dui nec nisi volutpat eleifend donec ut dolor morbi vel lectus,Pamella Sleeman,psleemankf@about.com,435-499-7732,404 Marcy Parkway,Damnica,,76-231
737,372301518693827,American Express,12/14/2027,941,Flo Kemwal,62240 Milwaukee Avenue,Agía Triáda,,,Greece,8586.51,9/9/2028,Leexo,Retail,platea dictumst aliquam augue quam sollicitudin vitae consectetuer eget rutrum,Cash Advance,EUR,0.6229,1588.43,11/12/2030,Pending,luctus ultricies eu nibh quisque id justo sit amet sapien dignissim vestibulum vestibulum ante,Ntags,eu orci mauris lacinia sapien quis libero nullam sit amet turpis elementum ligula vehicula consequat morbi a ipsum integer a,Arne Domeney,adomeneykg@360.cn,259-131-2628,96 Longview Junction,Ndwedwe,,4399
738,3538871767191876,American Express,3/30/2022,757,Zonnya Arney,6 Northfield Drive,Horokhiv,,,Ukraine,9129.3,8/20/2029,Realpoint,Entertainment,sapien urna pretium nisl ut volutpat sapien arcu sed augue aliquam erat volutpat,Refund,UAH,0.9115,5893.4,3/24/2028,Approved,imperdiet nullam orci pede venenatis non sodales sed tincidunt eu felis fusce posuere felis sed,Zazio,varius ut blandit non interdum in ante vestibulum ante ipsum primis in,Jodie Piggot,jpiggotkh@networksolutions.com,210-218-9705,68 Alpine Circle,Berat,,
739,5610448501539565,Mastercard,10/18/2029,242,Marilee Hurburt,9770 Ohio Junction,Nazrēt,,,Ethiopia,8684.93,5/29/2023,Topicblab,Retail,turpis donec posuere metus vitae ipsum aliquam non mauris morbi non lectus,Purchase,ETB,1.8034,2261.42,6/4/2025,Declined,sit amet nulla quisque arcu libero rutrum ac lobortis vel dapibus at diam,Dynabox,nec nisi volutpat eleifend donec ut dolor morbi vel lectus in quam fringilla rhoncus,Ki Alves,kalveski@vimeo.com,929-861-4953,3 Hansons Trail,Arma,,
740,3570138034869323,Mastercard,7/20/2028,761,Tristan Dorken,0854 Sauthoff Parkway,Huazhou,,,China,6295.83,12/16/2023,Wordify,Travel,turpis donec posuere metus vitae ipsum aliquam non mauris morbi non lectus aliquam sit amet diam in magna bibendum,Refund,CNY,1.3157,6611.32,7/10/2025,Pending,magnis dis parturient montes nascetur ridiculus mus vivamus vestibulum sagittis sapien cum sociis natoque penatibus et magnis dis parturient,Miboo,vestibulum ante ipsum primis in faucibus orci luctus et ultrices,Sergio Canon,scanonkj@skype.com,418-268-0959,375 Del Mar Avenue,Gimcheon,,
741,3544927078600138,American Express,12/21/2027,453,Justen Mortell,0 Express Trail,Zeguo,,,China,3725.1,5/30/2028,Mymm,Retail,nisi venenatis tristique fusce congue diam id ornare imperdiet sapien urna pretium nisl,Cash Advance,CNY,1.5574,7503.3,4/24/2026,Pending,leo rhoncus sed vestibulum sit amet cursus id turpis integer aliquet massa id lobortis convallis tortor risus,Yoveo,mi sit amet lobortis sapien sapien non mi integer ac neque duis bibendum morbi non quam nec dui luctus rutrum,Odo MacKellar,omackellarkk@a8.net,269-382-2926,45 Utah Center,Raków,,26-035
742,3575956702530561,Mastercard,12/17/2024,994,Katusha Megson,1936 Butterfield Junction,Shezë,,,Albania,9040.78,10/9/2024,Quimm,Retail,nibh in quis justo maecenas rhoncus aliquam lacus morbi quis tortor id nulla,Refund,ALL,1.1478,8410.6,6/26/2028,Declined,dui vel nisl duis ac nibh fusce lacus purus aliquet at feugiat,Topicware,pede ac diam cras pellentesque volutpat dui maecenas tristique est et tempus semper est quam pharetra magna ac consequat,Patience Shingles,pshingleskl@google.it,295-303-2026,36186 Sachs Avenue,Petrokamenskoye,,624273
743,6709785717767184310,American Express,7/11/2026,336,Eamon Morrant,03618 Tennessee Avenue,Taishihe,,,China,6811.32,10/5/2029,Skajo,Entertainment,tellus nulla ut erat id mauris vulputate elementum nullam varius nulla facilisi cras non velit,Refund,CNY,1.039,3890.73,12/25/2025,Pending,metus vitae ipsum aliquam non mauris morbi non lectus aliquam sit amet,Skinder,ut nulla sed accumsan felis ut at dolor quis odio consequat varius integer ac leo,Tori Cumpton,tcumptonkm@hostgator.com,307-769-2112,0 Schurz Avenue,Urcos,,
744,633327278351296963,American Express,7/7/2023,569,Eustacia Carlile,79028 Bunker Hill Avenue,Miyako,,969-6522,Japan,8452.29,12/13/2026,Skyble,Retail,non mi integer ac neque duis bibendum morbi non quam nec dui luctus rutrum,Cash Advance,JPY,1.7959,5978.94,11/28/2026,Declined,primis in faucibus orci luctus et ultrices posuere cubilia curae mauris,Omba,lectus in quam fringilla rhoncus mauris enim leo rhoncus sed vestibulum sit amet cursus id turpis,Ber Martin,bmartinkn@t-online.de,900-296-5970,2 Westport Parkway,Ugra,,215435
745,3581250212525887,Visa,6/28/2026,757,Florian Earey,29060 Ryan Junction,Tinambac,,4426,Philippines,8114.65,6/15/2030,Vinte,Dining,luctus et ultrices posuere cubilia curae duis faucibus accumsan odio curabitur convallis,Purchase,PHP,1.6977,4307.92,4/23/2030,Approved,eu massa donec dapibus duis at velit eu est congue elementum in hac habitasse platea,Trudoo,ante ipsum primis in faucibus orci luctus et ultrices posuere cubilia,Verla Conkling,vconklingko@dell.com,513-909-4517,98 Prairieview Avenue,Tullamore,,R35
746,675984286838781619,Visa,8/14/2022,308,Malorie MacLaverty,4962 Esker Plaza,Kaindy,,,Kyrgyzstan,4792.91,7/15/2026,Centidel,Entertainment,luctus rutrum nulla tellus in sagittis dui vel nisl duis ac nibh fusce lacus,Purchase,KGS,0.6996,6524.35,8/21/2027,Approved,volutpat quam pede lobortis ligula sit amet eleifend pede libero quis orci nullam molestie nibh in lectus,Oyondu,pulvinar nulla pede ullamcorper augue a suscipit nulla elit ac nulla sed vel enim sit amet nunc viverra,Kort Dorkin,kdorkinkp@soup.io,409-920-4563,12221 Burning Wood Place,El Estor,,18003
747,6304290325943494013,Mastercard,5/5/2030,123,Tabina Whimp,94160 Karstens Park,Międzybrodzie Bialskie,,34-312,Poland,5002.82,9/10/2023,Rhyloo,Travel,sit amet cursus id turpis integer aliquet massa id lobortis convallis tortor risus dapibus augue vel accumsan tellus nisi,Purchase,PLN,0.6806,5056.2,8/31/2022,Declined,convallis morbi odio odio elementum eu interdum eu tincidunt in leo maecenas pulvinar lobortis est phasellus sit amet erat nulla,Photobug,odio justo sollicitudin ut suscipit a feugiat et eros vestibulum ac est lacinia nisi,Falkner Heiss,fheisskq@deliciousdays.com,687-566-4936,635 Lakewood Plaza,Tais,,
748,4175006096287246,Visa,6/23/2024,603,Valma Tremoille,452 Surrey Parkway,Santiago de Subrrifana,13,4560-776,Portugal,5114.13,4/4/2029,Jabbercube,Entertainment,elementum eu interdum eu tincidunt in leo maecenas pulvinar lobortis est phasellus,Cash Advance,EUR,1.1605,5768.86,6/23/2025,Approved,at velit eu est congue elementum in hac habitasse platea dictumst morbi vestibulum,Quamba,dui vel sem sed sagittis nam congue risus semper porta volutpat quam pede lobortis ligula sit amet eleifend pede,Corene Mounsie,cmounsiekr@parallels.com,787-477-7769,4323 Springview Place,Uspenka,,
749,5610248948475534,Mastercard,2/7/2022,173,Maurits Fyers,89 Farmco Crossing,Gardanne,B8,13548 CEDEX,France,5855.25,7/27/2022,Feedfire,Retail,hac habitasse platea dictumst etiam faucibus cursus urna ut tellus nulla ut erat id mauris vulputate elementum nullam,Refund,EUR,0.6375,7361.43,3/23/2025,Pending,metus vitae ipsum aliquam non mauris morbi non lectus aliquam sit amet diam in magna bibendum imperdiet nullam orci pede,Voonyx,nec nisi volutpat eleifend donec ut dolor morbi vel lectus in quam fringilla rhoncus mauris,Tiebout Darby,tdarbyks@tuttocitta.it,469-194-3450,993 Lerdahl Trail,Hinapalanan,,4419
750,5343436818051592,Mastercard,4/26/2025,197,Pat Bignal,0914 Heffernan Center,Loukísia,,,Greece,9088.18,12/26/2030,Rhyloo,Dining,leo odio condimentum id luctus nec molestie sed justo pellentesque viverra pede ac diam cras pellentesque volutpat dui maecenas,Purchase,EUR,0.8582,8001.14,6/10/2025,Declined,curae donec pharetra magna vestibulum aliquet ultrices erat tortor sollicitudin mi sit amet,Skinix,sapien arcu sed augue aliquam erat volutpat in congue etiam justo etiam pretium iaculis,Dexter Westover,dwestoverkt@noaa.gov,134-392-5049,62302 Sutteridge Trail,Barreiros,,55560-000
751,3550222380301463,Mastercard,3/5/2026,549,Anett Frodsham,68055 Golden Leaf Park,Gonghe,,,China,2530.68,5/23/2025,Lazzy,Retail,proin leo odio porttitor id consequat in consequat ut nulla sed accumsan felis ut,Cash Advance,CNY,0.5233,1530.95,12/29/2028,Pending,faucibus orci luctus et ultrices posuere cubilia curae mauris viverra diam vitae quam suspendisse potenti nullam porttitor lacus,Lajo,vestibulum sit amet cursus id turpis integer aliquet massa id lobortis convallis tortor risus,Mitch Clarke,mclarkeku@hhs.gov,804-439-2953,77 8th Hill,Montréal-Est,QC,J4N
752,3572050953034292,Visa,10/30/2027,795,Lesli Wadlow,213 Forest Dale Point,Zhangxi,,,China,4482.63,10/1/2029,Dablist,Retail,volutpat quam pede lobortis ligula sit amet eleifend pede libero quis orci nullam molestie nibh in lectus pellentesque at nulla,Purchase,CNY,1.5404,1721.79,6/27/2024,Declined,luctus et ultrices posuere cubilia curae nulla dapibus dolor vel est donec odio justo sollicitudin ut suscipit a feugiat et,Browsecat,morbi non quam nec dui luctus rutrum nulla tellus in sagittis dui vel nisl,Gibb Shelborne,gshelbornekv@multiply.com,579-477-4756,7082 Katie Lane,Palekastro,,
753,337941177494696,American Express,9/18/2026,312,Paige Titheridge,76 Kenwood Circle,Poręba Spytkowska,,32-865,Poland,3468.22,7/16/2030,Teklist,Travel,donec odio justo sollicitudin ut suscipit a feugiat et eros vestibulum,Cash Advance,PLN,1.0694,1971.77,9/28/2029,Declined,suspendisse accumsan tortor quis turpis sed ante vivamus tortor duis mattis,Dabshots,luctus et ultrices posuere cubilia curae duis faucibus accumsan odio curabitur convallis,Barnaby Telling,btellingkw@scribd.com,263-491-3601,5950 Eastlawn Court,Paprotnia,,08-107
754,5349184777931305,Mastercard,7/20/2023,191,Staffard Bruinemann,1 Laurel Street,Namibe,,,Angola,2609.94,12/21/2030,Mybuzz,Retail,nec molestie sed justo pellentesque viverra pede ac diam cras pellentesque volutpat dui maecenas tristique est et,Cash Advance,AOA,1.6421,3896.83,7/28/2023,Approved,dictumst morbi vestibulum velit id pretium iaculis diam erat fermentum justo nec,Abata,sit amet nulla quisque arcu libero rutrum ac lobortis vel dapibus at,Valaria Risebarer,vrisebarerkx@reuters.com,645-488-0930,8951 Calypso Hill,Gunjur,,
755,3528026794413742,American Express,9/22/2029,743,Joya Brisset,94315 Gina Point,Oyan,,,Nigeria,6330.95,3/30/2027,Jayo,Entertainment,id nulla ultrices aliquet maecenas leo odio condimentum id luctus,Refund,NGN,0.7753,5710.44,7/22/2022,Pending,in consequat ut nulla sed accumsan felis ut at dolor quis odio consequat varius integer ac leo pellentesque,Avavee,egestas metus aenean fermentum donec ut mauris eget massa tempor,Caritta Claibourn,cclaibournky@stanford.edu,463-149-6721,488 Springs Drive,Balingasag,,9005
756,4041379346481881,Visa,1/3/2027,220,Shaylyn Cockley,6 Helena Center,Abuko,,,Gambia,2761.48,12/5/2029,Thoughtstorm,Travel,vivamus tortor duis mattis egestas metus aenean fermentum donec ut mauris eget massa tempor convallis nulla neque libero convallis,Cash Advance,GMD,0.7179,6584.21,2/3/2026,Declined,lectus pellentesque at nulla suspendisse potenti cras in purus eu magna vulputate luctus cum,Plajo,dapibus augue vel accumsan tellus nisi eu orci mauris lacinia sapien quis libero,Alden Ogley,aogleykz@hao123.com,245-269-2451,980 Portage Circle,Baishuitan,,
757,3554073732227518,American Express,1/5/2025,356,Ephraim Blythin,045 Southridge Drive,Písečná,,790 82,Czech Republic,2089.04,10/27/2027,Tanoodle,Dining,praesent lectus vestibulum quam sapien varius ut blandit non interdum in ante vestibulum ante,Purchase,CZK,0.8966,3570.39,3/8/2030,Pending,elit proin risus praesent lectus vestibulum quam sapien varius ut blandit non interdum in ante vestibulum ante ipsum primis in,Oyondu,sed tincidunt eu felis fusce posuere felis sed lacus morbi,Linell De Ambrosi,ldel0@sitemeter.com,981-624-2285,951 Helena Place,Seixo de Manhoses,04,5360-185
758,5602246045477171,Visa,5/12/2028,306,Gaylene Ledwidge,3461 Becker Way,Pagnag,,,China,6682.01,1/6/2024,Topicshots,Entertainment,magnis dis parturient montes nascetur ridiculus mus etiam vel augue,Cash Advance,CNY,1.4447,7510.57,6/4/2025,Approved,neque aenean auctor gravida sem praesent id massa id nisl,Feedspan,hac habitasse platea dictumst maecenas ut massa quis augue luctus tincidunt nulla,Benedikta Arne,barnel1@walmart.com,831-673-7769,0 Butterfield Hill,Enskede,AB,122 32
759,3566141557273549,Visa,5/18/2030,885,Kylen Damiral,25666 Rusk Terrace,Dieppe,NB,E1A,Canada,8567.51,12/20/2022,Twitterbeat,Entertainment,enim blandit mi in porttitor pede justo eu massa donec dapibus duis at velit,Cash Advance,CAD,0.8359,7484.65,4/8/2030,Pending,tincidunt in leo maecenas pulvinar lobortis est phasellus sit amet erat nulla tempus vivamus,InnoZ,mauris eget massa tempor convallis nulla neque libero convallis eget eleifend luctus,Corrie Toppes,ctoppesl2@networksolutions.com,848-490-9239,366 Drewry Parkway,Nsok,,
760,3530481701831500,Visa,4/8/2028,968,Kaine Petrie,05957 Lindbergh Center,Huachos,,,Peru,7165.76,3/29/2029,Skinte,Retail,quis augue luctus tincidunt nulla mollis molestie lorem quisque ut erat,Purchase,PEN,1.0157,7195.31,4/15/2023,Approved,parturient montes nascetur ridiculus mus etiam vel augue vestibulum rutrum rutrum neque aenean auctor gravida,Eabox,in faucibus orci luctus et ultrices posuere cubilia curae donec pharetra magna vestibulum aliquet,Bail Valentine,bvalentinel3@wsj.com,522-493-8026,6977 Blue Bill Park Avenue,Mutā Khān,,
761,3582928622956995,Visa,7/31/2028,954,Ania McGarry,6769 Arizona Road,Peñaflor,,,Chile,8237.32,3/29/2026,Kaymbo,Retail,pellentesque ultrices phasellus id sapien in sapien iaculis congue vivamus,Purchase,CLP,1.9291,9311.45,2/13/2025,Pending,enim blandit mi in porttitor pede justo eu massa donec dapibus duis at velit eu est congue elementum,Vitz,elit proin interdum mauris non ligula pellentesque ultrices phasellus id sapien in,Rey Belcher,rbelcherl4@accuweather.com,417-136-3179,10361 Truax Hill,Kallithéa,,
762,3562490493765066,Visa,10/14/2030,942,Abram Flaxon,4018 Cody Plaza,Alagoinhas,,48000-000,Brazil,9176.91,7/4/2025,Rhyzio,Travel,diam in magna bibendum imperdiet nullam orci pede venenatis non sodales sed tincidunt eu felis fusce posuere felis sed lacus,Refund,BRL,1.9587,4317.94,12/3/2026,Declined,parturient montes nascetur ridiculus mus etiam vel augue vestibulum rutrum rutrum neque,Realbridge,nec euismod scelerisque quam turpis adipiscing lorem vitae mattis nibh,Vlad O'Sheeryne,vosheerynel5@imageshack.us,817-720-6885,4 David Hill,Metković,,20350
763,4903574720459050,Visa,8/26/2023,674,Clive Peirone,610 Katie Place,Debar,,1250,Macedonia,8359.26,3/22/2026,Livefish,Travel,sem mauris laoreet ut rhoncus aliquet pulvinar sed nisl nunc rhoncus,Purchase,MKD,1.1268,6442.76,1/10/2029,Pending,maecenas pulvinar lobortis est phasellus sit amet erat nulla tempus vivamus in felis eu sapien cursus vestibulum proin,Blogtags,augue aliquam erat volutpat in congue etiam justo etiam pretium iaculis,Evey Ventom,eventoml6@exblog.jp,917-894-9211,50 Atwood Parkway,Luzon,,8303
764,5602247406168602977,American Express,7/18/2024,464,Marnie Lumbly,20 Heath Junction,Utena,,28001,Lithuania,5837.3,8/11/2023,Topicblab,Dining,lobortis convallis tortor risus dapibus augue vel accumsan tellus nisi eu orci mauris lacinia sapien quis,Refund,LTL,0.5218,1176.39,1/23/2023,Approved,non quam nec dui luctus rutrum nulla tellus in sagittis dui vel nisl,Kwimbee,pellentesque ultrices mattis odio donec vitae nisi nam ultrices libero non,Naomi Capnor,ncapnorl7@lulu.com,592-130-5503,6975 Waxwing Crossing,Ostravice,,739 14
765,3565160463345382,Visa,12/15/2027,385,Becki Waldram,742 Barby Parkway,Jishi,,,China,1083.28,5/30/2030,Jaxbean,Travel,rhoncus sed vestibulum sit amet cursus id turpis integer aliquet massa id lobortis convallis tortor risus dapibus augue vel accumsan,Refund,CNY,0.9894,4497.86,11/26/2022,Declined,dolor morbi vel lectus in quam fringilla rhoncus mauris enim leo rhoncus sed vestibulum sit amet,Mynte,integer ac leo pellentesque ultrices mattis odio donec vitae nisi nam ultrices libero non mattis pulvinar nulla pede,Verile Marklew,vmarklewl8@independent.co.uk,507-567-5998,1742 Village Green Avenue,Shangdu,,
766,3529468428424373,Mastercard,4/20/2025,726,Huberto Pilmer,5 Hansons Crossing,Roubaix,B4,59100,France,699.56,9/5/2025,Agimba,Retail,at ipsum ac tellus semper interdum mauris ullamcorper purus sit amet nulla quisque arcu libero,Cash Advance,EUR,1.0088,8852.71,6/25/2026,Declined,in ante vestibulum ante ipsum primis in faucibus orci luctus et,Topicblab,ac consequat metus sapien ut nunc vestibulum ante ipsum primis in faucibus orci luctus et,Esra Baggarley,ebaggarleyl9@bbc.co.uk,994-852-1665,138 Clemons Junction,Achanizo,,
767,5010122646887686,American Express,4/16/2022,986,Ronnica Kuhl,678 Prairie Rose Place,Los Cerrillos,,,Uruguay,5034.48,4/25/2024,Mymm,Entertainment,orci luctus et ultrices posuere cubilia curae nulla dapibus dolor vel est donec odio justo sollicitudin ut,Cash Advance,UYU,0.9352,5326.07,1/20/2025,Approved,eu magna vulputate luctus cum sociis natoque penatibus et magnis dis parturient montes nascetur ridiculus mus vivamus vestibulum sagittis sapien,Roomm,pede malesuada in imperdiet et commodo vulputate justo in blandit ultrices enim lorem ipsum dolor sit amet consectetuer,Whittaker Stealy,wstealyla@ibm.com,928-620-1769,40 Hayes Hill,Daxing,,
768,677141902902839820,American Express,2/27/2025,435,Nat Beale,121 Canary Center,Tianyu,,,China,3239.51,1/27/2027,Cogibox,Dining,sed sagittis nam congue risus semper porta volutpat quam pede lobortis ligula sit amet eleifend pede libero quis orci nullam,Cash Advance,CNY,0.5198,3080.01,1/10/2024,Declined,dolor vel est donec odio justo sollicitudin ut suscipit a feugiat et eros vestibulum ac est lacinia nisi venenatis tristique,Babbleblab,turpis donec posuere metus vitae ipsum aliquam non mauris morbi non lectus aliquam sit amet,Nels Ryman,nrymanlb@meetup.com,664-649-8364,38 Namekagon Street,Smolyaninovo,,692831
769,6763468195870384,Visa,5/5/2026,437,Ashlee Winwright,007 6th Court,Tinawagan,,4425,Philippines,3210.53,4/19/2023,Centimia,Entertainment,est lacinia nisi venenatis tristique fusce congue diam id ornare imperdiet sapien urna pretium nisl ut,Cash Advance,PHP,0.648,6469.41,5/21/2030,Pending,at turpis a pede posuere nonummy integer non velit donec diam neque vestibulum eget vulputate ut,Meejo,lacus at turpis donec posuere metus vitae ipsum aliquam non mauris morbi non lectus aliquam sit amet diam in,Penny Shakshaft,pshakshaftlc@pagesperso-orange.fr,543-920-4777,02083 Di Loreto Crossing,Kanchanaburi,,31110
770,3542682644788329,Mastercard,12/17/2028,455,Benedikt Hew,25329 Forster Alley,Kotatengah,,,Indonesia,3652.0,1/6/2027,Blognation,Travel,eu nibh quisque id justo sit amet sapien dignissim vestibulum,Cash Advance,IDR,1.786,1791.31,7/23/2025,Declined,vestibulum aliquet ultrices erat tortor sollicitudin mi sit amet lobortis sapien sapien non,Rhynoodle,quis turpis eget elit sodales scelerisque mauris sit amet eros suspendisse accumsan tortor,Rodrick Ceaser,rceaserld@auda.org.au,385-925-1530,81143 Bonner Street,Futaleufú,,
771,4026371099346576,Mastercard,1/28/2029,986,Kathy Teml,51 Carey Terrace,Muaraenim,,,Indonesia,8847.62,7/17/2024,Devpoint,Dining,risus semper porta volutpat quam pede lobortis ligula sit amet eleifend pede,Purchase,IDR,1.1866,9748.46,5/27/2023,Declined,aliquam non mauris morbi non lectus aliquam sit amet diam in magna bibendum imperdiet,Aimbu,velit eu est congue elementum in hac habitasse platea dictumst morbi vestibulum velit id pretium iaculis diam erat fermentum justo,Ali De Goey,adele@oakley.com,272-709-4348,408 Clove Parkway,Guyam Malaki,,4125
772,201645310460711,American Express,9/12/2024,674,Odelia Lowers,7 Kim Park,Krajanjugosari,,,Indonesia,1194.14,7/21/2027,Jatri,Dining,nisl duis ac nibh fusce lacus purus aliquet at feugiat non pretium,Cash Advance,IDR,1.2184,7275.74,5/9/2022,Declined,vitae ipsum aliquam non mauris morbi non lectus aliquam sit amet diam in magna bibendum imperdiet,Talane,pulvinar sed nisl nunc rhoncus dui vel sem sed sagittis nam congue risus semper porta volutpat,Mata Joselevitz,mjoselevitzlf@wufoo.com,135-191-6471,23 Spohn Park,Quibdó,,270009
773,3546967312322923,Mastercard,3/20/2029,715,Dermot Carmo,99857 Mallard Center,Bilaran,,4216,Philippines,8760.98,3/9/2029,Linkbuzz,Entertainment,ligula sit amet eleifend pede libero quis orci nullam molestie nibh in lectus pellentesque at nulla suspendisse,Cash Advance,PHP,1.3022,6722.83,2/18/2026,Declined,nulla neque libero convallis eget eleifend luctus ultricies eu nibh quisque id justo sit,Photospace,blandit non interdum in ante vestibulum ante ipsum primis in faucibus,Ariel Cham,achamlg@ebay.co.uk,343-110-5743,520 Swallow Point,Gambiran,,
774,3564556646440233,Mastercard,11/20/2027,260,Gertrud Lyndon,705 Red Cloud Plaza,Qaşr al Farāfirah,,,Egypt,8592.79,1/16/2027,Photojam,Retail,vestibulum aliquet ultrices erat tortor sollicitudin mi sit amet lobortis sapien sapien,Cash Advance,EGP,1.2248,4535.16,12/10/2030,Declined,sapien ut nunc vestibulum ante ipsum primis in faucibus orci luctus,Mydo,ante vivamus tortor duis mattis egestas metus aenean fermentum donec ut mauris eget massa tempor,Gannon Clampett,gclampettlh@cnet.com,790-128-5504,93 Bluejay Park,Sieniawa Żarska,,00-018
775,3543507525962363,Visa,7/7/2024,313,Hill Powland,389 Mitchell Pass,Qiujia,,,China,6055.41,5/16/2028,Realblab,Entertainment,mauris sit amet eros suspendisse accumsan tortor quis turpis sed ante vivamus tortor duis mattis egestas metus aenean,Cash Advance,CNY,1.833,4801.53,7/17/2029,Approved,nam ultrices libero non mattis pulvinar nulla pede ullamcorper augue a suscipit nulla,Youspan,vitae mattis nibh ligula nec sem duis aliquam convallis nunc proin,Matthiew Esch,meschli@google.com.au,210-588-5159,934 Mallard Pass,Prokhladnyy,,366041
776,5602228321249730,Mastercard,4/6/2025,232,Maxwell Alvis,3873 Longview Pass,Daxinshao,,,China,9204.04,1/18/2022,Zoomcast,Retail,luctus et ultrices posuere cubilia curae duis faucibus accumsan odio curabitur convallis,Refund,CNY,1.9909,1819.57,7/9/2026,Approved,at ipsum ac tellus semper interdum mauris ullamcorper purus sit amet nulla quisque arcu libero rutrum ac lobortis vel dapibus,Youfeed,tincidunt ante vel ipsum praesent blandit lacinia erat vestibulum sed magna at nunc commodo placerat praesent,Delora Ungerechts,dungerechtslj@freewebs.com,769-756-3953,36192 Spenser Place,Qarqaraly,,
777,5602241371115677,American Express,11/9/2024,698,Dulcinea Spadollini,9 Starling Lane,Gora,,,Nigeria,5343.01,2/13/2022,Voolia,Entertainment,nisi venenatis tristique fusce congue diam id ornare imperdiet sapien urna pretium nisl ut volutpat sapien arcu sed,Refund,NGN,1.3854,6795.93,10/21/2030,Declined,in sapien iaculis congue vivamus metus arcu adipiscing molestie hendrerit at,Kazio,in imperdiet et commodo vulputate justo in blandit ultrices enim lorem ipsum,Ginni Harden,ghardenlk@prlog.org,384-680-6342,2869 Dexter Pass,Santo Domingo,,
778,3569593621225359,Visa,1/11/2028,890,Terry Curl,9 Brickson Park Crossing,António Enes,,,Mozambique,5112.5,3/26/2022,Tagpad,Entertainment,accumsan felis ut at dolor quis odio consequat varius integer,Refund,MZN,1.0099,6294.08,9/4/2024,Declined,ac enim in tempor turpis nec euismod scelerisque quam turpis adipiscing lorem vitae mattis nibh ligula nec sem,Tagopia,vestibulum ante ipsum primis in faucibus orci luctus et ultrices posuere cubilia curae donec pharetra magna,Angelle Forsbey,aforsbeyll@bigcartel.com,868-524-3609,1380 Forest Run Trail,Targuist,,
779,5602222813206548,Mastercard,5/7/2023,535,Hart Aspey,4 Doe Crossing Trail,Oslo,03,0130,Norway,1304.64,9/20/2024,Topicstorm,Dining,dis parturient montes nascetur ridiculus mus vivamus vestibulum sagittis sapien cum,Cash Advance,NOK,1.8302,9683.36,10/16/2025,Approved,rhoncus aliquam lacus morbi quis tortor id nulla ultrices aliquet,Quinu,quisque porta volutpat erat quisque erat eros viverra eget congue eget semper rutrum,Cody Maddin,cmaddinlm@instagram.com,238-386-4741,44 Schurz Avenue,Sîngerei,,MD-6227
780,3553565415147625,American Express,2/25/2027,103,Francklin Dmtrovic,76157 Jay Road,Mulatupo,,,Panama,6924.06,9/2/2030,Brightbean,Dining,vivamus vel nulla eget eros elementum pellentesque quisque porta volutpat erat quisque erat,Refund,PAB,0.8662,7043.36,7/16/2030,Approved,euismod scelerisque quam turpis adipiscing lorem vitae mattis nibh ligula nec sem duis aliquam convallis,Gabspot,posuere metus vitae ipsum aliquam non mauris morbi non lectus aliquam sit amet diam in magna,Carlin Lakin,clakinln@house.gov,517-501-9112,2 Bashford Drive,Paços,01,3700-803
781,3575521713002966,Mastercard,12/22/2022,660,Roze Hubeaux,718 East Court,Gahe,,,China,5932.31,5/14/2024,Skaboo,Travel,placerat ante nulla justo aliquam quis turpis eget elit sodales scelerisque mauris sit amet eros suspendisse,Purchase,CNY,1.2464,8847.89,4/27/2022,Declined,phasellus id sapien in sapien iaculis congue vivamus metus arcu adipiscing molestie hendrerit at vulputate vitae nisl,Katz,convallis tortor risus dapibus augue vel accumsan tellus nisi eu orci mauris lacinia sapien quis libero nullam sit amet,Rosa Nowill,rnowilllo@soup.io,933-292-0483,6651 Sugar Way,Kadupayung,,
782,5020935185271501845,American Express,10/21/2029,321,Cameron Clingan,5 Cody Alley,Dampol,,3005,Philippines,5959.71,9/23/2022,Eadel,Travel,cubilia curae duis faucibus accumsan odio curabitur convallis duis consequat dui nec nisi volutpat eleifend,Refund,PHP,1.7755,487.63,5/24/2024,Declined,in felis donec semper sapien a libero nam dui proin,Eayo,vulputate vitae nisl aenean lectus pellentesque eget nunc donec quis orci,Dannye Eynon,deynonlp@guardian.co.uk,766-123-9391,8 Nancy Avenue,Pentaplátano,,
783,3571290382685345,Visa,10/16/2027,236,Agna Scantlebury,1 Ramsey Lane,Shihui,,,China,6239.44,7/27/2027,Skajo,Retail,massa id nisl venenatis lacinia aenean sit amet justo morbi,Cash Advance,CNY,1.2929,4346.26,11/5/2024,Approved,penatibus et magnis dis parturient montes nascetur ridiculus mus vivamus vestibulum sagittis sapien cum,Jatri,accumsan tortor quis turpis sed ante vivamus tortor duis mattis egestas metus aenean,Lizzy De Filippis,ldelq@baidu.com,658-615-4558,1884 Acker Avenue,Sudimanik,,
784,5545635182233167,Visa,7/1/2030,710,Cilka Kenwell,624 Melody Drive,Niort,B7,79049 CEDEX 9,France,5877.95,4/6/2026,Browsezoom,Retail,mattis egestas metus aenean fermentum donec ut mauris eget massa tempor,Refund,EUR,1.4607,940.62,1/22/2025,Approved,orci vehicula condimentum curabitur in libero ut massa volutpat convallis morbi odio odio elementum eu,Miboo,urna pretium nisl ut volutpat sapien arcu sed augue aliquam erat volutpat in congue etiam justo etiam pretium,Melinde Rea,mrealr@hhs.gov,843-819-2158,72 Kennedy Plaza,Aygeshat,,
785,3579685097368768,Mastercard,12/18/2029,754,Teodoor Walster,61987 Grim Lane,Petrov,,696 65,Czech Republic,4264.0,11/26/2030,Eabox,Retail,sem mauris laoreet ut rhoncus aliquet pulvinar sed nisl nunc,Cash Advance,CZK,1.1956,2963.29,3/28/2026,Declined,elementum in hac habitasse platea dictumst morbi vestibulum velit id pretium iaculis diam erat,Kare,mauris morbi non lectus aliquam sit amet diam in magna,Wait McShane,wmcshanels@godaddy.com,190-534-1544,02919 Crowley Hill,Xikou,,
786,3566233857450008,Mastercard,4/4/2025,693,Brent Werendell,93907 Spaight Lane,Akademicheskoe,,690880,Russia,1555.03,9/7/2026,Quaxo,Travel,lorem ipsum dolor sit amet consectetuer adipiscing elit proin risus praesent lectus vestibulum quam,Refund,RUB,1.473,8117.83,4/6/2030,Declined,libero quis orci nullam molestie nibh in lectus pellentesque at nulla suspendisse potenti cras in purus eu magna vulputate luctus,Tagchat,parturient montes nascetur ridiculus mus etiam vel augue vestibulum rutrum rutrum neque aenean auctor gravida sem praesent,Carce Darnbrough,cdarnbroughlt@yolasite.com,249-792-7949,9 Dennis Pass,Bezlyudivka,,
787,30417077477701,American Express,10/16/2028,720,Angelia Saul,25111 Lunder Parkway,Garies,,8223,South Africa,6111.24,12/10/2025,Ntag,Retail,ante nulla justo aliquam quis turpis eget elit sodales scelerisque mauris sit amet eros suspendisse accumsan,Cash Advance,ZAR,0.7037,5684.65,11/15/2029,Approved,phasellus sit amet erat nulla tempus vivamus in felis eu sapien cursus vestibulum proin eu mi nulla ac,Jamia,eros viverra eget congue eget semper rutrum nulla nunc purus phasellus in,Pat Azemar,pazemarlu@tuttocitta.it,290-278-4892,88 Rigney Junction,Cangkringan,,
788,5108757047356329,Visa,12/4/2027,828,Arthur Weson,14 East Terrace,Teresa,,1880,Philippines,1953.09,2/25/2029,Brainverse,Retail,porttitor id consequat in consequat ut nulla sed accumsan felis ut at dolor quis odio consequat varius integer ac leo,Refund,PHP,1.1499,1320.8,12/11/2024,Declined,rhoncus dui vel sem sed sagittis nam congue risus semper porta volutpat quam pede lobortis ligula sit amet eleifend pede,Meeveo,at vulputate vitae nisl aenean lectus pellentesque eget nunc donec,Stevana Bladon,sbladonlv@youku.com,677-635-5890,95754 Michigan Place,Morant Bay,,
789,3541882759106397,Visa,12/11/2030,121,Revkah Bleazard,22270 Stephen Pass,Belyy Gorodok,,172711,Russia,2379.21,4/3/2030,Eayo,Dining,quam nec dui luctus rutrum nulla tellus in sagittis dui vel nisl duis ac,Purchase,RUB,1.4788,3824.3,1/19/2023,Declined,ante vel ipsum praesent blandit lacinia erat vestibulum sed magna at nunc commodo placerat praesent blandit nam nulla,Jaxworks,integer non velit donec diam neque vestibulum eget vulputate ut ultrices vel augue vestibulum,Myer Chaffyn,mchaffynlw@mit.edu,485-216-3079,36525 Barnett Hill,Cergy-Pontoise,A8,95021 CEDEX
790,4911658355136024,Visa,8/21/2027,654,Prissie Aizik,7550 Sauthoff Park,Tyoply Stan,,391237,Russia,2019.63,1/2/2028,Jaxworks,Retail,cubilia curae donec pharetra magna vestibulum aliquet ultrices erat tortor sollicitudin mi sit amet,Cash Advance,RUB,1.6373,7386.79,8/27/2027,Declined,luctus et ultrices posuere cubilia curae duis faucibus accumsan odio curabitur convallis duis consequat,Ailane,eu nibh quisque id justo sit amet sapien dignissim vestibulum vestibulum ante ipsum,Renate Donhardt,rdonhardtlx@woothemes.com,594-829-9318,7 Hoepker Pass,Rijswijk,11,2284
791,67624944994256901,American Express,2/10/2028,841,Sly Rean,4 Becker Pass,Klippan,M,264 36,Sweden,2014.89,10/6/2025,Bluezoom,Entertainment,donec semper sapien a libero nam dui proin leo odio porttitor,Refund,SEK,1.3636,8643.0,3/14/2022,Declined,sit amet erat nulla tempus vivamus in felis eu sapien cursus,Devbug,aenean sit amet justo morbi ut odio cras mi pede malesuada in imperdiet et commodo vulputate justo in,Tobit Simenot,tsimenotly@networksolutions.com,264-211-8935,1711 Florence Street,Trinidad,,
792,5020960695398544013,Mastercard,8/11/2023,394,Jaimie Shernock,5801 Hermina Alley,Dongbian,,,China,2818.6,2/8/2022,Izio,Entertainment,ullamcorper augue a suscipit nulla elit ac nulla sed vel enim,Refund,CNY,1.8713,3491.1,11/13/2030,Declined,nisl aenean lectus pellentesque eget nunc donec quis orci eget orci vehicula condimentum curabitur in libero,Feedmix,adipiscing elit proin risus praesent lectus vestibulum quam sapien varius ut blandit non interdum in ante vestibulum ante ipsum,Tedda O'Brogane,tobroganelz@barnesandnoble.com,698-788-4518,37 Walton Avenue,Vyshniy Volochëk,,601803
793,4409295020712,Mastercard,4/11/2029,788,Dona Malthus,90490 Miller Lane,Agbor,,,Nigeria,6134.18,4/14/2027,Mydo,Entertainment,amet consectetuer adipiscing elit proin interdum mauris non ligula pellentesque ultrices phasellus id sapien in sapien iaculis,Refund,NGN,1.7608,5913.09,3/23/2030,Pending,tempus vel pede morbi porttitor lorem id ligula suspendisse ornare,Realbuzz,odio justo sollicitudin ut suscipit a feugiat et eros vestibulum ac est lacinia,Edith Pinchbeck,epinchbeckm0@xing.com,651-954-3775,791 Sachs Crossing,Huitán,,09015
794,5546130097555986,American Express,12/26/2024,333,Bendix Townby,84 Banding Pass,San Isidro,CHP,27990,Mexico,5534.79,10/30/2024,Mudo,Entertainment,lacus morbi sem mauris laoreet ut rhoncus aliquet pulvinar sed nisl nunc rhoncus dui vel sem,Purchase,MXN,1.6284,9956.05,2/22/2029,Declined,ante nulla justo aliquam quis turpis eget elit sodales scelerisque mauris sit amet eros suspendisse accumsan tortor quis turpis sed,Brightbean,semper porta volutpat quam pede lobortis ligula sit amet eleifend,Trixy Tyndall,ttyndallm1@hp.com,647-940-2905,3 Troy Junction,Melong,,
795,630489467598862113,American Express,9/21/2030,935,Wells Brimner,30 Bartillon Road,Stronie,,34-145,Poland,5105.57,3/16/2025,Livetube,Retail,venenatis lacinia aenean sit amet justo morbi ut odio cras mi pede malesuada in imperdiet et,Refund,PLN,1.3697,9919.92,8/9/2023,Declined,quis libero nullam sit amet turpis elementum ligula vehicula consequat morbi a ipsum integer a,Dazzlesphere,nisl aenean lectus pellentesque eget nunc donec quis orci eget orci vehicula,Gloriane Drepp,gdreppm2@indiatimes.com,711-367-7609,2 Mccormick Lane,Janakkala,,14240
796,3567440547029741,Visa,12/3/2026,441,Morris Bonde,000 Saint Paul Crossing,Telsiai,,87001,Lithuania,4551.55,6/22/2027,Riffwire,Dining,enim sit amet nunc viverra dapibus nulla suscipit ligula in lacus curabitur at ipsum ac tellus semper interdum mauris ullamcorper,Refund,LTL,1.973,9567.01,10/1/2026,Approved,quam a odio in hac habitasse platea dictumst maecenas ut massa quis augue luctus tincidunt nulla mollis,Jetpulse,lorem quisque ut erat curabitur gravida nisi at nibh in hac habitasse platea,Lorianna Jedrzej,ljedrzejm3@npr.org,747-874-4350,15 Spohn Road,Rende,,
797,3586031325463892,American Express,8/19/2030,232,Kalina Partrick,1 Ridge Oak Place,Milagros,,5410,Philippines,780.2,4/2/2030,Voonte,Entertainment,ac consequat metus sapien ut nunc vestibulum ante ipsum primis in faucibus orci luctus et ultrices posuere cubilia curae,Cash Advance,PHP,1.7091,5729.13,1/17/2029,Declined,nulla integer pede justo lacinia eget tincidunt eget tempus vel pede morbi,Quinu,est phasellus sit amet erat nulla tempus vivamus in felis eu sapien,Gallagher Hugueville,ghuguevillem4@cisco.com,367-813-8353,7446 School Point,Jiachuan,,
798,201767663095330,Mastercard,11/7/2023,310,Isac Fairlamb,303 Buell Junction,Baião,13,4640-107,Portugal,4836.31,10/22/2025,Twimbo,Retail,dolor quis odio consequat varius integer ac leo pellentesque ultrices mattis odio,Purchase,EUR,1.2396,4523.0,4/15/2022,Approved,porta volutpat quam pede lobortis ligula sit amet eleifend pede libero quis orci nullam molestie nibh in lectus,Kwinu,montes nascetur ridiculus mus vivamus vestibulum sagittis sapien cum sociis natoque penatibus et magnis dis parturient montes nascetur ridiculus mus,Durward Hariot,dhariotm5@woothemes.com,762-872-0355,1976 Hovde Court,Librazhd,,
799,5010129808051696,American Express,8/2/2025,316,Carin Roff,728 Marquette Crossing,Stoszowice,,57-215,Poland,5962.62,10/4/2026,Topdrive,Travel,vehicula consequat morbi a ipsum integer a nibh in quis,Purchase,PLN,1.6033,3953.75,6/23/2022,Pending,blandit ultrices enim lorem ipsum dolor sit amet consectetuer adipiscing elit proin interdum mauris non ligula,Gabcube,ipsum primis in faucibus orci luctus et ultrices posuere cubilia curae donec pharetra magna vestibulum aliquet ultrices erat,Mabelle Berka,mberkam6@mozilla.org,515-938-6924,4469 Memorial Trail,Baisha,,
800,3565266895883559,American Express,2/4/2024,841,Nicolai Gwilliam,74 Hintze Junction,Az Zubaydāt,,,Palestinian Territory,4157.33,4/27/2029,Topicshots,Travel,faucibus orci luctus et ultrices posuere cubilia curae donec pharetra magna vestibulum aliquet ultrices erat tortor sollicitudin mi,Refund,ILS,0.5471,2346.4,10/2/2023,Pending,luctus rutrum nulla tellus in sagittis dui vel nisl duis ac nibh fusce,Jaxbean,magna ac consequat metus sapien ut nunc vestibulum ante ipsum primis in faucibus orci luctus et ultrices,Maxie Petty,mpettym7@msn.com,394-101-6031,546 Washington Alley,Bourg-en-Bresse,B9,01009 CEDEX
801,374183910586215,Visa,5/21/2025,910,Wandie Rentcome,5228 Tony Drive,Kimch’aek-si,,,North Korea,8974.12,10/11/2025,Zooxo,Travel,tempor turpis nec euismod scelerisque quam turpis adipiscing lorem vitae mattis nibh ligula nec sem duis aliquam convallis nunc proin,Purchase,KPW,1.2217,3427.43,9/17/2030,Pending,tristique fusce congue diam id ornare imperdiet sapien urna pretium nisl ut volutpat sapien arcu sed augue aliquam erat,Browsebug,sed vestibulum sit amet cursus id turpis integer aliquet massa id lobortis,Jeromy Polendine,jpolendinem8@skyrock.com,957-904-6750,9 Talisman Court,Hihyā,,
802,374288953041828,Visa,1/21/2022,588,Irwin Hakey,07 Dwight Plaza,Schifflange,,L-3883,Luxembourg,1551.32,9/26/2027,Aibox,Travel,rhoncus sed vestibulum sit amet cursus id turpis integer aliquet massa,Cash Advance,EUR,1.4461,4557.31,1/17/2029,Pending,varius integer ac leo pellentesque ultrices mattis odio donec vitae nisi nam ultrices libero non mattis pulvinar,Meetz,aenean sit amet justo morbi ut odio cras mi pede malesuada in imperdiet et commodo vulputate justo,Jo ann Laugharne,jannm9@howstuffworks.com,865-165-3955,8353 Mifflin Road,São Félix do Xingu,,68380-000
803,3554385180962010,Mastercard,6/7/2025,820,Maible Wilber,39768 Waxwing Circle,Pangapisan,,4001,Philippines,5265.43,4/20/2029,Thoughtstorm,Retail,interdum mauris non ligula pellentesque ultrices phasellus id sapien in sapien iaculis congue vivamus metus arcu adipiscing molestie,Cash Advance,PHP,1.3575,252.8,3/6/2025,Pending,vivamus in felis eu sapien cursus vestibulum proin eu mi nulla ac enim in tempor turpis nec euismod scelerisque quam,Quatz,ligula in lacus curabitur at ipsum ac tellus semper interdum,Allis Prozillo,aprozilloma@blogtalkradio.com,374-233-2437,44607 Scoville Terrace,La Laguna,MEX,51247
804,3542335916725673,Visa,3/12/2024,932,Nicolai Lassetter,01 Schiller Point,Maquanzhen,,,China,645.47,12/17/2029,Youtags,Travel,sit amet diam in magna bibendum imperdiet nullam orci pede venenatis non sodales sed,Purchase,CNY,0.6588,8221.7,4/12/2023,Pending,nunc viverra dapibus nulla suscipit ligula in lacus curabitur at ipsum,Devify,quam fringilla rhoncus mauris enim leo rhoncus sed vestibulum sit amet cursus id turpis integer aliquet massa id lobortis convallis,Jo Lusgdin,jlusgdinmb@blogs.com,399-835-4141,38 Montana Pass,Caldono,,192057
805,6706081177135957060,Mastercard,11/14/2022,240,Karen Korda,9535 Hazelcrest Place,Itaitinga,,61880-000,Brazil,3778.46,7/26/2030,Voonte,Retail,velit vivamus vel nulla eget eros elementum pellentesque quisque porta volutpat erat quisque erat eros viverra eget,Purchase,BRL,1.1363,8273.21,8/5/2028,Declined,amet consectetuer adipiscing elit proin risus praesent lectus vestibulum quam,Jaxspan,condimentum neque sapien placerat ante nulla justo aliquam quis turpis eget elit sodales scelerisque mauris sit amet eros,Iver Hardistry,ihardistrymc@goodreads.com,723-465-6077,4321 Del Sol Trail,Cap Malheureux,,
806,564182356948055182,Mastercard,12/25/2026,661,Florrie Staker,33 Manitowish Point,Coronel Martínez,,,Paraguay,2571.9,9/17/2029,Teklist,Retail,ac leo pellentesque ultrices mattis odio donec vitae nisi nam ultrices libero non mattis pulvinar nulla pede ullamcorper augue,Purchase,PYG,1.7104,2393.83,9/21/2023,Declined,luctus ultricies eu nibh quisque id justo sit amet sapien dignissim,Skiptube,amet nunc viverra dapibus nulla suscipit ligula in lacus curabitur at ipsum ac tellus semper interdum,Kiley Youings,kyouingsmd@alibaba.com,432-675-5914,85659 Prentice Road,Wonokerto,,
807,503836793348377204,American Express,3/12/2028,422,Herminia Clement,18 Gulseth Point,Manalu,,,Indonesia,3832.83,8/26/2030,Eabox,Dining,libero non mattis pulvinar nulla pede ullamcorper augue a suscipit nulla elit ac nulla sed vel,Cash Advance,IDR,1.4565,5210.13,10/12/2030,Declined,ligula pellentesque ultrices phasellus id sapien in sapien iaculis congue vivamus metus arcu adipiscing molestie hendrerit at vulputate,Twitterwire,eget massa tempor convallis nulla neque libero convallis eget eleifend luctus ultricies eu nibh quisque id justo sit amet,Claiborn Schonfelder,cschonfelderme@gov.uk,167-549-1184,791 Helena Avenue,Radlje ob Dravi,,2360
808,3585852478668115,Mastercard,12/3/2024,737,Helenelizabeth Callander,0 Arizona Drive,Araulí,,,Honduras,162.93,9/21/2030,Dynabox,Travel,consequat ut nulla sed accumsan felis ut at dolor quis odio consequat varius integer ac leo pellentesque,Purchase,HNL,0.5817,5082.19,9/7/2024,Pending,viverra dapibus nulla suscipit ligula in lacus curabitur at ipsum ac tellus semper,Jaloo,sagittis nam congue risus semper porta volutpat quam pede lobortis ligula sit amet eleifend,Zachery Poure,zpouremf@vk.com,576-247-8317,51 Schiller Junction,Rungkang,,
809,5602224591148884,American Express,7/6/2029,415,Nelli Dengate,88 Logan Trail,Lorut,,,Armenia,4754.15,9/12/2022,Topicstorm,Retail,et ultrices posuere cubilia curae duis faucibus accumsan odio curabitur convallis duis consequat dui nec nisi volutpat eleifend donec,Refund,AMD,0.5277,1589.7,11/17/2022,Approved,vivamus in felis eu sapien cursus vestibulum proin eu mi,Buzzshare,nisl duis bibendum felis sed interdum venenatis turpis enim blandit mi in,Deborah Folini,dfolinimg@last.fm,838-375-4250,057 Caliangt Point,Cotuí,,10516
810,5131211170505998,Visa,8/3/2027,310,Clem Shropshire,5910 Fair Oaks Court,Xia Dawo,,,China,3646.18,2/18/2023,Fivebridge,Travel,maecenas tristique est et tempus semper est quam pharetra magna ac consequat metus sapien,Purchase,CNY,1.5588,5656.59,11/3/2028,Declined,ligula in lacus curabitur at ipsum ac tellus semper interdum mauris ullamcorper purus sit amet nulla quisque,Quatz,convallis morbi odio odio elementum eu interdum eu tincidunt in leo maecenas,Anton Bourdis,abourdismh@hostgator.com,515-246-3373,9780 Glacier Hill Junction,Heřmanův Městec,,538 03
811,3572560885591706,Mastercard,12/3/2022,125,Dion MacCallister,1555 Maple Wood Road,El Rosario,,,Nicaragua,9733.06,6/10/2027,Livetube,Retail,augue a suscipit nulla elit ac nulla sed vel enim sit amet nunc viverra dapibus,Cash Advance,NIO,1.6031,3789.38,1/31/2026,Declined,volutpat convallis morbi odio odio elementum eu interdum eu tincidunt in,Wordify,massa id lobortis convallis tortor risus dapibus augue vel accumsan tellus nisi eu orci mauris lacinia,Nanci Koubek,nkoubekmi@mail.ru,699-316-2993,079 Coolidge Road,Bakau,,
812,3557654377316505,Mastercard,8/9/2029,946,Hanny Muslim,35655 Jana Hill,Pursat,,,Cambodia,4473.07,2/23/2027,Cogilith,Entertainment,quis augue luctus tincidunt nulla mollis molestie lorem quisque ut erat,Cash Advance,KHR,1.0743,7697.17,6/30/2026,Pending,dolor morbi vel lectus in quam fringilla rhoncus mauris enim leo,Avamm,rhoncus dui vel sem sed sagittis nam congue risus semper porta volutpat quam pede,Kennett Binley,kbinleymj@google.de,452-202-9392,113 Bluejay Street,Sengeti,,
813,3581531470337424,American Express,4/29/2025,691,Katharina Union,520 Anhalt Hill,Wailiang,,,Indonesia,7160.56,9/9/2022,Quamba,Entertainment,vel augue vestibulum ante ipsum primis in faucibus orci luctus et ultrices posuere cubilia curae donec,Cash Advance,IDR,1.9486,3649.8,10/29/2025,Declined,dolor vel est donec odio justo sollicitudin ut suscipit a feugiat et eros vestibulum ac est lacinia nisi venenatis tristique,Jabbertype,luctus cum sociis natoque penatibus et magnis dis parturient montes nascetur ridiculus mus vivamus vestibulum sagittis sapien,Charis Heber,chebermk@symantec.com,112-975-4780,965 Lake View Court,Qiting,,
814,3552539350899715,Mastercard,10/2/2029,745,Davie Orth,0 Meadow Vale Lane,Hallstahammar,U,734 91,Sweden,2668.04,12/5/2023,Janyx,Dining,quam suspendisse potenti nullam porttitor lacus at turpis donec posuere metus vitae ipsum,Purchase,SEK,0.717,7957.48,8/9/2028,Pending,id sapien in sapien iaculis congue vivamus metus arcu adipiscing molestie,Snaptags,a odio in hac habitasse platea dictumst maecenas ut massa quis augue luctus,Alisha Burtt,aburttml@house.gov,803-317-1301,71 Sundown Point,Caijiang,,
815,3561323835474009,American Express,5/6/2025,207,Swen Diego,346 Scofield Avenue,Amaraji,,55515-000,Brazil,3158.69,3/26/2027,Topicware,Entertainment,nulla eget eros elementum pellentesque quisque porta volutpat erat quisque erat eros viverra eget congue eget semper rutrum nulla,Cash Advance,BRL,0.5998,8120.45,10/11/2030,Declined,magna vulputate luctus cum sociis natoque penatibus et magnis dis parturient montes nascetur ridiculus mus,Voomm,ligula nec sem duis aliquam convallis nunc proin at turpis a pede posuere nonummy integer non velit donec diam,Gill Pheazey,gpheazeymm@usnews.com,253-977-5413,25 Esch Center,Mölndal,O,431 87
816,3552047326988075,Visa,11/16/2027,114,Maris Bowdon,11277 Homewood Point,Nueva Esperanza,VER,94242,Mexico,8989.03,4/11/2030,Realbuzz,Dining,nulla ultrices aliquet maecenas leo odio condimentum id luctus nec molestie sed justo pellentesque,Refund,MXN,1.4907,7350.75,3/31/2030,Declined,libero convallis eget eleifend luctus ultricies eu nibh quisque id justo sit amet,Quamba,quisque porta volutpat erat quisque erat eros viverra eget congue eget semper rutrum nulla nunc purus phasellus in,Faustine Doodney,fdoodneymn@com.com,926-877-4848,67882 Hazelcrest Hill,Al Ghāriyah,,
817,5610162462812255,Visa,1/1/2023,242,Krishna Benfield,41 Eastlawn Alley,Portoviejo,,,Ecuador,289.87,8/29/2027,Rhyloo,Dining,pede morbi porttitor lorem id ligula suspendisse ornare consequat lectus in est risus auctor sed tristique in tempus,Purchase,USD,1.4164,2448.98,6/5/2030,Declined,justo pellentesque viverra pede ac diam cras pellentesque volutpat dui maecenas,Meetz,semper rutrum nulla nunc purus phasellus in felis donec semper sapien a libero nam,Lion Dobinson,ldobinsonmo@csmonitor.com,494-846-8577,1615 Lakewood Gardens Park,Mahajanga,,
818,3529493660134332,Mastercard,4/19/2030,831,Gasparo De Francisci,2 Helena Lane,Filipstad,S,682 33,Sweden,8047.76,3/29/2030,Pixoboo,Travel,volutpat in congue etiam justo etiam pretium iaculis justo in hac habitasse platea dictumst etiam faucibus cursus,Cash Advance,SEK,0.6535,2776.27,6/22/2026,Declined,cursus urna ut tellus nulla ut erat id mauris vulputate elementum nullam varius nulla facilisi cras non velit nec nisi,Jamia,rutrum nulla tellus in sagittis dui vel nisl duis ac nibh fusce lacus purus aliquet at feugiat non pretium quis,Brietta Exter,bextermp@amazonaws.com,957-797-9930,8 Surrey Plaza,Shūsh,,
819,5007663317463005,Visa,4/28/2025,822,Nils Pitcher,218 Miller Hill,Maroa,,,Venezuela,4846.94,12/21/2029,Jetwire,Dining,eleifend donec ut dolor morbi vel lectus in quam fringilla rhoncus mauris enim leo rhoncus sed,Cash Advance,VEF,0.9167,47.5,1/29/2023,Approved,curae mauris viverra diam vitae quam suspendisse potenti nullam porttitor lacus at turpis donec posuere metus vitae ipsum aliquam,Kanoodle,felis eu sapien cursus vestibulum proin eu mi nulla ac enim in tempor turpis nec,Viviana Simononsky,vsimononskymq@ow.ly,248-426-4008,8 Bultman Parkway,San Javier,,5875
820,374283456027457,Mastercard,4/10/2027,145,Colet Lafflina,167 Westport Street,Smolenka,,427645,Russia,1174.52,2/26/2027,Browsecat,Retail,molestie hendrerit at vulputate vitae nisl aenean lectus pellentesque eget nunc donec quis orci eget orci vehicula condimentum curabitur,Cash Advance,RUB,1.9073,2355.4,1/1/2022,Pending,lacinia eget tincidunt eget tempus vel pede morbi porttitor lorem id ligula suspendisse ornare consequat lectus,Skipfire,elementum pellentesque quisque porta volutpat erat quisque erat eros viverra,Frasier Chessell,fchessellmr@ezinearticles.com,597-321-2754,70771 Hollow Ridge Crossing,Kagawasan,,7036
821,6759713862859673,Visa,5/24/2024,129,Urban Tevelov,55971 Calypso Circle,Tsuma,,881-0033,Japan,117.59,9/4/2028,Jatri,Retail,mattis nibh ligula nec sem duis aliquam convallis nunc proin at turpis,Cash Advance,JPY,0.9534,6552.09,4/30/2029,Pending,nibh in quis justo maecenas rhoncus aliquam lacus morbi quis tortor id nulla ultrices aliquet maecenas leo,Linklinks,varius integer ac leo pellentesque ultrices mattis odio donec vitae nisi nam,Dannie Masurel,dmasurelms@canalblog.com,781-190-0146,30 Rutledge Junction,Carrascal,14,6120-215
822,5007666577463953,Visa,3/15/2029,225,Rubetta Vennard,304 Lakeland Road,Łysomice,,87-148,Poland,4477.02,6/15/2023,Ailane,Retail,penatibus et magnis dis parturient montes nascetur ridiculus mus vivamus vestibulum sagittis sapien,Cash Advance,PLN,1.8813,3963.33,9/1/2029,Declined,eu mi nulla ac enim in tempor turpis nec euismod scelerisque,Thoughtmix,aliquet maecenas leo odio condimentum id luctus nec molestie sed justo pellentesque viverra pede ac diam cras pellentesque volutpat dui,Roseann Fader,rfadermt@spiegel.de,964-358-4381,15 Ramsey Drive,Xinglongquan,,
823,3588472785693883,Mastercard,3/23/2029,583,Wendy Churchyard,14 Amoth Avenue,Soanindrariny,,,Madagascar,4583.01,6/14/2029,Fadeo,Entertainment,fusce posuere felis sed lacus morbi sem mauris laoreet ut rhoncus aliquet pulvinar sed nisl nunc rhoncus dui vel,Cash Advance,MGA,0.5351,1295.18,8/12/2030,Declined,est congue elementum in hac habitasse platea dictumst morbi vestibulum velit id pretium iaculis diam erat fermentum justo,Geba,in lectus pellentesque at nulla suspendisse potenti cras in purus eu magna vulputate luctus cum sociis natoque penatibus et magnis,Meryl Southerell,msoutherellmu@skyrock.com,424-708-0656,498 Hauk Drive,Changle,,
824,3562537791161719,Mastercard,2/28/2023,854,Tamra Shirt,1450 Pepper Wood Park,Hobonio,,,Indonesia,5922.66,3/10/2024,Jaxspan,Entertainment,pretium nisl ut volutpat sapien arcu sed augue aliquam erat,Purchase,IDR,1.6993,727.51,11/13/2022,Pending,proin leo odio porttitor id consequat in consequat ut nulla sed accumsan felis ut at dolor quis odio consequat varius,Yakidoo,lobortis sapien sapien non mi integer ac neque duis bibendum morbi non quam nec dui luctus rutrum nulla tellus in,Margeaux Kopta,mkoptamv@imageshack.us,106-478-0236,3 Garrison Drive,Pirassununga,,13630-000
825,3542408812273229,American Express,2/7/2023,172,Gwynne Skirvane,7 4th Avenue,Wanxian,,,China,930.58,10/29/2025,Twimm,Dining,morbi sem mauris laoreet ut rhoncus aliquet pulvinar sed nisl,Refund,CNY,1.3889,7202.77,6/30/2025,Declined,viverra eget congue eget semper rutrum nulla nunc purus phasellus in felis donec semper sapien a libero,Gabtype,vehicula condimentum curabitur in libero ut massa volutpat convallis morbi odio odio elementum eu interdum eu tincidunt in,Maxim McCurry,mmccurrymw@ucsd.edu,182-520-8118,41 Trailsway Terrace,Malati,,
826,30012090698696,American Express,5/8/2028,765,Chaddy Montel,2 Dexter Park,Pyongyang,,,North Korea,2789.15,11/8/2023,Jaxbean,Travel,quis lectus suspendisse potenti in eleifend quam a odio in hac habitasse platea dictumst maecenas,Refund,KPW,0.6428,7702.76,6/6/2028,Declined,eu mi nulla ac enim in tempor turpis nec euismod scelerisque quam turpis adipiscing lorem,Devpulse,tincidunt lacus at velit vivamus vel nulla eget eros elementum pellentesque quisque porta,June Nusche,jnuschemx@yellowpages.com,906-544-6198,520 Dovetail Lane,Marolambo,,
827,5602224313555432,American Express,5/26/2029,387,Catharine Morgue,0 Morrow Avenue,Nantes,B5,44324 CEDEX 3,France,3719.45,8/31/2027,Eidel,Travel,vel augue vestibulum ante ipsum primis in faucibus orci luctus et ultrices posuere cubilia curae donec pharetra magna vestibulum,Cash Advance,EUR,1.8805,6727.08,7/6/2030,Declined,in faucibus orci luctus et ultrices posuere cubilia curae mauris viverra,Browsebug,volutpat erat quisque erat eros viverra eget congue eget semper rutrum nulla nunc purus phasellus in felis donec semper sapien,Dinny Rowdell,drowdellmy@apple.com,281-895-1889,83339 Oak Alley,Taphan Hin,,66110
828,6767738769021070492,American Express,12/5/2028,981,Willi Kryzhov,67906 Banding Point,Tarub,,,Indonesia,6086.76,3/3/2027,Flipopia,Dining,augue luctus tincidunt nulla mollis molestie lorem quisque ut erat curabitur gravida nisi at nibh,Refund,IDR,1.952,3525.54,2/8/2024,Pending,vestibulum ante ipsum primis in faucibus orci luctus et ultrices posuere cubilia curae duis faucibus accumsan odio,Flashset,fusce posuere felis sed lacus morbi sem mauris laoreet ut rhoncus aliquet,Kellina Geri,kgerimz@ucsd.edu,868-917-5543,339 Graedel Pass,Guilin,,
829,5602242792197997,Visa,8/15/2024,125,Kort Grieveson,7 Rockefeller Alley,Jiantiao,,,China,5496.51,9/24/2022,Meevee,Travel,quis libero nullam sit amet turpis elementum ligula vehicula consequat,Cash Advance,CNY,1.1725,7568.7,7/26/2023,Approved,luctus ultricies eu nibh quisque id justo sit amet sapien dignissim vestibulum vestibulum ante ipsum primis in faucibus orci,Thoughtstorm,congue vivamus metus arcu adipiscing molestie hendrerit at vulputate vitae nisl aenean lectus pellentesque eget nunc donec quis orci,Lavina Yoodall,lyoodalln0@google.com.au,113-808-3377,79059 Butternut Center,Smithers,BC,P3N
830,3549485200421100,Visa,4/27/2026,935,Annora Swallow,51290 Bay Drive,Suicheng,,,China,3478.78,8/7/2027,Skalith,Entertainment,aenean fermentum donec ut mauris eget massa tempor convallis nulla neque libero convallis eget eleifend luctus ultricies eu nibh quisque,Refund,CNY,0.8289,6494.44,1/17/2023,Approved,elit ac nulla sed vel enim sit amet nunc viverra dapibus nulla suscipit ligula in lacus curabitur,Devbug,est donec odio justo sollicitudin ut suscipit a feugiat et eros,Gregor Skylett,gskylettn1@yolasite.com,869-269-4776,3 Delaware Avenue,Wangzuizi,,
831,3571853502630606,Visa,5/23/2027,821,Harlan Vannuchi,28385 School Hill,Memphis,TN,38150,United States,4090.03,8/22/2023,Avaveo,Entertainment,urna pretium nisl ut volutpat sapien arcu sed augue aliquam erat volutpat in congue etiam justo,Purchase,USD,1.9665,1412.97,2/2/2026,Approved,nascetur ridiculus mus vivamus vestibulum sagittis sapien cum sociis natoque penatibus et magnis dis parturient montes,Realbuzz,felis donec semper sapien a libero nam dui proin leo odio porttitor id consequat in,Branden Witchard,bwitchardn2@cocolog-nifty.com,901-559-6525,320 Toban Crossing,Montgomery,AL,36177
832,3577653381137184,American Express,8/8/2025,825,Fanchette Larman,3082 Union Place,Arvidsjaur,BD,933 82,Sweden,6980.45,12/14/2023,Quatz,Travel,nulla facilisi cras non velit nec nisi vulputate nonummy maecenas tincidunt lacus at velit,Cash Advance,SEK,1.8415,9716.61,6/1/2023,Declined,sit amet diam in magna bibendum imperdiet nullam orci pede venenatis non sodales sed,Muxo,eu magna vulputate luctus cum sociis natoque penatibus et magnis dis parturient,Ilsa Simonetto,isimonetton3@kickstarter.com,614-135-5537,50 Morningstar Lane,Kożuchów,,67-120
833,5010125842692438,American Express,5/3/2027,898,Bealle Mattioni,831 Fair Oaks Street,Cikou,,,China,2766.95,12/25/2024,Zoombeat,Travel,eros elementum pellentesque quisque porta volutpat erat quisque erat eros viverra eget congue,Purchase,CNY,1.9351,8058.85,12/20/2030,Approved,a suscipit nulla elit ac nulla sed vel enim sit amet nunc viverra dapibus nulla suscipit,Snaptags,justo etiam pretium iaculis justo in hac habitasse platea dictumst etiam faucibus cursus urna,Filide Tomkowicz,ftomkowiczn4@indiatimes.com,408-495-1981,10381 Scoville Point,Kangar,PLS,01578
834,3582079460661105,American Express,4/11/2026,741,Calley Chadwick,4535 Scoville Point,New Sibonga,,8105,Philippines,8741.36,9/26/2024,Livetube,Retail,diam vitae quam suspendisse potenti nullam porttitor lacus at turpis,Purchase,PHP,0.8996,4628.09,6/2/2028,Declined,amet sem fusce consequat nulla nisl nunc nisl duis bibendum felis sed interdum venenatis turpis enim blandit,Skibox,etiam faucibus cursus urna ut tellus nulla ut erat id mauris vulputate elementum nullam varius nulla facilisi cras non velit,Joscelin Cowoppe,jcowoppen5@zimbio.com,196-558-7613,928 Sutteridge Street,Zboriv,,
835,6706996839272465744,Mastercard,9/23/2028,872,Joann Leel,644 Bartelt Point,Alzamay,,665161,Russia,3243.09,8/30/2025,Aibox,Dining,arcu sed augue aliquam erat volutpat in congue etiam justo etiam pretium iaculis justo,Cash Advance,RUB,1.0459,5237.44,4/15/2030,Declined,urna ut tellus nulla ut erat id mauris vulputate elementum nullam varius nulla facilisi cras non velit nec nisi vulputate,Wikido,id sapien in sapien iaculis congue vivamus metus arcu adipiscing molestie hendrerit at vulputate vitae nisl aenean lectus,Carrie Ivanishin,civanishinn6@rakuten.co.jp,837-490-8523,86 Stephen Plaza,Teuva,,64701
836,3538414376926018,Visa,9/20/2029,117,Josselyn Suarez,6813 John Wall Center,Washington,DC,20051,United States,8798.13,9/14/2028,Jabbercube,Entertainment,nulla ut erat id mauris vulputate elementum nullam varius nulla facilisi cras non velit nec nisi,Refund,USD,1.2837,950.29,9/17/2030,Approved,semper est quam pharetra magna ac consequat metus sapien ut nunc vestibulum ante ipsum primis in faucibus orci luctus et,Oyoba,lectus in quam fringilla rhoncus mauris enim leo rhoncus sed vestibulum sit amet cursus id turpis integer aliquet,Yetta Baldrick,ybaldrickn7@chronoengine.com,202-257-6441,11437 Claremont Terrace,Mayuge,,
837,3546785999695449,Mastercard,10/24/2029,859,Werner Stringer,99 Bultman Avenue,Tunguang,,,China,8107.18,10/29/2022,Gabspot,Entertainment,magna ac consequat metus sapien ut nunc vestibulum ante ipsum,Cash Advance,CNY,0.6377,9847.73,5/1/2024,Declined,at ipsum ac tellus semper interdum mauris ullamcorper purus sit amet nulla quisque arcu libero rutrum ac lobortis,Yakijo,cursus vestibulum proin eu mi nulla ac enim in tempor,Maxwell O'Sheils,mosheilsn8@hibu.com,277-406-3051,529 Golf Alley,Khlevnoye,,399260
838,5610122862650887,American Express,1/19/2028,108,Clem Pietroni,449 Lawn Parkway,Kallithéa,,,Greece,3732.84,2/26/2027,Jazzy,Dining,libero convallis eget eleifend luctus ultricies eu nibh quisque id justo sit amet sapien dignissim,Cash Advance,EUR,0.7343,1613.15,2/24/2028,Declined,mi in porttitor pede justo eu massa donec dapibus duis at,Eidel,turpis elementum ligula vehicula consequat morbi a ipsum integer a nibh in quis justo maecenas rhoncus aliquam,Sebastien Devall,sdevalln9@dion.ne.jp,939-451-9258,071 Haas Point,Monte Alegre,,59182-000
839,3580915713880335,Visa,6/6/2029,155,Fernandina Youhill,4916 Golf Course Plaza,Frederiksberg,1084,1906,Denmark,3335.56,9/23/2029,Skaboo,Retail,neque duis bibendum morbi non quam nec dui luctus rutrum nulla tellus in sagittis dui vel nisl,Refund,DKK,1.6434,2811.85,4/13/2030,Approved,lorem id ligula suspendisse ornare consequat lectus in est risus auctor sed tristique in tempus sit amet sem fusce consequat,Photojam,vestibulum proin eu mi nulla ac enim in tempor turpis nec euismod scelerisque quam turpis adipiscing lorem vitae,Maxy Fellis,mfellisna@apache.org,333-975-4917,4506 Towne Avenue,Charlotte,NC,28299
840,6304719574387875343,Visa,1/11/2028,453,Ewen Greenfield,86 Debs Place,Tamansari,,,Indonesia,2673.01,4/22/2029,Realbuzz,Travel,interdum mauris non ligula pellentesque ultrices phasellus id sapien in sapien iaculis congue vivamus metus arcu,Purchase,IDR,1.9968,9122.38,4/12/2025,Pending,mattis odio donec vitae nisi nam ultrices libero non mattis,Fivebridge,augue vestibulum ante ipsum primis in faucibus orci luctus et ultrices posuere cubilia,Rafferty Sharphurst,rsharphurstnb@home.pl,120-897-1770,25786 Cherokee Junction,Banjarjo,,
841,5007660831954469,Visa,11/22/2027,870,Laurie Fetterplace,691 Judy Plaza,Descalvado,,13690-000,Brazil,8874.41,5/1/2025,Twitterbridge,Dining,enim blandit mi in porttitor pede justo eu massa donec dapibus duis at velit eu est congue,Purchase,BRL,0.5803,3350.52,10/9/2029,Approved,ligula suspendisse ornare consequat lectus in est risus auctor sed tristique in tempus sit amet,Agimba,mauris sit amet eros suspendisse accumsan tortor quis turpis sed ante vivamus,Robers Paolozzi,rpaolozzinc@google.fr,886-251-8314,78 Pleasure Park,Angers,B5,49066 CEDEX 01
842,36362366158477,Visa,6/13/2024,615,Dianemarie Odegaard,45062 Calypso Terrace,Cavaillon,B8,84304 CEDEX,France,8510.98,3/3/2030,Zoomlounge,Retail,at turpis donec posuere metus vitae ipsum aliquam non mauris morbi non lectus,Cash Advance,EUR,1.6329,5776.13,8/20/2026,Declined,faucibus cursus urna ut tellus nulla ut erat id mauris vulputate elementum nullam varius,Devpulse,erat curabitur gravida nisi at nibh in hac habitasse platea dictumst aliquam augue quam sollicitudin vitae consectetuer eget rutrum at,Jorgan Gifkins,jgifkinsnd@berkeley.edu,269-473-9012,11213 Elgar Park,Sulmierzyce,,98-338
843,373486850144221,Visa,2/18/2022,604,Gene Greenhaugh,73922 Hayes Plaza,Mocupe,,,Peru,4506.53,11/3/2028,Leexo,Entertainment,id ligula suspendisse ornare consequat lectus in est risus auctor,Refund,PEN,0.6188,1028.83,5/13/2028,Pending,ac tellus semper interdum mauris ullamcorper purus sit amet nulla quisque,Topiczoom,ante ipsum primis in faucibus orci luctus et ultrices posuere cubilia curae duis,Mendy Posnett,mposnettne@plala.or.jp,317-659-9435,5423 Everett Crossing,Huangben,,
844,4041593825138271,American Express,2/11/2026,690,Gannon Dayer,68 Nobel Junction,Las Americas,TAM,88925,Mexico,4542.91,5/25/2022,Youfeed,Entertainment,dolor vel est donec odio justo sollicitudin ut suscipit a feugiat et eros vestibulum ac est lacinia nisi,Purchase,MXN,1.8686,4741.21,1/30/2027,Declined,dolor sit amet consectetuer adipiscing elit proin interdum mauris non ligula pellentesque ultrices phasellus id sapien in sapien iaculis congue,Devpoint,nec nisi volutpat eleifend donec ut dolor morbi vel lectus in quam,Aluin Eudall,aeudallnf@wufoo.com,383-777-4790,3 Dottie Road,Tmourghout,,
845,5893511806058272,American Express,8/10/2025,473,Steffane MacCollom,4807 Oak Valley Court,Arteche,,6822,Philippines,1829.08,12/11/2023,Skimia,Dining,pede morbi porttitor lorem id ligula suspendisse ornare consequat lectus in est risus auctor,Cash Advance,PHP,1.5052,296.19,8/16/2023,Approved,orci luctus et ultrices posuere cubilia curae donec pharetra magna,Skimia,rutrum at lorem integer tincidunt ante vel ipsum praesent blandit lacinia erat vestibulum sed magna at nunc commodo placerat praesent,Karyn Jankiewicz,kjankiewiczng@cnn.com,822-528-4317,657 Sundown Alley,Tungguwaneng,,
846,3550950587308333,Mastercard,8/14/2029,605,Thorndike Glanfield,0976 Sutherland Park,Gorzów Wielkopolski,,66-418,Poland,4267.69,1/7/2030,InnoZ,Dining,et ultrices posuere cubilia curae duis faucibus accumsan odio curabitur convallis duis consequat dui nec nisi volutpat eleifend donec,Purchase,PLN,1.998,9500.61,2/19/2026,Approved,in leo maecenas pulvinar lobortis est phasellus sit amet erat nulla tempus vivamus in felis eu sapien,Brightbean,non mi integer ac neque duis bibendum morbi non quam nec dui luctus rutrum nulla tellus in sagittis dui vel,Elvis Oldland,eoldlandnh@businessinsider.com,257-440-3524,0824 Summer Ridge Place,Krajan,,
847,6391714065538902,Visa,9/29/2028,642,Taber Larham,6 Lake View Park,Suva Reka,,,Kosovo,4415.57,2/5/2022,DabZ,Travel,montes nascetur ridiculus mus etiam vel augue vestibulum rutrum rutrum neque aenean auctor,Cash Advance,EUR,1.3454,6955.67,5/26/2023,Approved,etiam justo etiam pretium iaculis justo in hac habitasse platea dictumst etiam faucibus cursus urna ut tellus nulla ut erat,Edgeblab,nec nisi volutpat eleifend donec ut dolor morbi vel lectus in quam fringilla rhoncus mauris enim leo rhoncus sed,Vern Coulman,vcoulmanni@weibo.com,232-632-8947,986 Cherokee Circle,Tilang,,
848,3560170294186785,American Express,4/19/2026,872,Olympe Dreamer,842 Old Shore Plaza,Taoyao,,,China,2013.07,12/8/2023,Zoozzy,Dining,justo sollicitudin ut suscipit a feugiat et eros vestibulum ac est lacinia nisi,Refund,CNY,0.5286,8540.74,3/26/2022,Declined,etiam vel augue vestibulum rutrum rutrum neque aenean auctor gravida sem praesent id massa id nisl venenatis lacinia,Riffpath,pellentesque at nulla suspendisse potenti cras in purus eu magna vulputate luctus cum sociis natoque penatibus,Marysa Danilishin,mdanilishinnj@simplemachines.org,246-435-3507,98 Hauk Junction,Imbituba,,88780-000
849,3531481746175011,Visa,5/13/2023,779,Tandy Espinho,74 Oxford Park,Bājitpur,,2338,Bangladesh,5520.82,4/26/2029,Twitterbridge,Retail,nullam sit amet turpis elementum ligula vehicula consequat morbi a ipsum integer a nibh in quis justo maecenas,Cash Advance,BDT,0.6532,4788.42,11/1/2027,Pending,faucibus accumsan odio curabitur convallis duis consequat dui nec nisi volutpat eleifend,Yoveo,duis faucibus accumsan odio curabitur convallis duis consequat dui nec,Felipe Hof,fhofnk@shop-pro.jp,657-599-7974,6152 Johnson Court,Viga,,4805
850,3567721054695341,Mastercard,9/25/2030,148,Brock Sandars,318 Basil Center,Lopatinskiy,,140209,Russia,1326.49,4/12/2022,Voonyx,Entertainment,non mattis pulvinar nulla pede ullamcorper augue a suscipit nulla,Purchase,RUB,1.1019,5296.54,9/12/2027,Approved,risus semper porta volutpat quam pede lobortis ligula sit amet eleifend pede libero quis orci,Nlounge,in hac habitasse platea dictumst maecenas ut massa quis augue luctus tincidunt nulla mollis molestie lorem,Zaccaria Marini,zmarininl@mtv.com,578-103-9509,79394 Little Fleur Crossing,Sulmierzyce,,98-338
851,5610565214550884,Visa,12/19/2022,792,Gertrud Cheek,1 Fairfield Avenue,Peshtera,,4550,Bulgaria,1838.92,5/12/2023,Quaxo,Dining,magna vestibulum aliquet ultrices erat tortor sollicitudin mi sit amet lobortis sapien sapien non mi integer ac neque,Purchase,BGN,1.4706,716.75,10/5/2025,Pending,sapien quis libero nullam sit amet turpis elementum ligula vehicula consequat morbi a ipsum integer a nibh in quis justo,Fanoodle,nisl aenean lectus pellentesque eget nunc donec quis orci eget orci vehicula condimentum curabitur in libero ut massa volutpat,Deana Hoggetts,dhoggettsnm@friendfeed.com,862-378-2233,0 Welch Alley,Dovhe,,
852,67616129923399051,Visa,11/2/2028,440,Wini Mattheeuw,49 Eastwood Trail,Bremen,HB,28355,Germany,3084.35,3/22/2025,Quimm,Travel,in libero ut massa volutpat convallis morbi odio odio elementum eu interdum eu tincidunt in leo maecenas,Cash Advance,EUR,1.689,7824.34,5/3/2028,Approved,congue vivamus metus arcu adipiscing molestie hendrerit at vulputate vitae nisl aenean lectus pellentesque eget nunc donec,Chatterbridge,nulla dapibus dolor vel est donec odio justo sollicitudin ut suscipit a feugiat et,Arvin Eldin,aeldinnn@livejournal.com,546-615-1616,5 Pine View Alley,Carmen,,9408
853,4913002030710630,Visa,9/16/2024,349,Morganne Matthew,6 Atwood Plaza,Kítsi,,,Greece,6892.86,9/3/2025,Skyndu,Dining,auctor gravida sem praesent id massa id nisl venenatis lacinia aenean sit amet justo,Cash Advance,EUR,1.6571,6117.11,8/20/2025,Declined,lacinia eget tincidunt eget tempus vel pede morbi porttitor lorem id ligula suspendisse ornare consequat lectus in,Flipopia,elementum eu interdum eu tincidunt in leo maecenas pulvinar lobortis est phasellus sit amet erat nulla,Faye Brookz,fbrookzno@geocities.com,743-121-2294,906 David Junction,Cetinje,,
854,6371915307100310,Visa,10/26/2030,909,Gianni Kyme,9 Badeau Road,Novopokrovka,,433452,Russia,5769.25,2/2/2022,Jetpulse,Dining,cursus id turpis integer aliquet massa id lobortis convallis tortor risus dapibus augue vel accumsan tellus nisi eu orci mauris,Cash Advance,RUB,1.8915,7237.35,4/22/2022,Pending,ipsum ac tellus semper interdum mauris ullamcorper purus sit amet nulla quisque arcu libero,Topicstorm,dolor sit amet consectetuer adipiscing elit proin interdum mauris non ligula pellentesque,William Rosentholer,wrosentholernp@miibeian.gov.cn,279-230-9784,52 Bay Avenue,Cluain Meala,,E91
855,30144168177954,American Express,10/25/2025,632,Tremain Trundell,27 Aberg Parkway,Charleston,WV,25389,United States,8725.29,2/28/2022,Livetube,Entertainment,vitae quam suspendisse potenti nullam porttitor lacus at turpis donec posuere metus vitae,Purchase,USD,1.3211,7620.84,1/29/2025,Declined,curabitur convallis duis consequat dui nec nisi volutpat eleifend donec ut dolor,Janyx,lobortis convallis tortor risus dapibus augue vel accumsan tellus nisi eu orci,Mallissa Dobrowolski,mdobrowolskinq@indiatimes.com,304-713-6154,4 Pepper Wood Hill,Ōhara,,299-4624
856,5010129906899467,Visa,9/10/2026,994,Sarina Hargess,2900 Warrior Court,Boyu,,,China,7508.7,7/3/2023,Topicblab,Retail,proin leo odio porttitor id consequat in consequat ut nulla sed accumsan felis ut at dolor quis odio consequat,Refund,CNY,1.3165,7882.27,5/18/2030,Declined,morbi odio odio elementum eu interdum eu tincidunt in leo maecenas pulvinar,Zoombox,vel augue vestibulum rutrum rutrum neque aenean auctor gravida sem praesent id massa id nisl venenatis,Daffi Swatland,dswatlandnr@sciencedaily.com,550-138-3075,4 Commercial Place,Lille,B4,59007 CEDEX
857,3573955737611471,Visa,10/8/2025,790,Cecilia Dubbin,1659 Crowley Court,Krajanbonjor,,,Indonesia,8335.18,2/12/2030,Kwideo,Dining,libero nam dui proin leo odio porttitor id consequat in consequat ut nulla sed accumsan felis,Refund,IDR,1.3963,3258.97,7/30/2027,Pending,tincidunt ante vel ipsum praesent blandit lacinia erat vestibulum sed magna at nunc commodo placerat praesent blandit nam nulla,Zoozzy,tristique in tempus sit amet sem fusce consequat nulla nisl nunc nisl duis bibendum felis sed interdum venenatis turpis enim,Stanwood Jellings,sjellingsns@wired.com,651-279-6419,4076 Karstens Way,Matangpayang,,
858,5602219992193927,Visa,3/12/2028,105,Muhammad Whanstall,75 Pawling Point,Longmenfan,,,China,5238.78,9/25/2030,Bubblemix,Retail,in lectus pellentesque at nulla suspendisse potenti cras in purus eu,Refund,CNY,0.7824,6045.52,12/13/2023,Pending,etiam justo etiam pretium iaculis justo in hac habitasse platea dictumst etiam faucibus cursus urna ut tellus nulla ut erat,Dabvine,quis odio consequat varius integer ac leo pellentesque ultrices mattis odio donec,Barret Rudolph,brudolphnt@digg.com,561-232-1870,7 Mosinee Road,Arlöv,M,232 24
859,3578033732440760,American Express,10/3/2025,912,Meggi Geindre,46376 Rusk Parkway,Nanga Eboko,,,Cameroon,6014.07,4/11/2022,Jaxnation,Entertainment,risus praesent lectus vestibulum quam sapien varius ut blandit non interdum in,Cash Advance,XAF,1.9511,6239.6,1/13/2024,Declined,lacus morbi sem mauris laoreet ut rhoncus aliquet pulvinar sed nisl,Twitterlist,libero nullam sit amet turpis elementum ligula vehicula consequat morbi a,Dana Kornas,dkornasnu@lulu.com,939-895-5145,493 Arapahoe Terrace,Acopampa,,
860,36763895221126,Mastercard,12/25/2030,231,Paige Martinyuk,05 Namekagon Court,Orodara,,,Burkina Faso,7248.84,7/6/2027,Eabox,Retail,mauris morbi non lectus aliquam sit amet diam in magna bibendum imperdiet nullam orci pede venenatis non sodales sed tincidunt,Purchase,XOF,1.3276,5276.63,1/23/2028,Declined,elementum eu interdum eu tincidunt in leo maecenas pulvinar lobortis est phasellus sit amet erat nulla tempus vivamus,Vinte,posuere cubilia curae duis faucibus accumsan odio curabitur convallis duis consequat dui nec nisi volutpat,Alisander Franklin,afranklinnv@blogger.com,861-714-3542,7914 Ridgeview Crossing,Chico,CA,95973
861,3561368800511137,Mastercard,6/20/2028,820,Eddie Studdeard,65 Washington Pass,Líbeznice,,250 65,Czech Republic,3096.41,3/25/2028,Lazzy,Retail,erat eros viverra eget congue eget semper rutrum nulla nunc purus phasellus in felis donec,Purchase,CZK,1.4979,3708.63,7/7/2030,Approved,nisi volutpat eleifend donec ut dolor morbi vel lectus in quam fringilla,Jabberstorm,mauris laoreet ut rhoncus aliquet pulvinar sed nisl nunc rhoncus dui vel sem sed sagittis nam congue risus semper,Ealasaid Keeffe,ekeeffenw@slate.com,981-567-5122,1193 Springview Terrace,Fresno,CA,93704
862,6759243294742824312,Mastercard,11/13/2023,545,Lindi Clemenson,5 Shoshone Place,Bayan Bulag,,,China,7405.55,7/26/2026,Mynte,Entertainment,sit amet eleifend pede libero quis orci nullam molestie nibh in lectus pellentesque at nulla suspendisse potenti,Cash Advance,CNY,0.7132,7844.34,4/18/2027,Declined,leo odio condimentum id luctus nec molestie sed justo pellentesque viverra pede ac diam cras pellentesque volutpat dui maecenas,Feedfire,posuere cubilia curae donec pharetra magna vestibulum aliquet ultrices erat tortor sollicitudin mi sit amet lobortis sapien sapien non,Gibby Arenson,garensonnx@shinystat.com,603-266-6768,384 Nova Street,Xiaxindian,,
863,4405974860973311,American Express,2/27/2024,989,Koenraad Venn,8490 Milwaukee Lane,Lawonda,,,Indonesia,1903.33,12/31/2025,Dabtype,Dining,suscipit nulla elit ac nulla sed vel enim sit amet nunc viverra dapibus nulla suscipit,Refund,IDR,0.7132,521.74,12/6/2027,Pending,nec nisi volutpat eleifend donec ut dolor morbi vel lectus in quam fringilla rhoncus,Dablist,placerat praesent blandit nam nulla integer pede justo lacinia eget tincidunt eget tempus vel pede morbi porttitor,Aidan Stacey,astaceyny@squidoo.com,697-385-6225,9 Grasskamp Center,Runjin,,
864,3533609614643953,Visa,2/6/2024,473,Feliza Crackel,69 Northport Alley,General Pico,,6360,Argentina,7462.36,9/18/2024,Eimbee,Travel,curabitur in libero ut massa volutpat convallis morbi odio odio elementum eu interdum eu tincidunt in,Cash Advance,ARS,1.0925,2276.44,7/14/2022,Approved,quis libero nullam sit amet turpis elementum ligula vehicula consequat morbi a ipsum integer a nibh in,Flashset,cubilia curae duis faucibus accumsan odio curabitur convallis duis consequat dui nec nisi volutpat,Glen MacArd,gmacardnz@sun.com,528-947-4055,848 Oxford Parkway,Reading,PA,19610
865,201800694101312,Visa,3/11/2028,798,Ofelia Gillies,46 Golf Avenue,Aoluguya Ewenke Minzu,,,China,5060.46,4/13/2026,Shufflebeat,Travel,dui nec nisi volutpat eleifend donec ut dolor morbi vel lectus in quam fringilla rhoncus mauris enim leo,Cash Advance,CNY,1.6939,5377.9,9/14/2025,Declined,morbi vel lectus in quam fringilla rhoncus mauris enim leo rhoncus sed vestibulum sit amet cursus,Vipe,ut tellus nulla ut erat id mauris vulputate elementum nullam varius nulla,Martino Maso,mmasoo0@wufoo.com,955-771-0503,6 Warner Way,Saihan Tal,,
866,6331106343221554,American Express,10/25/2029,828,Obadias Repp,2200 Caliangt Place,Mateus Leme,,35670-000,Brazil,386.36,4/10/2026,Blogspan,Entertainment,quam suspendisse potenti nullam porttitor lacus at turpis donec posuere metus,Cash Advance,BRL,1.3588,3790.72,9/10/2022,Pending,parturient montes nascetur ridiculus mus etiam vel augue vestibulum rutrum rutrum neque aenean auctor,Edgeify,sapien arcu sed augue aliquam erat volutpat in congue etiam justo etiam pretium iaculis justo in hac habitasse platea dictumst,Banky Gotling,bgotlingo1@naver.com,847-900-3913,40 Hollow Ridge Place,Ballivor,,D17
867,30513280397577,American Express,2/5/2030,640,Gordie Boddam,03 Texas Center,Chrastava,,463 31,Czech Republic,1971.07,3/17/2026,Skipfire,Travel,turpis sed ante vivamus tortor duis mattis egestas metus aenean,Purchase,CZK,1.506,4674.94,10/7/2030,Approved,faucibus orci luctus et ultrices posuere cubilia curae donec pharetra magna vestibulum aliquet,Eare,a nibh in quis justo maecenas rhoncus aliquam lacus morbi quis tortor id nulla ultrices aliquet maecenas,Sumner McDill,smcdillo2@census.gov,583-936-3945,04 Weeping Birch Terrace,San Jose,CA,95128
868,3583397320297566,Mastercard,4/13/2030,817,Silvana Hagland,534 Grayhawk Point,Andop,,1174,Philippines,4532.45,12/30/2027,Mybuzz,Retail,at ipsum ac tellus semper interdum mauris ullamcorper purus sit amet nulla,Cash Advance,PHP,1.2398,4782.9,11/6/2025,Declined,feugiat non pretium quis lectus suspendisse potenti in eleifend quam a odio in hac habitasse platea dictumst maecenas ut massa,Jaloo,vivamus vel nulla eget eros elementum pellentesque quisque porta volutpat erat quisque erat eros viverra,Kenneth Shouler,kshoulero3@indiegogo.com,735-110-1292,466 Bunting Terrace,Lingqian,,
869,6381188690306096,Visa,2/14/2026,406,Rutger Ridgway,0783 Monument Road,Katsikás,,,Greece,3398.85,1/25/2023,Twinte,Entertainment,sem fusce consequat nulla nisl nunc nisl duis bibendum felis sed interdum venenatis turpis enim blandit,Refund,EUR,1.1621,2426.98,12/31/2022,Approved,quam suspendisse potenti nullam porttitor lacus at turpis donec posuere metus vitae ipsum aliquam,Linklinks,sed interdum venenatis turpis enim blandit mi in porttitor pede justo eu massa donec dapibus duis,Loretta Jellico,ljellicoo4@redcross.org,372-660-5426,739 Utah Trail,Mosquera,,250047
870,3563513523162795,Visa,5/23/2022,196,Brigg Moodie,07982 Johnson Street,Shangfang,,,China,3631.12,9/13/2029,Quimba,Retail,odio porttitor id consequat in consequat ut nulla sed accumsan felis ut at dolor,Refund,CNY,1.4525,8604.75,1/27/2030,Approved,quisque porta volutpat erat quisque erat eros viverra eget congue eget semper rutrum nulla nunc purus,Brainbox,massa id lobortis convallis tortor risus dapibus augue vel accumsan tellus nisi eu orci mauris lacinia,Catherina Hablet,chableto5@psu.edu,101-370-8544,661 Memorial Avenue,Sumiainen,,44280
871,4905054904332496,Mastercard,8/3/2025,471,Ekaterina Snelle,5 Nancy Crossing,Semīrom,,,Iran,3251.67,2/2/2025,Dablist,Entertainment,a pede posuere nonummy integer non velit donec diam neque vestibulum eget vulputate ut ultrices vel augue vestibulum ante,Refund,IRR,1.8849,1728.25,9/10/2028,Approved,porttitor lacus at turpis donec posuere metus vitae ipsum aliquam non mauris morbi non lectus aliquam sit amet diam,Skalith,scelerisque mauris sit amet eros suspendisse accumsan tortor quis turpis sed ante vivamus tortor duis mattis egestas metus,Daisi Skirlin,dskirlino6@ucoz.com,240-782-2191,55322 Boyd Hill,Ribeirão Pires,,09400-000
872,3573297425389742,Visa,3/1/2028,980,Kandy Ladewig,0 Coleman Court,Haodi,,,China,8877.36,10/3/2024,Riffpedia,Dining,orci mauris lacinia sapien quis libero nullam sit amet turpis elementum ligula vehicula consequat morbi a ipsum integer,Refund,CNY,0.6661,8702.32,5/19/2028,Pending,amet eleifend pede libero quis orci nullam molestie nibh in lectus pellentesque at nulla,Skibox,bibendum imperdiet nullam orci pede venenatis non sodales sed tincidunt eu felis fusce posuere felis sed lacus morbi sem,Burg Leechman,bleechmano7@php.net,212-628-0124,1 Mayer Pass,Bugko,,6417
873,56022402580524225,Visa,11/1/2026,614,Leonidas Roddick,9862 Del Sol Center,Lentisqueira,06,3070-235,Portugal,1691.97,8/13/2022,Aivee,Entertainment,odio porttitor id consequat in consequat ut nulla sed accumsan felis ut at dolor quis odio,Refund,EUR,1.3483,6298.79,12/6/2029,Pending,fermentum justo nec condimentum neque sapien placerat ante nulla justo aliquam quis turpis eget elit,Innotype,orci nullam molestie nibh in lectus pellentesque at nulla suspendisse potenti cras in purus,Ag Fairney,afairneyo8@wikimedia.org,192-905-2034,22 Surrey Hill,Shuiyuesi,,
874,6333636623043616465,American Express,10/5/2026,918,Alwin Lakes,69 Mendota Hill,Makuyuni,,,Tanzania,5385.56,11/28/2023,Rhynyx,Retail,sapien placerat ante nulla justo aliquam quis turpis eget elit,Refund,TZS,1.7565,6028.75,2/15/2030,Approved,luctus et ultrices posuere cubilia curae nulla dapibus dolor vel est donec odio,Devpoint,amet sapien dignissim vestibulum vestibulum ante ipsum primis in faucibus,Mortimer Ashley,mashleyo9@alibaba.com,620-510-7462,434 Paget Center,Río Tercero,,5850
875,340865752709639,Mastercard,4/19/2022,346,Ignacio Orring,348 Scoville Drive,Liushun,,,China,7348.15,4/12/2025,Bubblebox,Entertainment,phasellus id sapien in sapien iaculis congue vivamus metus arcu adipiscing molestie hendrerit at,Cash Advance,CNY,1.7505,1160.76,7/29/2030,Approved,nisl venenatis lacinia aenean sit amet justo morbi ut odio cras mi pede malesuada in imperdiet et commodo vulputate justo,Dazzlesphere,ut rhoncus aliquet pulvinar sed nisl nunc rhoncus dui vel,Alanah Seeviour,aseeviouroa@histats.com,188-476-2830,6 Tony Lane,Pasembon,,
876,58933595505685825,Mastercard,2/2/2030,800,Kyle Shimwall,029 Orin Park,Punsu,,,Indonesia,8749.35,2/22/2026,Tagcat,Retail,interdum eu tincidunt in leo maecenas pulvinar lobortis est phasellus sit amet erat nulla tempus vivamus in,Purchase,IDR,0.5761,384.95,6/25/2026,Declined,et ultrices posuere cubilia curae nulla dapibus dolor vel est,Skalith,nibh quisque id justo sit amet sapien dignissim vestibulum vestibulum ante ipsum primis in faucibus orci luctus et ultrices posuere,Catriona Borne,cborneob@examiner.com,689-167-4312,73074 Nevada Terrace,Tanshan,,
877,3538124807472256,American Express,9/10/2030,228,Nerita Rainsden,317 Dexter Place,Yiánnouli,,,Greece,4568.97,5/6/2028,BlogXS,Dining,in hac habitasse platea dictumst morbi vestibulum velit id pretium iaculis diam erat fermentum justo nec,Cash Advance,EUR,0.5687,3330.26,5/30/2028,Approved,lacinia eget tincidunt eget tempus vel pede morbi porttitor lorem id ligula suspendisse ornare consequat lectus in est,Skiba,velit eu est congue elementum in hac habitasse platea dictumst morbi vestibulum velit id pretium iaculis diam,Adolf Drane,adraneoc@google.nl,235-929-8288,216 Tomscot Alley,Hufeng,,
878,201478712378467,Visa,11/16/2024,906,Vladimir Rizzi,13 Namekagon Way,Laranjeiras do Sul,,85300-000,Brazil,3473.99,8/11/2027,Dabvine,Entertainment,posuere cubilia curae donec pharetra magna vestibulum aliquet ultrices erat tortor sollicitudin mi sit amet,Cash Advance,BRL,0.889,5668.37,9/24/2027,Approved,justo sit amet sapien dignissim vestibulum vestibulum ante ipsum primis in faucibus orci,Layo,ligula in lacus curabitur at ipsum ac tellus semper interdum mauris ullamcorper purus sit amet nulla,Ravid Darnborough,rdarnboroughod@nsw.gov.au,576-733-4203,894 Sachtjen Center,Hayan Hudong,,
879,3549796232232145,Visa,11/28/2030,545,Cesare Eddington,3 Mariners Cove Place,Magok,,,Indonesia,5906.1,4/12/2022,Fivebridge,Retail,mus etiam vel augue vestibulum rutrum rutrum neque aenean auctor gravida,Refund,IDR,0.5627,2266.24,11/7/2026,Pending,eu massa donec dapibus duis at velit eu est congue elementum in hac habitasse platea dictumst,Eire,eget orci vehicula condimentum curabitur in libero ut massa volutpat convallis morbi odio odio elementum eu,Meghan Ettels,mettelsoe@wp.com,207-795-1535,9419 Jackson Court,Mošorin,,
880,6394862774655496,Visa,3/15/2028,237,Bert Biskup,9 Del Sol Plaza,Dungon,,5611,Philippines,3536.25,7/6/2023,Jabbercube,Dining,pede venenatis non sodales sed tincidunt eu felis fusce posuere felis sed lacus morbi sem mauris laoreet ut rhoncus aliquet,Cash Advance,PHP,1.1745,4860.67,10/14/2024,Declined,et ultrices posuere cubilia curae donec pharetra magna vestibulum aliquet ultrices erat tortor sollicitudin mi sit amet lobortis sapien sapien,Gigashots,sit amet erat nulla tempus vivamus in felis eu sapien cursus vestibulum proin eu mi nulla,Winonah Hoyer,whoyerof@4shared.com,160-766-2474,50 Chinook Terrace,Mugi,,368293
881,5007668236505489,American Express,8/3/2022,575,Kesley Noakes,72 Karstens Plaza,Zhanbei,,,China,3095.78,8/25/2025,Jabbersphere,Dining,ut nunc vestibulum ante ipsum primis in faucibus orci luctus et ultrices posuere cubilia curae mauris,Refund,CNY,1.5859,6447.15,7/27/2030,Pending,curabitur convallis duis consequat dui nec nisi volutpat eleifend donec ut dolor morbi vel,Devbug,eget tincidunt eget tempus vel pede morbi porttitor lorem id ligula suspendisse ornare consequat lectus in est risus,Gayle Rochford,grochfordog@storify.com,701-942-6176,787 Autumn Leaf Junction,Asembagus,,
882,374622454992016,Visa,4/3/2025,314,Jeth Winning,240 Westerfield Terrace,Zhanggongmiao,,,China,7985.15,10/31/2024,Trilith,Dining,lacinia sapien quis libero nullam sit amet turpis elementum ligula vehicula,Purchase,CNY,1.8896,3429.1,4/15/2030,Approved,feugiat et eros vestibulum ac est lacinia nisi venenatis tristique fusce,Devbug,vivamus tortor duis mattis egestas metus aenean fermentum donec ut mauris eget massa tempor convallis nulla neque libero convallis,Mandi Kuhnhardt,mkuhnhardtoh@latimes.com,459-237-4502,231 Welch Terrace,Putun,,
883,4936745527523105,American Express,2/5/2029,251,Nilson Whithorn,1350 Westport Pass,La Mesa,,252608,Colombia,201.74,10/28/2024,Jatri,Travel,massa id nisl venenatis lacinia aenean sit amet justo morbi ut odio cras mi pede malesuada in imperdiet et,Cash Advance,COP,1.3492,3948.65,11/2/2028,Approved,ut nulla sed accumsan felis ut at dolor quis odio consequat varius,Yambee,nulla neque libero convallis eget eleifend luctus ultricies eu nibh quisque id justo sit amet sapien,Dolorita Alexander,dalexanderoi@omniture.com,722-354-1094,4232 Killdeer Hill,San Isidro,,8421
884,4508967106757593,American Express,10/17/2029,831,Ninette Skerritt,07118 Caliangt Street,Quận Phú Nhuận,,,Vietnam,1557.24,2/8/2030,Kwimbee,Retail,velit id pretium iaculis diam erat fermentum justo nec condimentum neque sapien placerat,Refund,VND,1.9218,5554.33,10/5/2028,Declined,mauris vulputate elementum nullam varius nulla facilisi cras non velit,Jaloo,nisl ut volutpat sapien arcu sed augue aliquam erat volutpat in congue etiam justo etiam pretium iaculis justo in,Dosi Jirasek,djirasekoj@ca.gov,975-628-7895,31 Milwaukee Street,Himaya,,6103
885,5377538012622513,American Express,9/26/2025,932,Gaylene Mariaud,53 Canary Parkway,Karonga,,,Malawi,4991.06,8/14/2026,Skimia,Retail,luctus et ultrices posuere cubilia curae duis faucibus accumsan odio curabitur convallis duis consequat dui nec nisi volutpat eleifend,Purchase,MWK,0.7424,1842.13,3/7/2023,Pending,morbi non quam nec dui luctus rutrum nulla tellus in,Realbridge,sapien a libero nam dui proin leo odio porttitor id,Bendick Grishakin,bgrishakinok@bloglovin.com,745-152-8959,648 Fairfield Terrace,Toledo,,85900-000
886,6759995796804343,American Express,5/10/2027,676,Joela Rosie,3 Rusk Drive,Namioka,,953-0062,Japan,491.05,12/14/2030,Shuffletag,Dining,mattis nibh ligula nec sem duis aliquam convallis nunc proin at turpis a pede,Refund,JPY,1.8487,7767.11,2/19/2030,Pending,tempor turpis nec euismod scelerisque quam turpis adipiscing lorem vitae mattis nibh,Skippad,nunc commodo placerat praesent blandit nam nulla integer pede justo lacinia,Reagen Wrathmall,rwrathmallol@netscape.com,265-313-6931,7 Golf Course Lane,Milán,,185038
887,3578123918637345,Mastercard,2/26/2022,794,Camey Chasmor,871 Burning Wood Street,Dolati,,,China,3988.17,6/20/2024,Dablist,Dining,cubilia curae donec pharetra magna vestibulum aliquet ultrices erat tortor sollicitudin mi sit,Cash Advance,CNY,0.9454,7975.83,5/13/2022,Approved,ut rhoncus aliquet pulvinar sed nisl nunc rhoncus dui vel sem sed sagittis nam congue risus,Blogpad,at turpis a pede posuere nonummy integer non velit donec diam,Mordecai Kemball,mkemballom@barnesandnoble.com,630-418-2572,9376 Lukken Junction,General Alvear,,3361
888,6709675163518285325,Mastercard,8/31/2028,904,Emmeline Posselt,16774 Melby Crossing,San Andrés,,,Panama,7945.92,8/20/2029,BlogXS,Retail,molestie nibh in lectus pellentesque at nulla suspendisse potenti cras,Cash Advance,PAB,0.8704,2564.9,11/17/2022,Declined,lectus vestibulum quam sapien varius ut blandit non interdum in,Topicstorm,sapien quis libero nullam sit amet turpis elementum ligula vehicula consequat morbi a ipsum integer a,Joanna Pringour,jpringouron@tripadvisor.com,932-796-1390,4 Thompson Junction,Petauke,,
889,4175003865173822,Mastercard,4/19/2024,177,Farrand Duigan,59 Comanche Way,Cigebrok,,,Indonesia,21.9,9/11/2025,Linktype,Dining,non pretium quis lectus suspendisse potenti in eleifend quam a odio,Purchase,IDR,0.57,3548.27,1/24/2028,Pending,posuere felis sed lacus morbi sem mauris laoreet ut rhoncus aliquet pulvinar,Youfeed,in lectus pellentesque at nulla suspendisse potenti cras in purus eu magna vulputate luctus cum sociis,Arlana Toon,atoonoo@altervista.org,768-135-6173,6 Sloan Park,Dębnica Kaszubska,,76-248
890,3551630358131036,Visa,8/10/2027,801,Sheilakathryn Le Blanc,348 Dottie Terrace,Teresópolis,,25950-000,Brazil,252.54,1/8/2026,Shuffledrive,Entertainment,duis ac nibh fusce lacus purus aliquet at feugiat non pretium quis lectus suspendisse,Purchase,BRL,1.3222,6717.82,1/18/2025,Declined,penatibus et magnis dis parturient montes nascetur ridiculus mus vivamus vestibulum,Livetube,parturient montes nascetur ridiculus mus etiam vel augue vestibulum rutrum rutrum neque aenean auctor,Clywd Lagadu,clagaduop@behance.net,531-116-9635,1 Luster Circle,Fantino,,11511
891,4913931216299473,Visa,11/30/2026,671,Jessee Bonallack,40 Sunbrook Park,Zhongguan,,,China,3094.12,1/7/2029,Voonix,Entertainment,sapien a libero nam dui proin leo odio porttitor id consequat in consequat,Purchase,CNY,0.6097,8326.2,4/11/2030,Approved,lobortis convallis tortor risus dapibus augue vel accumsan tellus nisi eu orci mauris lacinia sapien,Zoonoodle,erat volutpat in congue etiam justo etiam pretium iaculis justo in hac habitasse platea dictumst,Vernice Kamienski,vkamienskioq@vkontakte.ru,612-535-4074,86071 Armistice Circle,Pitalito,,417048
892,30106877853548,American Express,8/24/2029,347,Todd Learmonth,7765 Melody Terrace,São Leopoldo,,93000-000,Brazil,9543.1,4/23/2026,Jabbersphere,Dining,id ligula suspendisse ornare consequat lectus in est risus auctor sed,Purchase,BRL,0.7631,7306.22,6/26/2022,Approved,curae mauris viverra diam vitae quam suspendisse potenti nullam porttitor lacus at turpis donec posuere,Thoughtstorm,justo sit amet sapien dignissim vestibulum vestibulum ante ipsum primis in faucibus orci luctus,Selina Downing,sdowningor@csmonitor.com,221-438-8105,8713 Tony Parkway,Olonets,,186000
893,3582511662777008,Visa,9/16/2028,793,Murial Cristofvao,7 Texas Center,Buynichy,,,Belarus,3753.97,4/27/2024,Katz,Travel,proin eu mi nulla ac enim in tempor turpis nec euismod scelerisque quam turpis adipiscing lorem vitae mattis,Cash Advance,BYR,0.6504,3599.27,8/7/2025,Approved,mi pede malesuada in imperdiet et commodo vulputate justo in blandit ultrices enim lorem ipsum dolor sit amet,Realcube,metus vitae ipsum aliquam non mauris morbi non lectus aliquam sit amet diam in magna bibendum imperdiet,Davidde Oakton,doaktonos@si.edu,146-912-1326,1432 Anzinger Drive,Vakhrushi,,613110
894,4911047731876844,American Express,5/3/2029,354,Aveline Halwill,458 Maple Hill,Daba,,,China,716.66,2/15/2023,Ooba,Retail,vel enim sit amet nunc viverra dapibus nulla suscipit ligula in lacus curabitur at,Cash Advance,CNY,1.7953,6708.4,1/4/2030,Declined,amet consectetuer adipiscing elit proin interdum mauris non ligula pellentesque ultrices phasellus id sapien,Thoughtblab,bibendum morbi non quam nec dui luctus rutrum nulla tellus in sagittis dui,Sigismond Comfort,scomfortot@youku.com,433-651-8106,996 Superior Road,Taoudenni,,
895,372301232052011,American Express,2/10/2022,469,Damien Matkovic,5284 Heath Crossing,Calimete,,,Cuba,5203.07,2/11/2022,Oyoba,Entertainment,amet cursus id turpis integer aliquet massa id lobortis convallis,Cash Advance,CUP,1.9311,9543.54,9/7/2023,Pending,mauris ullamcorper purus sit amet nulla quisque arcu libero rutrum ac lobortis vel dapibus at diam,Jayo,ultrices mattis odio donec vitae nisi nam ultrices libero non mattis pulvinar nulla pede ullamcorper augue a suscipit,Raul Donet,rdonetou@qq.com,401-953-0518,6110 Clarendon Center,Les Cèdres,QC,J6S
896,3572795585724526,Visa,5/30/2025,319,Andres Rossant,9 2nd Alley,Fucheng,,,China,3681.98,5/7/2022,Realcube,Travel,erat id mauris vulputate elementum nullam varius nulla facilisi cras non velit nec nisi vulputate,Refund,CNY,1.4937,6297.31,1/22/2025,Approved,nulla integer pede justo lacinia eget tincidunt eget tempus vel pede morbi porttitor,Nlounge,eget congue eget semper rutrum nulla nunc purus phasellus in felis donec,Jillie Wims,jwimsov@wufoo.com,997-959-4495,243 Declaration Lane,Ridder,,
897,67613153357884423,Visa,10/19/2027,739,Del MacCardle,022 Scoville Crossing,Taihua,,,China,3151.81,4/2/2025,Agimba,Travel,iaculis justo in hac habitasse platea dictumst etiam faucibus cursus urna ut,Cash Advance,CNY,1.2905,4173.74,4/26/2022,Approved,faucibus orci luctus et ultrices posuere cubilia curae duis faucibus accumsan odio curabitur convallis duis consequat,Buzzdog,tortor risus dapibus augue vel accumsan tellus nisi eu orci mauris lacinia sapien quis,Amelia Yvon,ayvonow@prlog.org,207-711-7764,6 5th Trail,Los Charrúas,,3212
898,337941158498492,American Express,10/28/2030,666,Elli Haighton,43543 Messerschmidt Point,Husów,,37-121,Poland,1610.85,8/1/2027,Twitterworks,Dining,velit eu est congue elementum in hac habitasse platea dictumst morbi vestibulum velit id,Refund,PLN,0.9355,3416.38,10/29/2025,Pending,justo lacinia eget tincidunt eget tempus vel pede morbi porttitor lorem id ligula suspendisse ornare consequat lectus in est risus,Devshare,vulputate vitae nisl aenean lectus pellentesque eget nunc donec quis orci eget orci vehicula condimentum curabitur in libero,Wilton Bonnor,wbonnorox@theatlantic.com,430-746-9536,20 Eastlawn Plaza,Trawniki,,21-044
899,30279677521738,Visa,2/6/2027,918,Joscelin Brightman,53 Annamark Alley,Jiuquan,,,China,5262.38,4/11/2027,Flipbug,Entertainment,eleifend donec ut dolor morbi vel lectus in quam fringilla rhoncus mauris enim leo rhoncus sed vestibulum sit amet cursus,Cash Advance,CNY,1.9574,6364.72,9/28/2024,Approved,lacinia nisi venenatis tristique fusce congue diam id ornare imperdiet sapien urna,Gevee,rhoncus mauris enim leo rhoncus sed vestibulum sit amet cursus id turpis integer aliquet massa id,Kimberlyn Glandfield,kglandfieldoy@foxnews.com,782-183-3832,3 Briar Crest Road,Rerawere,,
900,3567252069227573,Visa,8/26/2027,557,Werner Dayly,2 Schiller Court,Valencia,,6306,Philippines,2460.59,8/27/2030,Ntag,Dining,hac habitasse platea dictumst maecenas ut massa quis augue luctus tincidunt,Cash Advance,PHP,1.8409,1064.23,7/5/2023,Approved,lectus in est risus auctor sed tristique in tempus sit amet sem fusce consequat nulla nisl nunc,Gigashots,vivamus vestibulum sagittis sapien cum sociis natoque penatibus et magnis dis parturient montes nascetur ridiculus mus etiam,Augustina O'Hallagan,aohallaganoz@reddit.com,549-794-7220,32593 Wayridge Avenue,Binguang,,5400
901,3581691548144408,Mastercard,6/19/2029,137,Patrica Tanswill,7 Nelson Court,Salento,,631028,Colombia,891.04,3/6/2029,Skimia,Dining,parturient montes nascetur ridiculus mus vivamus vestibulum sagittis sapien cum sociis natoque penatibus et magnis dis parturient montes nascetur,Purchase,COP,0.8062,3359.13,12/26/2025,Pending,parturient montes nascetur ridiculus mus vivamus vestibulum sagittis sapien cum sociis natoque penatibus et magnis dis parturient,Dabshots,nam dui proin leo odio porttitor id consequat in consequat ut nulla sed accumsan felis ut at dolor quis,Lilli Freund,lfreundp0@ucoz.ru,873-707-2846,7 Manufacturers Drive,Sydney Mines,NS,B1V
902,3579140771420584,Mastercard,2/27/2024,601,Lina Worham,991 Garrison Road,Dahao,,,China,6375.44,5/28/2022,Voomm,Dining,et magnis dis parturient montes nascetur ridiculus mus vivamus vestibulum sagittis sapien cum sociis natoque penatibus et magnis dis,Cash Advance,CNY,0.611,1239.09,7/15/2029,Declined,orci luctus et ultrices posuere cubilia curae duis faucibus accumsan odio curabitur convallis duis consequat dui nec nisi,Twitterlist,sapien placerat ante nulla justo aliquam quis turpis eget elit sodales scelerisque mauris sit amet,Winslow Brunetti,wbrunettip1@ucsd.edu,728-374-4484,00124 Vahlen Hill,Pasolapida,,
903,4844160846637449,Visa,5/21/2024,974,Maible Jeandel,7088 5th Alley,Komaki,,959-1226,Japan,5568.28,9/25/2026,Abata,Travel,nam congue risus semper porta volutpat quam pede lobortis ligula sit amet eleifend pede libero quis orci nullam molestie nibh,Purchase,JPY,1.7763,4487.22,7/9/2029,Pending,porttitor lacus at turpis donec posuere metus vitae ipsum aliquam non mauris morbi non lectus aliquam sit,Youbridge,convallis nunc proin at turpis a pede posuere nonummy integer non velit donec diam neque vestibulum,Si Dawby,sdawbyp2@gmpg.org,974-317-1018,6 Farwell Point,Montpellier,A9,34004 CEDEX 1
904,3556923973191286,American Express,7/15/2022,889,Meredith McKellar,66 Delaware Avenue,Jatisari,,,Indonesia,1675.97,3/29/2022,Cogibox,Dining,sapien cum sociis natoque penatibus et magnis dis parturient montes nascetur ridiculus mus etiam vel,Cash Advance,IDR,0.8037,8469.77,10/1/2028,Pending,nec nisi vulputate nonummy maecenas tincidunt lacus at velit vivamus vel nulla eget eros elementum pellentesque quisque porta volutpat erat,Jayo,ut volutpat sapien arcu sed augue aliquam erat volutpat in congue etiam justo etiam pretium iaculis justo in hac,Solomon Cofax,scofaxp3@wired.com,453-364-1252,2 Dayton Street,Teutônia,,95890-000
905,3552201966654402,American Express,10/22/2026,551,Beryle Frayn,15 Acker Point,Campaka,,,Indonesia,6678.34,7/14/2024,Buzzbean,Retail,sem duis aliquam convallis nunc proin at turpis a pede posuere nonummy integer non velit,Purchase,IDR,0.7456,5283.02,12/3/2026,Pending,ac nulla sed vel enim sit amet nunc viverra dapibus nulla suscipit ligula in lacus curabitur at,Gigaclub,ultrices erat tortor sollicitudin mi sit amet lobortis sapien sapien non mi integer,Giralda Lewerenz,glewerenzp4@indiatimes.com,909-798-7282,24 Little Fleur Hill,Petaẖ Tiqwa,,
906,3564564805538755,Visa,8/17/2022,172,Carolyn Whitham,6 Waywood Way,Ponte da Pedra,10,2415-177,Portugal,1239.34,6/18/2026,Feedfire,Travel,non velit nec nisi vulputate nonummy maecenas tincidunt lacus at velit vivamus,Refund,EUR,0.8062,7217.66,11/18/2023,Approved,justo nec condimentum neque sapien placerat ante nulla justo aliquam quis turpis,Katz,purus eu magna vulputate luctus cum sociis natoque penatibus et magnis dis parturient montes nascetur ridiculus mus vivamus vestibulum sagittis,Prescott Hayselden,phayseldenp5@salon.com,945-315-7459,207 Sachs Drive,Yŏng-dong,,
907,6392475413528909,Mastercard,10/31/2026,660,Minne Barcke,73 Pleasure Junction,Oslo,03,0162,Norway,7069.52,11/23/2028,Kimia,Travel,platea dictumst aliquam augue quam sollicitudin vitae consectetuer eget rutrum at lorem integer tincidunt ante vel,Purchase,NOK,1.5644,8361.79,10/14/2029,Approved,augue a suscipit nulla elit ac nulla sed vel enim,Jetwire,semper rutrum nulla nunc purus phasellus in felis donec semper sapien a libero nam dui proin leo odio porttitor,Aurore Ivashov,aivashovp6@ucla.edu,672-857-2342,09 Hudson Street,Baomin,,
908,3568359728360577,Mastercard,11/22/2023,332,Maiga Gridon,19 8th Point,Cimuncang,,,Indonesia,9088.84,8/13/2027,Voomm,Travel,adipiscing molestie hendrerit at vulputate vitae nisl aenean lectus pellentesque eget nunc donec quis,Purchase,IDR,0.8355,1781.25,3/17/2022,Approved,lectus aliquam sit amet diam in magna bibendum imperdiet nullam orci pede venenatis non,Linkbuzz,ac diam cras pellentesque volutpat dui maecenas tristique est et tempus semper est quam pharetra magna ac,Herbert Boatwright,hboatwrightp7@stanford.edu,553-833-6678,7 Summit Lane,Secunda,,2302
909,5602223378457737921,Visa,11/21/2024,930,Georgiana Coltart,176 Tennyson Point,Uvarovo,,393479,Russia,583.4,7/26/2027,Zoovu,Dining,accumsan odio curabitur convallis duis consequat dui nec nisi volutpat eleifend donec ut dolor morbi vel,Refund,RUB,1.9103,5854.07,10/4/2026,Approved,donec semper sapien a libero nam dui proin leo odio porttitor id,Yacero,dolor quis odio consequat varius integer ac leo pellentesque ultrices mattis odio,Philly Trayford,ptrayfordp8@ox.ac.uk,931-561-3213,5186 Carpenter Center,Stegna,,82-103
910,50202772539386958,American Express,9/24/2030,127,Ernestine McTaggart,639 Lakewood Gardens Park,Coripata,,,Bolivia,7492.82,4/17/2026,Bubblemix,Entertainment,fusce congue diam id ornare imperdiet sapien urna pretium nisl ut volutpat sapien arcu sed augue aliquam erat volutpat in,Cash Advance,BOB,1.993,4542.49,7/25/2023,Declined,vel enim sit amet nunc viverra dapibus nulla suscipit ligula in lacus curabitur at ipsum ac tellus,Jaxbean,turpis sed ante vivamus tortor duis mattis egestas metus aenean fermentum donec ut mauris eget massa tempor convallis,Travers Rosewarne,trosewarnep9@deliciousdays.com,918-567-7086,632 Norway Maple Avenue,Köln,NW,50935
911,3564233081139940,Mastercard,3/10/2029,224,Bliss Lemoir,381 Namekagon Court,Kinnula,,43901,Finland,6655.56,9/1/2029,Eimbee,Retail,erat tortor sollicitudin mi sit amet lobortis sapien sapien non mi integer ac neque,Cash Advance,EUR,1.7026,7381.4,4/17/2025,Approved,commodo placerat praesent blandit nam nulla integer pede justo lacinia eget,Mynte,in quam fringilla rhoncus mauris enim leo rhoncus sed vestibulum sit amet cursus id turpis integer aliquet massa,Wileen Gopsill,wgopsillpa@washington.edu,228-444-4449,06284 Almo Point,Cermee,,
912,5554482124120634,American Express,3/20/2024,841,Dillie Danaher,432 Welch Court,Taitung City,,,Taiwan,8848.09,9/5/2026,Omba,Travel,vestibulum ante ipsum primis in faucibus orci luctus et ultrices posuere cubilia curae nulla dapibus dolor vel est,Refund,TWD,0.8386,3751.96,10/6/2026,Declined,curae donec pharetra magna vestibulum aliquet ultrices erat tortor sollicitudin mi sit amet lobortis sapien sapien non,Tazzy,donec pharetra magna vestibulum aliquet ultrices erat tortor sollicitudin mi,Tess Drage,tdragepb@cafepress.com,797-630-2126,9 1st Terrace,Virojoki,,46860
913,3543456188548210,Mastercard,1/13/2027,676,Angeline Poulglais,06737 Moulton Drive,Jingzhu,,,China,3121.35,9/15/2023,Livefish,Retail,erat nulla tempus vivamus in felis eu sapien cursus vestibulum proin eu,Cash Advance,CNY,1.169,1419.85,9/3/2029,Approved,sed justo pellentesque viverra pede ac diam cras pellentesque volutpat dui maecenas tristique est et,Thoughtstorm,interdum eu tincidunt in leo maecenas pulvinar lobortis est phasellus sit,Seth Hansberry,shansberrypc@bizjournals.com,668-819-4479,8051 Sauthoff Hill,Buenavista,PUE,74770
914,5100173232947617,Mastercard,3/28/2023,565,Giles Weavill,71 Sage Circle,San Fernando del Valle de Catamarca,,4700,Argentina,379.46,7/12/2023,Eayo,Dining,nisi venenatis tristique fusce congue diam id ornare imperdiet sapien urna pretium nisl,Purchase,ARS,1.9602,3715.05,7/4/2028,Approved,erat id mauris vulputate elementum nullam varius nulla facilisi cras non velit,Gevee,at lorem integer tincidunt ante vel ipsum praesent blandit lacinia erat vestibulum sed magna at,Beitris Gronaver,bgronaverpd@newsvine.com,239-502-2095,2290 Nobel Court,Paraíso de Chabasquén,,
915,6375586966555775,Visa,6/8/2029,509,Arabelle Caberas,2 Warner Parkway,Changlin,,,China,2608.57,7/29/2030,Twimbo,Entertainment,quisque erat eros viverra eget congue eget semper rutrum nulla nunc purus phasellus in felis donec semper sapien a libero,Refund,CNY,1.6018,190.07,1/20/2030,Approved,velit donec diam neque vestibulum eget vulputate ut ultrices vel augue vestibulum ante ipsum primis in faucibus orci luctus et,Tavu,parturient montes nascetur ridiculus mus etiam vel augue vestibulum rutrum,Wallie Ballinger,wballingerpe@kickstarter.com,981-564-3844,3624 Florence Pass,Licheng,,
916,6761595028531235102,Mastercard,7/3/2024,920,Evangelina Annand,2 Florence Lane,Leipzig,SN,04288,Germany,3793.09,1/1/2029,Fatz,Travel,purus aliquet at feugiat non pretium quis lectus suspendisse potenti in eleifend,Cash Advance,EUR,1.8481,2987.98,5/9/2030,Pending,eu est congue elementum in hac habitasse platea dictumst morbi vestibulum velit id pretium,Devify,eleifend donec ut dolor morbi vel lectus in quam fringilla rhoncus mauris enim leo rhoncus sed vestibulum sit,Orrin Van Cassel,ovanpf@bigcartel.com,104-388-1512,76 Iowa Alley,San Carlos,,2434
917,3573567971864599,Mastercard,10/7/2027,146,Zebedee Pittendreigh,33 Orin Drive,Miān Channūn,,24421,Pakistan,2130.27,9/1/2023,Oyoba,Dining,purus aliquet at feugiat non pretium quis lectus suspendisse potenti in eleifend quam a odio in hac habitasse,Cash Advance,PKR,1.221,4952.13,7/3/2029,Declined,aliquet pulvinar sed nisl nunc rhoncus dui vel sem sed sagittis nam congue risus semper porta volutpat quam pede lobortis,Thoughtworks,sit amet erat nulla tempus vivamus in felis eu sapien cursus vestibulum proin,Darryl Brennand,dbrennandpg@yellowbook.com,963-826-3926,640 Burning Wood Park,Dzhebariki-Khaya,,678711
918,5569857956197029,American Express,1/22/2022,753,Bennett Smye,1859 Petterle Parkway,Ol Kalou,,,Kenya,2008.97,11/18/2027,Yotz,Travel,lacinia aenean sit amet justo morbi ut odio cras mi pede malesuada in imperdiet,Cash Advance,KES,0.7544,3379.85,11/14/2029,Pending,ornare consequat lectus in est risus auctor sed tristique in tempus sit amet sem fusce consequat nulla nisl nunc,Agivu,vel accumsan tellus nisi eu orci mauris lacinia sapien quis libero nullam sit amet turpis elementum ligula,Giuditta Ragsdale,gragsdaleph@github.com,880-604-9502,0 Sommers Street,Zhangping,,
919,3583449598570891,American Express,5/11/2023,473,Tybi Brou,0598 Wayridge Point,Houzhai,,,China,286.93,1/5/2022,Meejo,Dining,morbi quis tortor id nulla ultrices aliquet maecenas leo odio condimentum id luctus nec molestie sed justo pellentesque viverra,Refund,CNY,1.4964,3245.25,8/26/2027,Declined,erat curabitur gravida nisi at nibh in hac habitasse platea dictumst aliquam augue quam sollicitudin vitae consectetuer eget rutrum at,Twitternation,dis parturient montes nascetur ridiculus mus etiam vel augue vestibulum rutrum rutrum neque aenean auctor gravida sem praesent,Fedora Emnoney,femnoneypi@skype.com,413-540-6865,14 Sycamore Parkway,Pidvynohradiv,,
920,3530847047210056,American Express,6/28/2028,617,Norris Blanchette,5804 Cottonwood Crossing,Grande Prairie,AB,R3J,Canada,5896.38,3/14/2030,Lazzy,Retail,donec vitae nisi nam ultrices libero non mattis pulvinar nulla pede ullamcorper augue a,Purchase,CAD,1.715,4229.82,3/4/2029,Declined,at turpis donec posuere metus vitae ipsum aliquam non mauris morbi non lectus aliquam sit amet diam in magna,Yabox,magna vestibulum aliquet ultrices erat tortor sollicitudin mi sit amet lobortis sapien sapien non mi integer ac neque duis bibendum,Laurence Lumbly,llumblypj@altervista.org,144-419-2450,060 Welch Alley,Kinango,,
921,3563791860049466,American Express,11/27/2027,445,Kris Murney,095 Linden Crossing,Malinta,,4325,Philippines,4478.93,7/4/2026,Zoozzy,Dining,adipiscing elit proin interdum mauris non ligula pellentesque ultrices phasellus id sapien in sapien iaculis congue vivamus metus,Refund,PHP,0.5576,8445.49,3/28/2022,Pending,eget congue eget semper rutrum nulla nunc purus phasellus in felis donec semper sapien a libero nam dui proin leo,Photojam,quam fringilla rhoncus mauris enim leo rhoncus sed vestibulum sit amet cursus,Abeu Matthis,amatthispk@google.com.hk,882-440-2941,74 Spenser Drive,Ughelli,,
922,4936217569055094035,Visa,12/8/2022,760,Flinn Paybody,468 Tennessee Place,Samphanthawong,,10100,Thailand,4152.5,7/26/2029,Oyonder,Entertainment,primis in faucibus orci luctus et ultrices posuere cubilia curae,Cash Advance,THB,1.4686,7267.99,1/7/2024,Approved,est congue elementum in hac habitasse platea dictumst morbi vestibulum velit id pretium iaculis diam erat fermentum justo,Midel,mus etiam vel augue vestibulum rutrum rutrum neque aenean auctor gravida sem,Margalit Twitching,mtwitchingpl@xrea.com,593-404-8135,7 Continental Road,La Loma,JAL,47685
923,560221902951748345,Mastercard,5/19/2029,193,Garnet Stainsby,2799 Ramsey Terrace,Auch,B3,32010 CEDEX,France,9849.41,2/26/2024,Katz,Retail,rhoncus aliquam lacus morbi quis tortor id nulla ultrices aliquet maecenas leo odio condimentum id,Purchase,EUR,1.4566,4970.36,7/23/2024,Declined,aenean fermentum donec ut mauris eget massa tempor convallis nulla neque libero convallis eget eleifend,Photobean,eleifend luctus ultricies eu nibh quisque id justo sit amet sapien,Filbert MacVay,fmacvaypm@creativecommons.org,671-121-4553,33 Stone Corner Alley,Lucheng,,
924,3582663831389254,Mastercard,2/23/2023,251,Jonie Bricksey,508 Marquette Parkway,Shuangxi,,,China,5742.38,12/21/2029,Mymm,Dining,in tempor turpis nec euismod scelerisque quam turpis adipiscing lorem vitae mattis,Refund,CNY,0.8152,1864.15,1/27/2029,Pending,vel nisl duis ac nibh fusce lacus purus aliquet at feugiat non pretium quis lectus suspendisse potenti,Brightbean,nulla pede ullamcorper augue a suscipit nulla elit ac nulla sed vel enim sit amet nunc viverra dapibus,Willy Nother,wnotherpn@drupal.org,385-602-1209,31775 Village Green Street,Cikupa,,
925,56101183416644775,American Express,7/19/2026,818,Kevin Wolfarth,0453 Johnson Junction,Oleksandriya,,,Ukraine,7264.07,8/13/2029,Linktype,Entertainment,sapien dignissim vestibulum vestibulum ante ipsum primis in faucibus orci luctus et ultrices posuere cubilia curae nulla dapibus,Cash Advance,UAH,0.5302,5481.46,1/27/2027,Pending,felis fusce posuere felis sed lacus morbi sem mauris laoreet ut rhoncus aliquet pulvinar sed nisl nunc rhoncus dui vel,Twinte,aliquam lacus morbi quis tortor id nulla ultrices aliquet maecenas leo odio condimentum id luctus nec molestie,Flin Girone,fgironepo@wiley.com,498-718-7387,9116 Hanover Alley,Sława,,67-410
926,3573715943222962,American Express,11/25/2029,265,Gillan Wittleton,8 Moose Hill,Caherconlish,,F45,Ireland,428.72,2/15/2030,Quinu,Travel,habitasse platea dictumst morbi vestibulum velit id pretium iaculis diam erat fermentum justo nec condimentum neque sapien placerat ante nulla,Refund,EUR,1.591,2320.04,12/6/2028,Approved,aliquam lacus morbi quis tortor id nulla ultrices aliquet maecenas leo,Gigabox,massa id lobortis convallis tortor risus dapibus augue vel accumsan tellus nisi eu orci mauris,Pegeen Prahm,pprahmpp@fc2.com,607-970-3069,88 West Road,Aḑ Ḑil‘,,
927,374288938939070,American Express,10/13/2024,459,Mose Garretts,80 Declaration Pass,Digne-les-Bains,B8,04004 CEDEX,France,2094.06,6/13/2023,Eare,Dining,ultrices posuere cubilia curae mauris viverra diam vitae quam suspendisse potenti nullam porttitor lacus,Refund,EUR,1.9634,682.74,1/11/2025,Declined,mollis molestie lorem quisque ut erat curabitur gravida nisi at nibh in hac habitasse platea dictumst aliquam augue quam sollicitudin,Photobean,ipsum primis in faucibus orci luctus et ultrices posuere cubilia curae duis faucibus accumsan,Aharon Apple,aapplepq@ehow.com,674-723-1407,16534 Elmside Point,Posadas,,3300
928,3570401750995130,Visa,9/21/2026,256,Diannne Codner,45496 Arizona Avenue,Kiambu,,,Kenya,3279.95,2/2/2029,Riffwire,Dining,morbi odio odio elementum eu interdum eu tincidunt in leo maecenas pulvinar lobortis est phasellus sit amet erat,Cash Advance,KES,1.3862,9567.69,11/27/2029,Declined,amet justo morbi ut odio cras mi pede malesuada in imperdiet et commodo vulputate justo in blandit,Jaxspan,duis aliquam convallis nunc proin at turpis a pede posuere nonummy integer non velit donec diam neque,Erik Chamberlaine,echamberlainepr@posterous.com,635-542-4242,0 Bunting Road,Changmaoling,,
929,4871296743294185,American Express,10/2/2029,937,Garek Haggata,8 Colorado Pass,Kombissiri,,,Burkina Faso,4525.17,4/13/2030,Voolia,Entertainment,ut dolor morbi vel lectus in quam fringilla rhoncus mauris enim leo rhoncus sed vestibulum sit amet cursus,Purchase,XOF,1.7741,1143.86,6/23/2027,Approved,eget elit sodales scelerisque mauris sit amet eros suspendisse accumsan,Npath,sapien arcu sed augue aliquam erat volutpat in congue etiam justo etiam pretium iaculis justo in,Sioux Crotch,scrotchps@marketwatch.com,899-654-3732,79242 Sommers Lane,Ādīs Zemen,,
930,4844398539686550,Mastercard,11/25/2030,928,Willamina Larchiere,51991 Mockingbird Road,Zselickislak,SO,7404,Hungary,1859.49,9/13/2026,Gabspot,Dining,consequat varius integer ac leo pellentesque ultrices mattis odio donec,Refund,HUF,1.8189,3108.01,4/23/2023,Approved,id massa id nisl venenatis lacinia aenean sit amet justo morbi ut odio cras mi pede malesuada in imperdiet,Npath,montes nascetur ridiculus mus etiam vel augue vestibulum rutrum rutrum neque aenean auctor,Boigie Sugarman,bsugarmanpt@ca.gov,104-422-5835,924 Duke Road,Jhumra,,50355
931,3549361698679972,Mastercard,10/22/2022,987,Caitlin Coleshill,677 Sage Drive,Eguia,,8424,Philippines,1195.81,9/2/2030,Podcat,Retail,sit amet cursus id turpis integer aliquet massa id lobortis convallis,Purchase,PHP,1.2403,4830.31,5/9/2024,Declined,lectus pellentesque eget nunc donec quis orci eget orci vehicula condimentum curabitur in libero ut massa,Meevee,commodo vulputate justo in blandit ultrices enim lorem ipsum dolor sit amet consectetuer,Tony Piolli,tpiollipu@aol.com,789-391-8642,0318 6th Terrace,Borūjen,,
932,5020948989644390249,Visa,1/7/2027,916,Lilas Berzin,7 American Junction,Liangbing,,,China,6323.1,10/12/2023,Photobug,Retail,cursus id turpis integer aliquet massa id lobortis convallis tortor risus dapibus augue vel,Refund,CNY,0.6198,1874.95,9/22/2030,Pending,at nunc commodo placerat praesent blandit nam nulla integer pede justo lacinia eget tincidunt eget tempus vel pede morbi porttitor,Yotz,augue quam sollicitudin vitae consectetuer eget rutrum at lorem integer tincidunt ante,Joice Thomton,jthomtonpv@uiuc.edu,339-850-1578,5 Emmet Circle,Savigny-le-Temple,A8,77544 CEDEX
933,561049126371057404,Mastercard,6/4/2026,946,Alex Gorrie,40 Beilfuss Drive,Promna,,26-803,Poland,5207.05,6/2/2028,Gigaclub,Entertainment,ultrices posuere cubilia curae mauris viverra diam vitae quam suspendisse potenti nullam porttitor lacus at,Cash Advance,PLN,1.6525,9451.65,3/9/2027,Declined,massa id lobortis convallis tortor risus dapibus augue vel accumsan tellus,Mynte,sagittis nam congue risus semper porta volutpat quam pede lobortis ligula sit amet eleifend pede libero quis orci nullam,Rayna Cattonnet,rcattonnetpw@jimdo.com,566-549-7809,811 Shasta Center,Chenôve,A1,21304 CEDEX
934,5038692088589105,Mastercard,9/12/2023,579,Daryl Goodanew,88 Caliangt Alley,Dahua,,,China,4923.14,12/31/2025,Avavee,Entertainment,arcu sed augue aliquam erat volutpat in congue etiam justo etiam pretium iaculis justo in,Refund,CNY,1.1279,7773.78,7/15/2026,Pending,turpis donec posuere metus vitae ipsum aliquam non mauris morbi non lectus aliquam sit,Yakijo,ut nulla sed accumsan felis ut at dolor quis odio,Remington Milam,rmilampx@digg.com,498-479-6174,958 Jenifer Crossing,Karangmangu,,
935,5602245094689041,Visa,2/15/2027,785,Maurise Danilenko,4251 Hayes Park,Sankeyushu,,,China,565.17,3/15/2022,Mymm,Dining,mauris non ligula pellentesque ultrices phasellus id sapien in sapien iaculis,Refund,CNY,1.4734,135.27,9/20/2029,Pending,etiam pretium iaculis justo in hac habitasse platea dictumst etiam faucibus cursus urna ut tellus nulla ut erat id mauris,Babbleblab,tempor convallis nulla neque libero convallis eget eleifend luctus ultricies eu nibh quisque id justo sit amet,Benton Cruikshank,bcruikshankpy@discuz.net,571-825-1758,4272 Clarendon Crossing,Concepcion,,7213
936,4913851778462279,American Express,1/23/2030,413,Alvan Pennuzzi,3 2nd Lane,Nar'yan-Mar,,166004,Russia,1336.95,7/6/2028,Quamba,Retail,ornare imperdiet sapien urna pretium nisl ut volutpat sapien arcu sed,Cash Advance,RUB,0.9427,6805.16,9/18/2026,Approved,ante vestibulum ante ipsum primis in faucibus orci luctus et ultrices posuere cubilia curae duis faucibus accumsan odio curabitur,Oloo,sit amet nulla quisque arcu libero rutrum ac lobortis vel dapibus,Kennett Cowser,kcowserpz@tinypic.com,942-480-6334,584 Cascade Junction,Bzenec,,696 81
937,3582837911477706,Visa,2/24/2023,238,Delores Coulbeck,0 Lakewood Place,Yola,,,Nigeria,6246.07,1/1/2030,Trudeo,Entertainment,sed interdum venenatis turpis enim blandit mi in porttitor pede justo eu,Cash Advance,NGN,1.3734,7361.2,12/29/2024,Pending,est congue elementum in hac habitasse platea dictumst morbi vestibulum velit id pretium iaculis diam,Dabshots,nunc donec quis orci eget orci vehicula condimentum curabitur in libero ut massa volutpat convallis morbi odio,Diane-marie Collings,dcollingsq0@addtoany.com,568-503-0741,64669 Dakota Pass,Currais Novos,,59380-000
938,3548152853584284,Mastercard,10/29/2025,797,Josephine Parkes,954 Vermont Point,Sobotín,,788 16,Czech Republic,4669.94,3/4/2025,Mycat,Entertainment,erat tortor sollicitudin mi sit amet lobortis sapien sapien non mi integer ac neque duis bibendum morbi non quam,Cash Advance,CZK,1.9714,2453.57,4/28/2027,Pending,non pretium quis lectus suspendisse potenti in eleifend quam a odio in hac habitasse,Edgepulse,lacus at velit vivamus vel nulla eget eros elementum pellentesque quisque porta volutpat,Teirtza Dumbar,tdumbarq1@newsvine.com,692-831-9319,56859 Crescent Oaks Circle,Áno Liósia,,
939,5641823009245276631,Visa,2/1/2029,560,Hetti Hiland,02 Morningstar Terrace,Ditang,,,China,1673.88,7/1/2023,Skinte,Entertainment,urna ut tellus nulla ut erat id mauris vulputate elementum nullam varius nulla facilisi cras non velit nec nisi,Purchase,CNY,1.1829,3026.02,1/15/2028,Declined,ligula nec sem duis aliquam convallis nunc proin at turpis a pede posuere nonummy integer non,Realblab,pede posuere nonummy integer non velit donec diam neque vestibulum,Bobinette Stabler,bstablerq2@tinyurl.com,997-921-7441,67551 6th Way,Qingyang,,
940,372301174042061,Visa,4/4/2023,419,Arnold Strowan,031 Glendale Junction,Gandara,,6706,Philippines,1513.21,7/6/2023,Leenti,Entertainment,libero nam dui proin leo odio porttitor id consequat in consequat ut nulla sed accumsan felis ut at dolor quis,Cash Advance,PHP,0.5212,9449.98,10/22/2025,Approved,ut erat id mauris vulputate elementum nullam varius nulla facilisi cras non velit nec nisi vulputate nonummy maecenas tincidunt lacus,Aibox,aenean lectus pellentesque eget nunc donec quis orci eget orci vehicula condimentum curabitur,Lita Beaves,lbeavesq3@cnbc.com,375-420-2177,37418 International Circle,António Enes,,
941,3576919547871474,American Express,5/26/2028,226,Royce Thouless,64809 Pearson Terrace,Nova Praha,,,Ukraine,8817.0,7/20/2022,Skippad,Retail,pulvinar lobortis est phasellus sit amet erat nulla tempus vivamus in felis eu sapien cursus vestibulum proin,Refund,UAH,1.3423,2542.21,3/4/2025,Declined,sit amet sem fusce consequat nulla nisl nunc nisl duis bibendum,Riffwire,ultrices posuere cubilia curae donec pharetra magna vestibulum aliquet ultrices erat tortor sollicitudin mi sit,Bev Kilfeder,bkilfederq4@creativecommons.org,502-516-5549,882 Waywood Avenue,Port Washington,NY,11054
942,3528336812782170,Mastercard,3/29/2030,154,Karon Penman,527 Kensington Plaza,Bayangol,,,Mongolia,3543.68,9/19/2030,Zooxo,Retail,in consequat ut nulla sed accumsan felis ut at dolor quis odio,Cash Advance,MNT,0.581,9892.42,5/10/2022,Approved,semper interdum mauris ullamcorper purus sit amet nulla quisque arcu libero rutrum ac lobortis,Yabox,et ultrices posuere cubilia curae donec pharetra magna vestibulum aliquet ultrices erat tortor sollicitudin mi sit amet lobortis sapien,Rowena Portchmouth,rportchmouthq5@google.com.br,321-456-3812,63 Prentice Plaza,Aqtaū,,
943,3557519494188964,Mastercard,6/4/2029,104,Richardo Highman,32198 Hoepker Hill,Nangabulik,,,Indonesia,4253.57,3/21/2024,Kwinu,Retail,nibh ligula nec sem duis aliquam convallis nunc proin at turpis a pede posuere,Purchase,IDR,0.9204,1726.53,2/23/2022,Pending,posuere cubilia curae mauris viverra diam vitae quam suspendisse potenti nullam porttitor lacus at turpis donec posuere metus,Centimia,blandit ultrices enim lorem ipsum dolor sit amet consectetuer adipiscing elit proin interdum mauris,Maisey Pickerin,mpickerinq6@tripadvisor.com,979-892-9394,312 Pankratz Junction,Ríohacha,,440017
944,3565416848620232,Mastercard,1/27/2022,316,Forester Davinet,0 Mallory Center,Atap,,,Indonesia,782.97,1/3/2030,Einti,Retail,sit amet lobortis sapien sapien non mi integer ac neque,Refund,IDR,1.3689,6186.14,2/3/2030,Declined,vivamus in felis eu sapien cursus vestibulum proin eu mi nulla ac enim in tempor turpis nec euismod scelerisque,Miboo,ut volutpat sapien arcu sed augue aliquam erat volutpat in congue etiam justo etiam pretium,Nickie Donan,ndonanq7@ucoz.com,943-163-5881,96862 Cardinal Lane,‘Irbīn,,
945,67623341168563173,Mastercard,1/13/2023,137,Linet Smales,36980 Jay Park,Calachuchi,,5410,Philippines,6658.44,2/13/2029,Twitterbridge,Travel,pellentesque quisque porta volutpat erat quisque erat eros viverra eget congue eget semper rutrum nulla nunc purus phasellus,Refund,PHP,1.6889,5069.96,1/13/2023,Declined,integer ac neque duis bibendum morbi non quam nec dui luctus rutrum nulla tellus in sagittis dui vel nisl duis,Ozu,nunc commodo placerat praesent blandit nam nulla integer pede justo lacinia eget tincidunt eget tempus vel pede morbi,Gus Howen,ghowenq8@cisco.com,835-574-5244,377 Quincy Way,Thanh Chương,,
946,3548508603839536,Visa,4/23/2028,296,Hilly Gemlbett,24 Waywood Alley,Dauphin,MB,R7N,Canada,6872.62,1/17/2024,Topiclounge,Dining,sapien urna pretium nisl ut volutpat sapien arcu sed augue aliquam erat volutpat in congue etiam,Cash Advance,CAD,1.5546,9552.35,8/10/2027,Declined,amet consectetuer adipiscing elit proin risus praesent lectus vestibulum quam sapien varius ut,Pixoboo,ac consequat metus sapien ut nunc vestibulum ante ipsum primis in,Marianne Aleveque,malevequeq9@over-blog.com,163-382-5898,4055 Meadow Valley Place,Icononzo,,734028
947,3532752443155350,Visa,4/29/2027,929,Olympie Latehouse,8868 Rusk Park,Lojigawaran,,,Indonesia,2592.82,3/21/2026,Latz,Retail,vestibulum ante ipsum primis in faucibus orci luctus et ultrices posuere,Purchase,IDR,1.2723,5500.06,7/10/2022,Pending,cras pellentesque volutpat dui maecenas tristique est et tempus semper est quam pharetra magna ac consequat metus sapien,Voonyx,odio condimentum id luctus nec molestie sed justo pellentesque viverra pede ac diam cras,Hilliary Dafter,hdafterqa@icq.com,905-857-9973,43 Farwell Trail,Eleftheroúpolis,,
948,6333954266783160262,Mastercard,8/1/2030,132,King Horsburgh,74 Hudson Street,Basar,,,China,3994.23,9/24/2023,Tazz,Entertainment,nibh ligula nec sem duis aliquam convallis nunc proin at turpis,Refund,CNY,1.3805,4440.56,6/26/2028,Declined,nunc vestibulum ante ipsum primis in faucibus orci luctus et ultrices posuere cubilia curae mauris viverra diam vitae,Centimia,nunc viverra dapibus nulla suscipit ligula in lacus curabitur at ipsum ac tellus semper,Caprice Odger,codgerqb@prweb.com,237-356-1831,351 Tennyson Parkway,Zavrč,,2283
949,491165966908766078,Visa,11/13/2022,470,Winston Hanbury-Brown,62888 Kensington Pass,Tomelilla,M,273 30,Sweden,9182.93,9/15/2024,Kimia,Retail,morbi quis tortor id nulla ultrices aliquet maecenas leo odio condimentum id luctus nec molestie sed justo pellentesque viverra,Refund,SEK,1.6112,3937.6,3/28/2030,Pending,leo odio condimentum id luctus nec molestie sed justo pellentesque viverra pede,Jaxnation,quam pharetra magna ac consequat metus sapien ut nunc vestibulum ante ipsum primis,Katha Bonhan,kbonhanqc@howstuffworks.com,392-888-6627,23 Washington Alley,Borūjen,,
950,3534871506448151,American Express,12/29/2029,630,Zea Stanton,85 Forest Run Place,Graz,06,8042,Austria,8323.51,8/13/2024,Yakitri,Entertainment,morbi non lectus aliquam sit amet diam in magna bibendum imperdiet nullam orci pede venenatis non sodales sed,Refund,EUR,0.8837,6931.93,2/25/2023,Pending,consequat ut nulla sed accumsan felis ut at dolor quis odio consequat varius,Riffpedia,mauris enim leo rhoncus sed vestibulum sit amet cursus id turpis integer aliquet massa id lobortis convallis tortor risus dapibus,Rona Andreichik,randreichikqd@live.com,816-900-4073,94 Florence Hill,Seres,,7109
951,3588731415833148,Mastercard,5/9/2026,423,Smitty Lillicrop,84064 Nevada Plaza,Chengqu,,,China,448.82,6/1/2026,Linkbridge,Retail,primis in faucibus orci luctus et ultrices posuere cubilia curae mauris viverra diam vitae,Purchase,CNY,0.5861,7001.06,11/25/2028,Approved,sit amet eleifend pede libero quis orci nullam molestie nibh in lectus pellentesque,Jabbertype,semper sapien a libero nam dui proin leo odio porttitor id consequat in consequat ut nulla sed accumsan felis,Lisbeth Castard,lcastardqe@smh.com.au,848-490-8091,811 Fair Oaks Circle,Aracruz,,29190-000
952,4936405074248415546,American Express,5/5/2025,300,Ophelia Worsnop,386 Graedel Parkway,Jianshe,,,China,3522.91,4/10/2025,Photobean,Entertainment,suspendisse ornare consequat lectus in est risus auctor sed tristique in,Purchase,CNY,1.1497,3368.93,7/25/2026,Declined,lacinia aenean sit amet justo morbi ut odio cras mi pede malesuada in,Thoughtblab,id ligula suspendisse ornare consequat lectus in est risus auctor sed tristique in tempus sit amet sem fusce consequat,Theodor Ahrendsen,tahrendsenqf@wikia.com,281-302-1525,27815 Roth Center,Yiyang,,
953,6379623096101091,Mastercard,5/31/2024,191,Truda Sturt,4013 Troy Junction,Golovinskiy,,141707,Russia,5936.65,5/31/2030,Midel,Travel,enim in tempor turpis nec euismod scelerisque quam turpis adipiscing lorem vitae mattis nibh ligula nec sem duis aliquam,Purchase,RUB,0.6377,4969.54,6/3/2022,Approved,hendrerit at vulputate vitae nisl aenean lectus pellentesque eget nunc,Einti,justo etiam pretium iaculis justo in hac habitasse platea dictumst,Pincas Whitecross,pwhitecrossqg@soup.io,743-312-5905,13493 Parkside Drive,Chone,,
954,3535780893640644,Visa,11/14/2027,729,Harri Botwood,1 Bunting Park,Mainz,RP,55124,Germany,4393.13,7/9/2024,Linklinks,Dining,orci luctus et ultrices posuere cubilia curae donec pharetra magna vestibulum aliquet ultrices erat,Cash Advance,EUR,1.7852,8644.03,3/4/2026,Pending,non mauris morbi non lectus aliquam sit amet diam in magna bibendum imperdiet nullam orci pede venenatis non sodales sed,Ainyx,cras pellentesque volutpat dui maecenas tristique est et tempus semper,Germaine Edinburgh,gedinburghqh@wikia.com,342-454-6318,93 Porter Trail,Turka,,
955,4936861612006276,American Express,8/10/2025,329,Alberto Astill,3564 Anhalt Trail,Sugihmukti,,,Indonesia,8779.69,9/14/2023,Realfire,Travel,nisi venenatis tristique fusce congue diam id ornare imperdiet sapien urna,Purchase,IDR,1.2032,5565.09,7/18/2026,Declined,sed accumsan felis ut at dolor quis odio consequat varius integer ac leo pellentesque ultrices mattis odio donec vitae,Abata,in hac habitasse platea dictumst morbi vestibulum velit id pretium iaculis diam erat fermentum justo nec condimentum,Porty Kener,pkenerqi@apple.com,700-725-3096,9 Village Green Junction,Cisalakdesa,,
956,5558716373625348,Mastercard,8/29/2029,629,Iolanthe Pesticcio,1 Stephen Junction,Namalenga,,,Tanzania,3912.31,11/6/2028,Zooveo,Travel,pellentesque quisque porta volutpat erat quisque erat eros viverra eget congue eget semper rutrum nulla nunc purus phasellus in,Cash Advance,TZS,1.0195,9428.28,4/3/2024,Declined,orci luctus et ultrices posuere cubilia curae mauris viverra diam vitae quam suspendisse potenti nullam porttitor lacus at,Yodo,vel pede morbi porttitor lorem id ligula suspendisse ornare consequat,Colin Swigger,cswiggerqj@nsw.gov.au,775-603-8955,2 4th Point,Gorelovo,,644091
957,3570628255592596,Visa,12/25/2025,874,Frederica Bonin,0 Green Ridge Parkway,Montréal-Ouest,QC,H5B,Canada,4135.21,12/29/2023,Babbleopia,Retail,eleifend donec ut dolor morbi vel lectus in quam fringilla rhoncus mauris enim leo rhoncus,Cash Advance,CAD,1.0788,4137.04,4/12/2029,Approved,ipsum primis in faucibus orci luctus et ultrices posuere cubilia curae nulla dapibus dolor vel,Leexo,nisi vulputate nonummy maecenas tincidunt lacus at velit vivamus vel nulla eget eros elementum pellentesque,Anallese Rollinson,arollinsonqk@homestead.com,556-225-5514,2664 Rigney Way,Raub,PHG,27620
958,502040852517678323,Visa,3/26/2030,384,Viviyan Conville,198 Bultman Alley,Buang,,1224,Philippines,8482.58,12/15/2030,Cogilith,Retail,ante vestibulum ante ipsum primis in faucibus orci luctus et ultrices posuere cubilia,Refund,PHP,0.6518,3207.53,9/22/2022,Declined,leo odio condimentum id luctus nec molestie sed justo pellentesque viverra pede ac,Skaboo,in est risus auctor sed tristique in tempus sit amet sem fusce consequat nulla nisl nunc nisl duis bibendum,Lisha De Paoli,ldeql@yolasite.com,226-325-6375,5 Leroy Avenue,Bošnjaci,,32275
959,4175009784093785,American Express,2/15/2023,510,Hildagarde Pulfer,8 Spenser Court,Matumadua,,,Indonesia,6666.4,1/3/2024,Shuffletag,Entertainment,curabitur gravida nisi at nibh in hac habitasse platea dictumst aliquam augue quam sollicitudin vitae consectetuer eget,Purchase,IDR,1.1989,1208.28,1/29/2025,Declined,vel ipsum praesent blandit lacinia erat vestibulum sed magna at nunc,Gabvine,cras pellentesque volutpat dui maecenas tristique est et tempus semper est quam pharetra magna ac consequat metus sapien ut,Addison Mollatt,amollattqm@paginegialle.it,338-509-4978,7180 Grover Terrace,Ayotupas,,
960,3541963672975629,Visa,7/12/2030,841,Coretta Mettericke,313 Buena Vista Point,Amga,,678600,Russia,2805.21,8/10/2027,Edgeblab,Entertainment,sit amet eros suspendisse accumsan tortor quis turpis sed ante vivamus tortor duis mattis egestas metus aenean fermentum donec ut,Cash Advance,RUB,1.6186,4093.22,7/25/2028,Declined,suspendisse potenti in eleifend quam a odio in hac habitasse platea dictumst,Demizz,pede justo lacinia eget tincidunt eget tempus vel pede morbi porttitor lorem,Melinda Radborn,mradbornqn@cam.ac.uk,327-935-3005,827 Hoffman Road,Campo Alegre,,89294-000
961,5100134593991883,American Express,1/10/2027,871,Torr Routham,34235 Thackeray Drive,Oji River,,,Nigeria,1997.83,6/27/2030,Centizu,Travel,augue aliquam erat volutpat in congue etiam justo etiam pretium iaculis justo in hac,Refund,NGN,0.9719,7729.83,7/6/2024,Declined,congue elementum in hac habitasse platea dictumst morbi vestibulum velit id pretium iaculis diam,Oloo,at velit vivamus vel nulla eget eros elementum pellentesque quisque,Ardene Eggerton,aeggertonqo@imgur.com,679-880-6289,3 Bultman Court,La Azulita,,
962,3534698865326268,Mastercard,10/4/2027,535,Maggie Coghill,79324 Pawling Point,Nglorogan,,,Indonesia,8454.25,1/26/2025,Oloo,Travel,urna pretium nisl ut volutpat sapien arcu sed augue aliquam,Refund,IDR,1.6497,2228.14,12/22/2028,Approved,ultrices libero non mattis pulvinar nulla pede ullamcorper augue a suscipit nulla elit ac nulla sed vel enim sit amet,Rhyzio,in faucibus orci luctus et ultrices posuere cubilia curae mauris viverra diam vitae,Fanny Aloway,falowayqp@ow.ly,587-726-5990,9 Tony Parkway,Palanas,,5404
963,5344468641840015,Visa,6/1/2022,220,Coriss Bassingden,54 Menomonie Pass,Iogach,,649154,Russia,3299.83,1/26/2026,Shuffledrive,Travel,amet diam in magna bibendum imperdiet nullam orci pede venenatis non sodales sed,Cash Advance,RUB,1.4575,54.4,4/28/2028,Pending,maecenas pulvinar lobortis est phasellus sit amet erat nulla tempus vivamus in felis,Livefish,ut ultrices vel augue vestibulum ante ipsum primis in faucibus orci luctus et ultrices,Aliza Stook,astookqq@epa.gov,797-988-0403,5 Banding Center,Misawa,,992-1202
964,201810611937490,Visa,4/25/2028,589,Dacy Eliesco,8 Mandrake Road,Xingpinglu,,,China,2225.41,7/24/2028,Oyoloo,Dining,tellus nulla ut erat id mauris vulputate elementum nullam varius nulla facilisi cras non velit nec nisi vulputate nonummy maecenas,Cash Advance,CNY,1.6521,1534.28,6/21/2027,Approved,mauris eget massa tempor convallis nulla neque libero convallis eget eleifend,Skivee,quis lectus suspendisse potenti in eleifend quam a odio in hac habitasse platea dictumst maecenas ut,Sheff Pionter,spionterqr@microsoft.com,705-962-3413,00553 Knutson Trail,Mamoudzou,,97680
965,3539929911181281,American Express,3/17/2023,877,Aubert Crumb,58408 Larry Center,Waterbury,CT,06721,United States,2252.84,9/18/2024,Quire,Dining,quis tortor id nulla ultrices aliquet maecenas leo odio condimentum id,Refund,USD,1.0331,5802.13,12/14/2030,Approved,felis eu sapien cursus vestibulum proin eu mi nulla ac enim in tempor turpis nec euismod scelerisque quam,Voomm,a suscipit nulla elit ac nulla sed vel enim sit,Valentijn Claypole,vclaypoleqs@cdc.gov,203-291-9763,21 3rd Lane,Isesaki,,321-4342
966,36808391462425,American Express,12/21/2023,800,Evita Goldin,7787 Stone Corner Plaza,Rassvet,,140482,Russia,3580.81,3/29/2024,Twiyo,Dining,volutpat quam pede lobortis ligula sit amet eleifend pede libero quis orci nullam molestie nibh in lectus pellentesque,Purchase,RUB,1.1172,2842.22,1/29/2030,Approved,elementum pellentesque quisque porta volutpat erat quisque erat eros viverra eget congue eget semper rutrum nulla,Twitternation,mollis molestie lorem quisque ut erat curabitur gravida nisi at nibh,Royal Emnoney,remnoneyqt@google.it,920-179-4280,923 Old Gate Junction,Qixian,,
967,3544043064264820,Mastercard,4/18/2025,748,Eden Look,585 Oxford Place,Xufeng,,,China,4330.64,1/22/2028,Rhynyx,Entertainment,etiam justo etiam pretium iaculis justo in hac habitasse platea dictumst etiam faucibus cursus,Cash Advance,CNY,0.7496,7001.45,3/7/2027,Declined,justo maecenas rhoncus aliquam lacus morbi quis tortor id nulla ultrices aliquet,Cogilith,lacinia aenean sit amet justo morbi ut odio cras mi pede malesuada in,Marissa Fisby,mfisbyqu@wikimedia.org,114-452-1357,19331 Manufacturers Pass,Jincheng,,
968,3580166191323717,Mastercard,8/18/2030,758,Pierre Lehrahan,2851 Eagle Crest Parkway,Yayao,,,China,5906.46,9/16/2022,Lazz,Retail,orci eget orci vehicula condimentum curabitur in libero ut massa volutpat convallis morbi,Refund,CNY,0.5244,4351.61,4/11/2022,Pending,cubilia curae nulla dapibus dolor vel est donec odio justo sollicitudin ut suscipit a feugiat et eros vestibulum,Zoozzy,tellus nisi eu orci mauris lacinia sapien quis libero nullam sit amet turpis elementum ligula vehicula,Barret Claisse,bclaisseqv@mlb.com,773-902-7307,5330 3rd Street,Batutulis,,
969,372301086040112,American Express,6/23/2030,707,Octavia O'Shee,74412 Kinsman Parkway,Garango,,,Burkina Faso,6489.42,10/29/2023,Mycat,Travel,pharetra magna ac consequat metus sapien ut nunc vestibulum ante ipsum primis,Cash Advance,XOF,1.2961,2845.55,9/13/2026,Approved,dapibus dolor vel est donec odio justo sollicitudin ut suscipit a feugiat et eros vestibulum ac est lacinia nisi venenatis,Pixoboo,morbi vestibulum velit id pretium iaculis diam erat fermentum justo nec,Jaye Semrad,jsemradqw@homestead.com,300-275-6594,9710 Mariners Cove Lane,Bell Ville,,2550
970,3543297947336962,Visa,6/14/2024,250,Lorilee Toombs,88 Express Court,Luhans’ke,,,Ukraine,8290.34,4/30/2026,Zava,Travel,aenean lectus pellentesque eget nunc donec quis orci eget orci vehicula condimentum curabitur in libero,Cash Advance,UAH,1.7358,847.46,8/28/2027,Declined,ligula nec sem duis aliquam convallis nunc proin at turpis a pede posuere nonummy integer non velit,Meevee,lacinia aenean sit amet justo morbi ut odio cras mi pede malesuada in imperdiet et commodo vulputate,Alejoa Buck,abuckqx@printfriendly.com,154-440-5651,8 Buena Vista Alley,Onitsha,,
971,4936964008841614579,Visa,12/30/2025,321,Ahmad Eathorne,4 Prairieview Parkway,Rakhiv,,,Ukraine,1589.26,9/9/2023,Agimba,Travel,ante ipsum primis in faucibus orci luctus et ultrices posuere cubilia curae donec pharetra magna vestibulum aliquet ultrices erat,Refund,UAH,0.5528,3955.22,9/16/2026,Approved,non ligula pellentesque ultrices phasellus id sapien in sapien iaculis congue vivamus metus,Meedoo,viverra pede ac diam cras pellentesque volutpat dui maecenas tristique est et tempus semper est quam pharetra magna ac consequat,Mikol O'Heagertie,moheagertieqy@ezinearticles.com,649-857-0159,4800 Nobel Way,Cidikit Girang,,
972,5100140065007066,American Express,3/12/2030,228,Xylina Stripling,8 Dryden Court,Nkpor,,,Nigeria,4717.54,7/6/2025,Quatz,Entertainment,eleifend donec ut dolor morbi vel lectus in quam fringilla rhoncus,Cash Advance,NGN,1.2248,2815.37,7/18/2029,Declined,auctor gravida sem praesent id massa id nisl venenatis lacinia aenean sit amet justo morbi ut odio cras,Eabox,nisi nam ultrices libero non mattis pulvinar nulla pede ullamcorper augue a suscipit nulla,Abigale Greensmith,agreensmithqz@biglobe.ne.jp,527-776-0277,1 Muir Way,Mingcheng,,
973,4844076468509676,Mastercard,2/1/2023,732,Chadwick Doag,5 Burrows Center,Fria,,,Guinea,7592.81,1/27/2023,Pixope,Dining,at dolor quis odio consequat varius integer ac leo pellentesque ultrices mattis odio donec vitae,Purchase,GNF,1.556,6402.57,12/11/2025,Pending,quam pede lobortis ligula sit amet eleifend pede libero quis orci nullam,Trilia,elit sodales scelerisque mauris sit amet eros suspendisse accumsan tortor quis turpis sed ante vivamus tortor duis mattis,Barbara Olivet,bolivetr0@oaic.gov.au,583-426-7236,11989 Vernon Plaza,Tongqiao,,
974,676215078958369575,American Express,6/7/2027,867,Rudy Treadgall,2204 Crest Line Crossing,Huertas,,,Peru,876.12,7/25/2026,Thoughtbeat,Travel,turpis eget elit sodales scelerisque mauris sit amet eros suspendisse accumsan tortor quis turpis sed ante vivamus,Refund,PEN,1.0642,4820.37,5/9/2030,Approved,aliquet at feugiat non pretium quis lectus suspendisse potenti in eleifend,Youfeed,rutrum at lorem integer tincidunt ante vel ipsum praesent blandit lacinia erat vestibulum sed magna at nunc commodo placerat praesent,Chandra Thorby,cthorbyr1@devhub.com,860-137-0224,4755 Parkside Street,Kasturi,,
975,3553306894567938,American Express,4/26/2030,426,Melita Ruppelin,09198 West Street,Maharagama,,10280,Sri Lanka,6056.25,4/24/2022,Blognation,Travel,ultrices enim lorem ipsum dolor sit amet consectetuer adipiscing elit proin interdum mauris non,Refund,LKR,0.7707,5594.78,10/25/2027,Approved,tristique fusce congue diam id ornare imperdiet sapien urna pretium nisl ut volutpat sapien arcu sed augue aliquam erat volutpat,Photobug,mattis pulvinar nulla pede ullamcorper augue a suscipit nulla elit ac nulla sed vel enim sit amet,Richart Janssen,rjanssenr2@bloglines.com,237-161-0737,23 Texas Plaza,Bang Krathum,,65110
976,3541938074508160,Visa,2/24/2025,452,Bea Panas,68 Bonner Parkway,Balboa,,662017,Colombia,1883.24,5/18/2022,Yodo,Retail,penatibus et magnis dis parturient montes nascetur ridiculus mus etiam vel augue vestibulum rutrum rutrum neque aenean auctor gravida,Refund,COP,0.9915,2776.9,6/4/2027,Pending,nibh in lectus pellentesque at nulla suspendisse potenti cras in purus,Avaveo,pede lobortis ligula sit amet eleifend pede libero quis orci nullam molestie nibh,Kahaleel Hubbock,khubbockr3@topsy.com,811-773-7607,2 Sunbrook Court,Łapanów,,32-740
977,676306579364322355,American Express,12/13/2022,746,Deni Farington,6110 Corry Avenue,Motong,,,Indonesia,1977.8,6/17/2026,Oyoba,Entertainment,rhoncus aliquet pulvinar sed nisl nunc rhoncus dui vel sem sed sagittis nam congue risus semper porta volutpat quam,Refund,IDR,0.8156,2422.18,7/19/2030,Pending,luctus et ultrices posuere cubilia curae donec pharetra magna vestibulum aliquet ultrices erat tortor sollicitudin mi sit amet,Jaxspan,eu massa donec dapibus duis at velit eu est congue elementum in hac habitasse platea dictumst morbi,Kermie Swayte,kswayter4@epa.gov,402-681-3044,9530 Kropf Street,Portland,OR,97296
978,67096316291794851,Mastercard,7/7/2022,175,Otes Binyon,2 American Trail,Tyret’ Pervaya,,666330,Russia,3511.52,8/23/2028,Skinte,Dining,in consequat ut nulla sed accumsan felis ut at dolor quis odio consequat,Refund,RUB,1.4546,8072.33,2/27/2029,Pending,varius nulla facilisi cras non velit nec nisi vulputate nonummy maecenas tincidunt lacus at velit vivamus vel nulla,Oyondu,sed vel enim sit amet nunc viverra dapibus nulla suscipit ligula in lacus curabitur at ipsum ac tellus,Hermon Gainor,hgainorr5@ycombinator.com,183-475-7535,1 Rockefeller Pass,Gukovo,,347879
979,3584952366200061,American Express,12/13/2030,783,Bethanne Stening,3212 Oak Valley Circle,Brusyliv,,,Ukraine,2179.57,2/15/2026,Dynabox,Dining,est risus auctor sed tristique in tempus sit amet sem fusce consequat nulla nisl nunc nisl,Purchase,UAH,1.9366,5712.09,6/29/2025,Approved,leo odio porttitor id consequat in consequat ut nulla sed accumsan felis ut at dolor quis odio,Thoughtbridge,luctus et ultrices posuere cubilia curae donec pharetra magna vestibulum aliquet ultrices erat tortor sollicitudin,Barron Murname,bmurnamer6@telegraph.co.uk,347-515-8221,61 Warner Alley,Zhamao,,
980,3543760174524329,Mastercard,10/2/2027,774,Therine Siggin,393 Golf Road,Al Ḩudaydah,,,Yemen,9642.94,8/1/2028,Zoonoodle,Dining,sit amet nulla quisque arcu libero rutrum ac lobortis vel dapibus at,Cash Advance,YER,0.6239,2677.96,7/31/2029,Approved,convallis nunc proin at turpis a pede posuere nonummy integer non velit donec diam neque,Brightbean,velit id pretium iaculis diam erat fermentum justo nec condimentum neque sapien,Darrell Dyet,ddyetr7@rediff.com,493-907-4502,8 Beilfuss Place,Pridonskoy,,394091
981,3585153294350552,Visa,5/31/2029,302,Dollie Petheridge,6744 Derek Road,Xuji,,,China,2184.58,7/14/2023,Dabfeed,Dining,lectus pellentesque at nulla suspendisse potenti cras in purus eu magna vulputate luctus cum sociis,Cash Advance,CNY,1.615,7772.27,11/25/2028,Pending,nec molestie sed justo pellentesque viverra pede ac diam cras pellentesque volutpat dui,Myworks,mauris viverra diam vitae quam suspendisse potenti nullam porttitor lacus at turpis donec posuere metus,Iormina Stenet,istenetr8@edublogs.org,263-854-8632,88 Larry Road,Xambabazar,,
982,5157723322159861,Mastercard,5/21/2023,699,Brade Dobeson,9 Mayfield Road,Twardawa,,47-340,Poland,9592.05,6/10/2022,Twitterworks,Retail,morbi vel lectus in quam fringilla rhoncus mauris enim leo rhoncus sed vestibulum sit amet cursus id turpis integer,Purchase,PLN,0.5661,3096.33,10/11/2025,Approved,maecenas tristique est et tempus semper est quam pharetra magna ac consequat metus sapien,Flipstorm,morbi sem mauris laoreet ut rhoncus aliquet pulvinar sed nisl nunc rhoncus,Amil Capnerhurst,acapnerhurstr9@blogspot.com,237-730-7093,7345 Anhalt Center,Luoting,,
983,4175004736485783,Mastercard,3/2/2030,197,Rosalinde Mynett,774 Debra Pass,Kurunegala,,60000,Sri Lanka,115.82,3/2/2027,Quaxo,Dining,dui nec nisi volutpat eleifend donec ut dolor morbi vel lectus in quam fringilla rhoncus mauris enim leo rhoncus sed,Refund,LKR,1.1833,8670.46,7/10/2028,Approved,felis eu sapien cursus vestibulum proin eu mi nulla ac enim in tempor,Youspan,imperdiet sapien urna pretium nisl ut volutpat sapien arcu sed augue aliquam erat volutpat in,Emilio Ough,eoughra@e-recht24.de,540-789-2474,4701 Menomonie Crossing,Wuyang,,
984,30292865090689,American Express,11/19/2023,152,Tressa Salzberg,6 Towne Hill,Changxing,,,China,8237.59,7/23/2022,Twinte,Travel,penatibus et magnis dis parturient montes nascetur ridiculus mus etiam vel augue vestibulum rutrum,Refund,CNY,1.9723,7542.37,9/18/2022,Pending,vulputate ut ultrices vel augue vestibulum ante ipsum primis in faucibus orci luctus et ultrices posuere cubilia,Skilith,eu massa donec dapibus duis at velit eu est congue elementum in,Mignon Crush,mcrushrb@t-online.de,620-654-6087,11 Pleasure Park,Gandara,,6706
985,3573724868349628,Visa,3/23/2028,562,Ellary Merkle,474 Hanover Lane,Boguchar,,396779,Russia,4737.4,10/22/2023,Kanoodle,Retail,orci pede venenatis non sodales sed tincidunt eu felis fusce posuere felis sed lacus morbi sem,Cash Advance,RUB,1.6167,6568.45,9/17/2027,Approved,a feugiat et eros vestibulum ac est lacinia nisi venenatis tristique,Wikizz,feugiat et eros vestibulum ac est lacinia nisi venenatis tristique fusce,Keriann Billingham,kbillinghamrc@boston.com,421-300-3336,95 Waubesa Plaza,Szeged,CS,6748
986,5038850681447952170,American Express,9/10/2022,240,Carlee Brahm,03 Stang Junction,Yunxi,,,China,2664.26,11/16/2022,Thoughtstorm,Travel,pretium nisl ut volutpat sapien arcu sed augue aliquam erat volutpat in congue etiam justo etiam pretium iaculis,Cash Advance,CNY,1.4946,4530.58,5/10/2027,Pending,odio porttitor id consequat in consequat ut nulla sed accumsan felis ut,Lazzy,nisi eu orci mauris lacinia sapien quis libero nullam sit amet turpis elementum ligula vehicula consequat morbi a ipsum,Ronald Guwer,rguwerrd@symantec.com,723-620-2283,20 Memorial Hill,Villaba,,6537
987,374288575365001,American Express,6/13/2025,482,Heinrik Carleton,217 La Follette Avenue,Tovarkovskiy,,301822,Russia,4709.14,4/27/2029,Realmix,Dining,turpis a pede posuere nonummy integer non velit donec diam neque vestibulum eget vulputate ut,Cash Advance,RUB,0.9087,8865.22,12/8/2025,Declined,consequat morbi a ipsum integer a nibh in quis justo maecenas rhoncus aliquam lacus morbi quis tortor id nulla ultrices,Aimbo,vestibulum ante ipsum primis in faucibus orci luctus et ultrices posuere cubilia,Dexter Sygrove,dsygrovere@skyrock.com,891-869-1893,9586 Wayridge Avenue,Jaffna,,40000
988,6759811261802011,Mastercard,5/23/2030,780,Ezequiel Voice,0689 Village Road,Chikeng,,,China,4427.36,6/19/2029,Edgewire,Dining,at ipsum ac tellus semper interdum mauris ullamcorper purus sit amet,Refund,CNY,0.8295,3554.04,2/10/2028,Declined,parturient montes nascetur ridiculus mus etiam vel augue vestibulum rutrum rutrum neque aenean auctor gravida,Vipe,a libero nam dui proin leo odio porttitor id consequat in consequat ut nulla sed accumsan felis ut,Billy Pedlingham,bpedlinghamrf@geocities.com,686-240-5847,91 Buell Lane,Camgyai,,
989,3551597436662144,Visa,7/15/2027,505,Simeon Plumer,5666 Forest Run Crossing,Olyshivka,,,Ukraine,5707.31,8/4/2028,Abata,Travel,neque libero convallis eget eleifend luctus ultricies eu nibh quisque id justo sit amet sapien dignissim vestibulum,Refund,UAH,0.7143,4320.02,5/27/2028,Declined,in hac habitasse platea dictumst morbi vestibulum velit id pretium iaculis diam erat,Mydo,pellentesque at nulla suspendisse potenti cras in purus eu magna vulputate luctus cum sociis natoque penatibus et magnis dis parturient,Reagen McKeller,rmckellerrg@nbcnews.com,612-825-5046,9540 Gerald Drive,Jianshe,,
990,30049206928872,Visa,8/1/2027,457,Karlen Duffyn,10876 Ridgeway Drive,Dachang,,,China,72.34,5/4/2027,Photobug,Entertainment,posuere felis sed lacus morbi sem mauris laoreet ut rhoncus aliquet pulvinar sed nisl nunc rhoncus dui vel,Cash Advance,CNY,0.65,8107.93,7/8/2027,Approved,nec sem duis aliquam convallis nunc proin at turpis a pede posuere nonummy integer non velit donec diam,Jamia,sagittis sapien cum sociis natoque penatibus et magnis dis parturient montes nascetur ridiculus mus,Etienne Tong,etongrh@zdnet.com,831-696-1898,8 Rigney Alley,Eido,13,4600-596
991,5100136109745224,American Express,3/4/2030,128,Shandeigh Elvidge,14927 Westerfield Park,Ponta Delgada,42,9500-014,Portugal,8981.81,10/24/2022,Browsetype,Entertainment,enim blandit mi in porttitor pede justo eu massa donec,Cash Advance,EUR,0.6081,7903.77,8/15/2027,Pending,ut blandit non interdum in ante vestibulum ante ipsum primis in,Gabvine,vehicula condimentum curabitur in libero ut massa volutpat convallis morbi odio odio elementum eu interdum eu,Dorry Margrie,dmargrieri@privacy.gov.au,781-767-4341,18832 Merrick Crossing,Norcasia,,175007
992,3558158171318138,Mastercard,8/8/2025,767,Carine Eyers,7 Shasta Terrace,Revava,,,Israel,4924.6,9/8/2028,Aivee,Entertainment,convallis duis consequat dui nec nisi volutpat eleifend donec ut dolor morbi vel lectus in quam fringilla,Purchase,ILS,0.647,1736.14,3/9/2028,Pending,nulla sed accumsan felis ut at dolor quis odio consequat varius integer ac leo pellentesque ultrices,Riffpedia,massa id lobortis convallis tortor risus dapibus augue vel accumsan tellus nisi eu orci,Ring Sanbrooke,rsanbrookerj@paginegialle.it,749-849-2171,39326 Westerfield Way,Hägersten,AB,126 41
993,201713277282385,American Express,3/12/2026,678,Thibaut Renard,4455 Esker Road,Qinling Jieban,,,China,782.86,8/25/2028,Skajo,Retail,condimentum neque sapien placerat ante nulla justo aliquam quis turpis eget elit sodales scelerisque mauris,Purchase,CNY,0.5775,6121.77,1/9/2022,Declined,suspendisse potenti in eleifend quam a odio in hac habitasse platea dictumst maecenas ut massa quis augue luctus tincidunt,Gabtype,praesent blandit nam nulla integer pede justo lacinia eget tincidunt eget tempus vel pede,Lizbeth Malacrida,lmalacridark@imdb.com,725-934-8234,18 Heath Hill,Huxingshan,,
994,5100179782806210,Mastercard,5/30/2028,407,Sybil Scarlet,6 Jenna Junction,Zhuravka,,,Ukraine,8576.24,11/6/2027,Zoomdog,Entertainment,ac consequat metus sapien ut nunc vestibulum ante ipsum primis in faucibus orci,Refund,UAH,1.6116,20.69,11/18/2026,Pending,fusce consequat nulla nisl nunc nisl duis bibendum felis sed interdum venenatis turpis enim blandit mi,Oyoba,eu est congue elementum in hac habitasse platea dictumst morbi vestibulum,Wolfie Arnely,warnelyrl@github.io,856-937-7536,5 Warbler Court,Logovskoye,,671633
995,3556720865598614,American Express,8/18/2025,743,Timoteo Lister,2883 Clemons Lane,Khonj,,,Iran,4001.76,8/8/2024,Vipe,Dining,odio odio elementum eu interdum eu tincidunt in leo maecenas pulvinar lobortis est phasellus sit,Refund,IRR,1.3757,2475.69,1/25/2025,Pending,faucibus orci luctus et ultrices posuere cubilia curae duis faucibus accumsan odio curabitur convallis duis consequat,Kamba,et ultrices posuere cubilia curae donec pharetra magna vestibulum aliquet ultrices erat tortor sollicitudin mi sit amet lobortis sapien sapien,Tymothy Lothean,tlotheanrm@businessweek.com,718-600-0855,246 Northland Hill,Güines,,
996,201504255551879,Mastercard,7/5/2027,862,Munroe Bendon,6059 Granby Street,Shigou,,,China,3825.37,10/9/2027,Rhybox,Dining,felis eu sapien cursus vestibulum proin eu mi nulla ac enim,Cash Advance,CNY,1.6535,9378.16,11/18/2025,Approved,tortor sollicitudin mi sit amet lobortis sapien sapien non mi integer ac neque duis,Voomm,nulla neque libero convallis eget eleifend luctus ultricies eu nibh quisque id justo,Mela Leeke,mleekern@sina.com.cn,236-134-0325,90160 Sunnyside Terrace,Buikwe,,
997,3541899062375097,Mastercard,12/27/2030,476,Tomaso McGrann,89324 Graceland Parkway,Al ‘Ayzarīyah,,,Palestinian Territory,5039.69,8/21/2026,Devbug,Retail,neque vestibulum eget vulputate ut ultrices vel augue vestibulum ante ipsum primis in faucibus orci luctus et ultrices,Refund,ILS,1.1215,8018.07,11/4/2026,Pending,congue vivamus metus arcu adipiscing molestie hendrerit at vulputate vitae nisl aenean lectus pellentesque,Meeveo,vulputate elementum nullam varius nulla facilisi cras non velit nec nisi vulputate,Netti Jancso,njancsoro@mayoclinic.com,830-330-3887,1361 Mitchell Hill,Marsabit,,
998,3544804167512153,Mastercard,4/14/2026,524,Kristian Melross,9 Pleasure Park,Lao Suea Kok,,96220,Thailand,5933.98,9/17/2022,Zooxo,Retail,nulla neque libero convallis eget eleifend luctus ultricies eu nibh quisque id justo sit amet sapien,Refund,THB,1.4263,5159.88,7/10/2024,Declined,mauris eget massa tempor convallis nulla neque libero convallis eget eleifend luctus ultricies,Ozu,donec pharetra magna vestibulum aliquet ultrices erat tortor sollicitudin mi sit amet lobortis,Darya Prendergrast,dprendergrastrp@g.co,979-111-6140,6696 Laurel Road,Sośnie,,63-435
999,6378980526046218,American Express,5/8/2028,782,Arabella Wayman,27190 Thompson Avenue,Bangjun,,,China,3424.71,4/18/2029,Shufflester,Retail,ut massa quis augue luctus tincidunt nulla mollis molestie lorem quisque ut erat curabitur,Purchase,CNY,0.8071,8640.27,5/5/2029,Declined,amet justo morbi ut odio cras mi pede malesuada in imperdiet et commodo,Plambee,consequat dui nec nisi volutpat eleifend donec ut dolor morbi vel lectus in quam,Izabel Standing,istandingrq@dedecms.com,826-274-8191,73683 Northridge Center,Lewolere,,
1000,633110576054387364,American Express,9/4/2025,853,Drona Kinnen,592 Sachs Alley,Nova Cruz,,59215-000,Brazil,296.88,7/2/2029,Twitterbeat,Entertainment,turpis elementum ligula vehicula consequat morbi a ipsum integer a nibh in quis justo maecenas rhoncus,Cash Advance,BRL,0.8413,5880.69,9/22/2022,Approved,purus phasellus in felis donec semper sapien a libero nam dui proin leo odio porttitor id consequat in,Meeveo,est donec odio justo sollicitudin ut suscipit a feugiat et eros vestibulum ac est lacinia,Nicola Seeler,nseelerrr@fotki.com,468-925-8078,69383 Dexter Road,Peso da Régua,17,5050-223
